personfinder-masterdelete_old_entries.py,"{'type': 'variable', 'line': 142, 'name': 'password', 'value': None, 'valueSrc': 'initialization', 'isInput': False}"
pyspider-master__init__.py,"{'type': 'variable', 'line': 65, 'name': 'password', 'value': None, 'valueSrc': 'initialization', 'isInput': False, 'values': ['parsed.password', None]}"
E-Commerce-Website-mastercreation.py,"{'type': 'variable', 'line': 25, 'name': 'password', 'value': None, 'valueSrc': 'initialization', 'isInput': False, 'values': ['settings_dict.get', 'settings_dict[PASSWORD]']}"
E-Commerce-Website-masterhashers.py,"{'type': 'comparison', 'line': 74, 'pairs': [['password', None]], 'test': []}"
E-Commerce-Website-mastermisc.py,"{'type': 'variable', 'line': 979, 'name': 'password', 'value': None, 'valueSrc': 'initialization', 'isInput': False, 'values': ['', ':****']}"
E-Commerce-Website-masterutil.py,"{'type': 'variable', 'line': 805, 'name': 'password', 'value': None, 'valueSrc': 'initialization', 'isInput': False}"
E-Commerce-Website-mastertarfile.py,"{'type': 'variable', 'line': 56, 'name': 'pwd', 'value': None, 'valueSrc': 'initialization', 'isInput': False}"
E-Commerce-Website-masterpyopenssl.py,"{'type': 'comparison', 'line': 434, 'pairs': [['password', None]], 'test': []}"
E-Commerce-Website-mastermisc.py,"{'type': 'variable', 'line': 979, 'name': 'password', 'value': None, 'valueSrc': 'initialization', 'isInput': False, 'values': ['', ':****']}"
E-Commerce-Website-masterutil.py,"{'type': 'variable', 'line': 805, 'name': 'password', 'value': None, 'valueSrc': 'initialization', 'isInput': False}"
E-Commerce-Website-mastertarfile.py,"{'type': 'variable', 'line': 56, 'name': 'pwd', 'value': None, 'valueSrc': 'initialization', 'isInput': False}"
E-Commerce-Website-masterpyopenssl.py,"{'type': 'comparison', 'line': 434, 'pairs': [['password', None]], 'test': []}"
major-scrapy-spiders-masterlogin.py,"{'type': 'variable', 'line': 13, 'name': 'password', 'value': '', 'valueSrc': 'initialization', 'isInput': False}"
addons-server-masterremote_settings.py,"{'type': 'variable', 'line': 17, 'name': 'password', 'value': None, 'valueSrc': 'initialization', 'isInput': False}"
addons-server-masterbackends.py,"{'type': 'comparison', 'line': 14, 'pairs': [['password', None]], 'test': []}"
OWSLib-masterwps.py,"{'type': 'comparison', 'line': 195, 'pairs': [['password', None]], 'test': []}"
Python-Django-Complete-Real-Estate-Website-masterutil.py,"{'type': 'variable', 'line': 804, 'name': 'password', 'value': None, 'valueSrc': 'initialization', 'isInput': False}"
Python-Django-Complete-Real-Estate-Website-mastertarfile.py,"{'type': 'variable', 'line': 56, 'name': 'pwd', 'value': None, 'valueSrc': 'initialization', 'isInput': False}"
Python-Django-Complete-Real-Estate-Website-masterpyopenssl.py,"{'type': 'comparison', 'line': 422, 'pairs': [['password', None]], 'test': []}"
Python-Django-Complete-Real-Estate-Website-mastercreation.py,"{'type': 'variable', 'line': 25, 'name': 'password', 'value': None, 'valueSrc': 'initialization', 'isInput': False, 'values': ['settings_dict.get', 'settings_dict[PASSWORD]']}"
Python-Django-Complete-Real-Estate-Website-masterhashers.py,"{'type': 'comparison', 'line': 74, 'pairs': [['password', None]], 'test': []}"
Python-Django-Complete-Real-Estate-Website-mastercreatesuperuser.py,"{'type': 'variable', 'line': 66, 'name': 'password', 'value': None, 'valueSrc': 'initialization', 'isInput': False}"
Python-Django-Complete-Real-Estate-Website-mastercreatesuperuser.py,"{'type': 'variable', 'line': 152, 'name': 'password', 'value': None, 'valueSrc': 'initialization', 'isInput': False}"
Python-Django-Complete-Real-Estate-Website-mastercreatesuperuser.py,"{'type': 'variable', 'line': 158, 'name': 'password', 'value': None, 'valueSrc': 'initialization', 'isInput': False}"
Python-Django-Complete-Real-Estate-Website-mastercreatesuperuser.py,"{'type': 'variable', 'line': 168, 'name': 'password', 'value': None, 'valueSrc': 'initialization', 'isInput': False}"
FlaskApiEcommerce-masterviews.py,"{'type': 'comparison', 'line': 47, 'pairs': [['password', None]], 'test': []}"
Bus-Reservation-System-mastertarfile.py,"{'type': 'variable', 'line': 54, 'name': 'pwd', 'value': None, 'valueSrc': 'initialization', 'isInput': False}"
Bus-Reservation-System-masterutil.py,"{'type': 'variable', 'line': 658, 'name': 'password', 'value': None, 'valueSrc': 'initialization', 'isInput': False}"
Bus-Reservation-System-mastertarfile.py,"{'type': 'variable', 'line': 56, 'name': 'pwd', 'value': None, 'valueSrc': 'initialization', 'isInput': False}"
Bus-Reservation-System-mastercreation.py,"{'type': 'variable', 'line': 27, 'name': 'password', 'value': None, 'valueSrc': 'initialization', 'isInput': False, 'values': ['settings_dict.get', 'settings_dict[PASSWORD]']}"
Bus-Reservation-System-masterhashers.py,"{'type': 'comparison', 'line': 77, 'pairs': [['password', None]], 'test': []}"
Bus-Reservation-System-mastercreatesuperuser.py,"{'type': 'variable', 'line': 59, 'name': 'password', 'value': None, 'valueSrc': 'initialization', 'isInput': False}"
Bus-Reservation-System-mastercreatesuperuser.py,"{'type': 'variable', 'line': 143, 'name': 'password', 'value': None, 'valueSrc': 'initialization', 'isInput': False}"
Bus-Reservation-System-mastercreatesuperuser.py,"{'type': 'variable', 'line': 149, 'name': 'password', 'value': None, 'valueSrc': 'initialization', 'isInput': False}"
Bus-Reservation-System-mastercreatesuperuser.py,"{'type': 'variable', 'line': 157, 'name': 'password', 'value': None, 'valueSrc': 'initialization', 'isInput': False}"
sNeeds-masterserializers.py,"{'type': 'comparison', 'line': 133, 'pairs': [['password', None]], 'test': []}"
E-Commerce-API-Python-masterutil.py,"{'type': 'variable', 'line': 663, 'name': 'password', 'value': None, 'valueSrc': 'initialization', 'isInput': False}"
E-Commerce-API-Python-mastertarfile.py,"{'type': 'variable', 'line': 56, 'name': 'pwd', 'value': None, 'valueSrc': 'initialization', 'isInput': False}"
djangogirls-mastermodels.py,"{'type': 'variable', 'line': 274, 'name': 'password', 'value': None, 'valueSrc': 'initialization', 'isInput': False}"
pulumi-aws-masterdirectory.py,"{'type': 'comparison', 'line': 233, 'pairs': [['password', None]], 'test': []}"
pulumi-aws-masterlocation_smb.py,"{'type': 'comparison', 'line': 109, 'pairs': [['password', None]], 'test': []}"
pulumi-aws-masterganglia_layer.py,"{'type': 'comparison', 'line': 187, 'pairs': [['password', None]], 'test': []}"
LibreHatti-d2.0p3.6serializers.py,"{'type': 'comparison', 'line': 32, 'pairs': [['password', None]], 'test': []}"
eventbrite-masterservice_account.py,"{'type': 'variable', 'line': 440, 'name': 'password', 'value': None, 'valueSrc': 'initialization', 'isInput': False}"
eventbrite-masterservice_account.py,"{'type': 'comparison', 'line': 465, 'pairs': [['password', None]], 'test': []}"
eventbrite-masterutil.py,"{'type': 'variable', 'line': 804, 'name': 'password', 'value': None, 'valueSrc': 'initialization', 'isInput': False}"
eventbrite-mastertarfile.py,"{'type': 'variable', 'line': 56, 'name': 'pwd', 'value': None, 'valueSrc': 'initialization', 'isInput': False}"
eventbrite-masterpyopenssl.py,"{'type': 'comparison', 'line': 422, 'pairs': [['password', None]], 'test': []}"
eventbrite-masterdownload.py,"{'type': 'variable', 'line': 326, 'name': 'password', 'value': None, 'valueSrc': 'initialization', 'isInput': False, 'values': ['password', '']}"
eventbrite-mastermisc.py,"{'type': 'variable', 'line': 1116, 'name': 'password', 'value': None, 'valueSrc': 'initialization', 'isInput': False, 'values': ['', ':****']}"
eventbrite-masterutil.py,"{'type': 'variable', 'line': 805, 'name': 'password', 'value': None, 'valueSrc': 'initialization', 'isInput': False}"
eventbrite-mastertarfile.py,"{'type': 'variable', 'line': 56, 'name': 'pwd', 'value': None, 'valueSrc': 'initialization', 'isInput': False}"
eventbrite-masterbuilder.py,"{'type': 'comparison', 'line': 107, 'pairs': [['password', None]], 'test': []}"
eventbrite-masterpyopenssl.py,"{'type': 'comparison', 'line': 451, 'pairs': [['password', None]], 'test': []}"
eventbrite-mastercreation.py,"{'type': 'variable', 'line': 25, 'name': 'password', 'value': None, 'valueSrc': 'initialization', 'isInput': False, 'values': ['settings_dict.get', 'settings_dict[PASSWORD]']}"
eventbrite-masterhashers.py,"{'type': 'comparison', 'line': 74, 'pairs': [['password', None]], 'test': []}"
eventbrite-masteroauth2_session.py,"{'type': 'comparison', 'line': 232, 'pairs': [['password', None]], 'test': []}"
eventbrite-masteroauth2_session.py,"{'type': 'comparison', 'line': 239, 'pairs': [['password', None]], 'test': []}"
eventbrite-master__init__.py,"{'type': 'variable', 'line': 1070, 'name': 'password', 'value': None, 'valueSrc': 'initialization', 'isInput': False}"
eventbrite-masterdatabase.py,"{'type': 'comparison', 'line': 1110, 'pairs': [['password', None]], 'test': []}"
eventbrite-masterdatabase.py,"{'type': 'comparison', 'line': 1197, 'pairs': [['password', None]], 'test': []}"
eventbrite-mastermongo_client.py,"{'type': 'variable', 'line': 519, 'name': 'password', 'value': None, 'valueSrc': 'initialization', 'isInput': False}"
eventbrite-mastermongo_client.py,"{'type': 'variable', 'line': 527, 'name': 'password', 'value': None, 'valueSrc': 'initialization', 'isInput': False, 'values': ['res[password]', 'password']}"
eventbrite-masterpyopenssl.py,"{'type': 'comparison', 'line': 437, 'pairs': [['password', None]], 'test': []}"
appier-mastergit.py,"{'type': 'variable', 'line': 227, 'name': 'password', 'value': None, 'valueSrc': 'initialization', 'isInput': False, 'values': ['parse.password', None]}"
practNLPTools-lite-mastertravis_pypi_setup.py,"{'type': 'variable', 'line': 116, 'name': 'password', 'value': None, 'valueSrc': 'initialization', 'isInput': False, 'values': ['args.password', 'getpass']}"
websauna-mastercreateuser.py,"{'type': 'variable', 'line': 94, 'name': 'password', 'value': None, 'valueSrc': 'initialization', 'isInput': False, 'values': ['argv[3]', '']}"
eCommerce-Database-mainmisc.py,"{'type': 'variable', 'line': 979, 'name': 'password', 'value': None, 'valueSrc': 'initialization', 'isInput': False, 'values': ['', ':****']}"
eCommerce-Database-mainutil.py,"{'type': 'variable', 'line': 805, 'name': 'password', 'value': None, 'valueSrc': 'initialization', 'isInput': False}"
eCommerce-Database-maintarfile.py,"{'type': 'variable', 'line': 56, 'name': 'pwd', 'value': None, 'valueSrc': 'initialization', 'isInput': False}"
eCommerce-Database-mainpyopenssl.py,"{'type': 'comparison', 'line': 434, 'pairs': [['password', None]], 'test': []}"
web-scraping-masterCQF.py,"{'type': 'variable', 'line': 27, 'name': 'password', 'value': '', 'valueSrc': 'initialization', 'isInput': False}"
ccxt-masterexchange.py,"{'type': 'variable', 'line': 170, 'name': 'password', 'value': '', 'valueSrc': 'initialization', 'isInput': False}"
python-atws-mastertravis_pypi_setup.py,"{'type': 'variable', 'line': 108, 'name': 'password', 'value': None, 'valueSrc': 'initialization', 'isInput': False, 'values': ['args.password', 'getpass']}"
httplib2-master__init__.py,"{'type': 'variable', 'line': 1086, 'name': 'password', 'value': None, 'valueSrc': 'initialization', 'isInput': False}"
httplib2-master__init__.py,"{'type': 'variable', 'line': 1105, 'name': 'password', 'value': None, 'valueSrc': 'initialization', 'isInput': False}"
KindleEar-masterbase.py,"{'type': 'variable', 'line': 96, 'name': 'password', 'value': '', 'valueSrc': 'initialization', 'isInput': False}"
LinkedRW-mastermain.py,"{'type': 'comparison', 'line': 112, 'pairs': [['password', None]], 'test': []}"
Django-E-Commerce-masterauth.py,"{'type': 'variable', 'line': 186, 'name': 'password', 'value': None, 'valueSrc': 'initialization', 'isInput': False, 'values': ['password', '']}"
Django-E-Commerce-mastercreation.py,"{'type': 'variable', 'line': 25, 'name': 'password', 'value': None, 'valueSrc': 'initialization', 'isInput': False, 'values': ['settings_dict.get', 'settings_dict[PASSWORD]']}"
Django-E-Commerce-masterhashers.py,"{'type': 'comparison', 'line': 73, 'pairs': [['password', None]], 'test': []}"
Django-E-Commerce-masterpyopenssl.py,"{'type': 'comparison', 'line': 462, 'pairs': [['password', None]], 'test': []}"
learn_python3_spider-mastermisc.py,"{'type': 'variable', 'line': 979, 'name': 'password', 'value': None, 'valueSrc': 'initialization', 'isInput': False, 'values': ['', ':****']}"
learn_python3_spider-masterutil.py,"{'type': 'variable', 'line': 805, 'name': 'password', 'value': None, 'valueSrc': 'initialization', 'isInput': False}"
learn_python3_spider-mastertarfile.py,"{'type': 'variable', 'line': 56, 'name': 'pwd', 'value': None, 'valueSrc': 'initialization', 'isInput': False}"
learn_python3_spider-masterpyopenssl.py,"{'type': 'comparison', 'line': 434, 'pairs': [['password', None]], 'test': []}"
learn_python3_spider-masterservice.py,"{'type': 'variable', 'line': 270, 'name': 'password', 'value': None, 'valueSrc': 'initialization', 'isInput': False}"
learn_python3_spider-masterirc.py,"{'type': 'variable', 'line': 1183, 'name': 'password', 'value': None, 'valueSrc': 'initialization', 'isInput': False}"
learn_python3_spider-mastercred_unix.py,"{'type': 'variable', 'line': 129, 'name': 'pwd', 'value': None, 'valueSrc': 'initialization', 'isInput': False}"
learn_python3_spider-mastercred_unix.py,"{'type': 'comparison', 'line': 131, 'pairs': [['pwd', None]], 'test': []}"
learn_python3_spider-masterutil.py,"{'type': 'variable', 'line': 11, 'name': 'pwd', 'value': None, 'valueSrc': 'initialization', 'isInput': False}"
learn_python3_spider-masterutil.py,"{'type': 'comparison', 'line': 915, 'pairs': [['pwd', None]], 'test': []}"
learn_python3_spider-mastercheckers.py,"{'type': 'variable', 'line': 18, 'name': 'pwd', 'value': None, 'valueSrc': 'initialization', 'isInput': False}"
learn_python3_spider-mastercheckers.py,"{'type': 'comparison', 'line': 70, 'pairs': [['pwd', None]], 'test': []}"
learn_python3_spider-masterftp.py,"{'type': 'variable', 'line': 20, 'name': 'pwd', 'value': None, 'valueSrc': 'initialization', 'isInput': False}"
learn_python3_spider-masterftp.py,"{'type': 'comparison', 'line': 2055, 'pairs': [['pwd', None]], 'test': []}"
learn_python3_spider-masterftp.py,"{'type': 'comparison', 'line': 2601, 'pairs': [['password', None]], 'test': []}"
learn_python3_spider-masterdistrib.py,"{'type': 'variable', 'line': 17, 'name': 'pwd', 'value': None, 'valueSrc': 'initialization', 'isInput': False}"
learn_python3_spider-masterdatabase.py,"{'type': 'comparison', 'line': 1235, 'pairs': [['password', None]], 'test': []}"
learn_python3_spider-masterdatabase.py,"{'type': 'comparison', 'line': 1322, 'pairs': [['password', None]], 'test': []}"
learn_python3_spider-mastermongo_client.py,"{'type': 'variable', 'line': 609, 'name': 'password', 'value': None, 'valueSrc': 'initialization', 'isInput': False}"
learn_python3_spider-mastermongo_client.py,"{'type': 'variable', 'line': 625, 'name': 'password', 'value': None, 'valueSrc': 'initialization', 'isInput': False, 'values': ['res[password]', 'password']}"
