E-Commerce-Website-masterutils.py,"{'type': 'variable', 'line': 38, 'name': 'dir', 'value': None, 'valueSrc': 'os.path.join', 'isInput': False, 'args': ['location', 'dir']}"
E-Commerce-Website-mastermisc.py,"{'type': 'variable', 'line': 511, 'name': 'dir', 'value': None, 'valueSrc': 'os.path.dirname', 'isInput': False, 'args': ['fn']}"
E-Commerce-Website-masterreq_install.py,"{'type': 'variable', 'line': 866, 'name': 'dir', 'value': None, 'valueSrc': 'os.path.normcase', 'isInput': False, 'args': ['os.path.abspath']}"
E-Commerce-Website-masterreq_uninstall.py,"{'type': 'variable', 'line': 204, 'name': 'save_dir', 'value': None, 'valueSrc': 'AdjacentTempDirectory', 'isInput': False, 'args': ['path']}"
E-Commerce-Website-masterreq_uninstall.py,"{'type': 'variable', 'line': 207, 'name': 'save_dir', 'value': None, 'valueSrc': 'TempDirectory', 'isInput': False, 'args': []}"
E-Commerce-Website-masterreq_uninstall.py,"{'type': 'variable', 'line': 220, 'name': 'save_dir', 'value': None, 'valueSrc': 'initialization', 'isInput': False}"
E-Commerce-Website-masterreq_uninstall.py,"{'type': 'variable', 'line': 224, 'name': 'save_dir', 'value': 'self._save_dirs', 'valueSrc': 'initialization', 'isInput': False}"
E-Commerce-Website-masterreq_uninstall.py,"{'type': 'variable', 'line': 232, 'name': 'save_dir', 'value': None, 'valueSrc': 'TempDirectory', 'isInput': False, 'args': []}"
E-Commerce-Website-masterappdirs.py,"{'type': 'variable', 'line': 481, 'name': 'dir', 'value': None, 'valueSrc': 'shell.SHGetFolderPath', 'isInput': False, 'args': [0, 'getattr', 0, 0]}"
E-Commerce-Website-masterappdirs.py,"{'type': 'variable', 'line': 486, 'name': 'dir', 'value': None, 'valueSrc': 'unicode', 'isInput': False, 'args': ['dir']}"
E-Commerce-Website-masterappdirs.py,"{'type': 'variable', 'line': 498, 'name': 'dir', 'value': None, 'valueSrc': 'win32api.GetShortPathName', 'isInput': False, 'args': ['dir']}"
E-Commerce-Website-masterappdirs.py,"{'type': 'variable', 'line': 541, 'name': 'dir', 'value': None, 'valueSrc': 'jna.Native.toString.rstrip', 'isInput': False, 'args': ['\x00']}"
E-Commerce-Website-masterappdirs.py,"{'type': 'variable', 'line': 554, 'name': 'dir', 'value': None, 'valueSrc': 'jna.Native.toString.rstrip', 'isInput': False, 'args': ['\x00']}"
E-Commerce-Website-masterappdirs.py,"{'type': 'variable', 'line': 481, 'name': 'dir', 'value': None, 'valueSrc': 'shell.SHGetFolderPath', 'isInput': False, 'args': [0, 'getattr', 0, 0]}"
E-Commerce-Website-masterappdirs.py,"{'type': 'variable', 'line': 486, 'name': 'dir', 'value': None, 'valueSrc': 'unicode', 'isInput': False, 'args': ['dir']}"
E-Commerce-Website-masterappdirs.py,"{'type': 'variable', 'line': 498, 'name': 'dir', 'value': None, 'valueSrc': 'win32api.GetShortPathName', 'isInput': False, 'args': ['dir']}"
E-Commerce-Website-masterappdirs.py,"{'type': 'variable', 'line': 541, 'name': 'dir', 'value': None, 'valueSrc': 'jna.Native.toString.rstrip', 'isInput': False, 'args': ['\x00']}"
E-Commerce-Website-masterappdirs.py,"{'type': 'variable', 'line': 554, 'name': 'dir', 'value': None, 'valueSrc': 'jna.Native.toString.rstrip', 'isInput': False, 'args': ['\x00']}"
E-Commerce-Website-mastermisc.py,"{'type': 'variable', 'line': 511, 'name': 'dir', 'value': None, 'valueSrc': 'os.path.dirname', 'isInput': False, 'args': ['fn']}"
E-Commerce-Website-masterreq_install.py,"{'type': 'variable', 'line': 866, 'name': 'dir', 'value': None, 'valueSrc': 'os.path.normcase', 'isInput': False, 'args': ['os.path.abspath']}"
E-Commerce-Website-masterreq_uninstall.py,"{'type': 'variable', 'line': 204, 'name': 'save_dir', 'value': None, 'valueSrc': 'AdjacentTempDirectory', 'isInput': False, 'args': ['path']}"
E-Commerce-Website-masterreq_uninstall.py,"{'type': 'variable', 'line': 207, 'name': 'save_dir', 'value': None, 'valueSrc': 'TempDirectory', 'isInput': False, 'args': []}"
E-Commerce-Website-masterreq_uninstall.py,"{'type': 'variable', 'line': 220, 'name': 'save_dir', 'value': None, 'valueSrc': 'initialization', 'isInput': False}"
E-Commerce-Website-masterreq_uninstall.py,"{'type': 'variable', 'line': 224, 'name': 'save_dir', 'value': 'self._save_dirs', 'valueSrc': 'initialization', 'isInput': False}"
E-Commerce-Website-masterreq_uninstall.py,"{'type': 'variable', 'line': 232, 'name': 'save_dir', 'value': None, 'valueSrc': 'TempDirectory', 'isInput': False, 'args': []}"
E-Commerce-Website-masterappdirs.py,"{'type': 'variable', 'line': 481, 'name': 'dir', 'value': None, 'valueSrc': 'shell.SHGetFolderPath', 'isInput': False, 'args': [0, 'getattr', 0, 0]}"
E-Commerce-Website-masterappdirs.py,"{'type': 'variable', 'line': 486, 'name': 'dir', 'value': None, 'valueSrc': 'unicode', 'isInput': False, 'args': ['dir']}"
E-Commerce-Website-masterappdirs.py,"{'type': 'variable', 'line': 498, 'name': 'dir', 'value': None, 'valueSrc': 'win32api.GetShortPathName', 'isInput': False, 'args': ['dir']}"
E-Commerce-Website-masterappdirs.py,"{'type': 'variable', 'line': 541, 'name': 'dir', 'value': None, 'valueSrc': 'jna.Native.toString.rstrip', 'isInput': False, 'args': ['\x00']}"
E-Commerce-Website-masterappdirs.py,"{'type': 'variable', 'line': 554, 'name': 'dir', 'value': None, 'valueSrc': 'jna.Native.toString.rstrip', 'isInput': False, 'args': ['\x00']}"
E-Commerce-Website-mastersandbox.py,"{'type': 'variable', 'line': 185, 'name': 'temp_dir', 'value': None, 'valueSrc': 'os.path.join', 'isInput': False, 'args': ['setup_dir', 'temp']}"
hydroshare-developviews.py,"{'type': 'variable', 'line': 252, 'name': 'temp_dir', 'value': None, 'valueSrc': 'tempfile.mkdtemp', 'isInput': False, 'args': []}"
hydroshare-developutils.py,"{'type': 'variable', 'line': 1026, 'name': 'temp_dir', 'value': None, 'valueSrc': 'tempfile.mkdtemp', 'isInput': False, 'args': []}"
hydroshare-developreceivers.py,"{'type': 'variable', 'line': 125, 'name': 'temp_dir', 'value': None, 'valueSrc': 'os.path.dirname', 'isInput': False, 'args': ['temp_file']}"
hydroshare-developmanual_custom_migration_raster_ori_cov_meta_update_20161121.py,"{'type': 'variable', 'line': 25, 'name': 'temp_dir', 'value': '', 'valueSrc': 'initialization', 'isInput': False}"
hydroshare-developmanual_custom_migration_raster_ori_cov_meta_update_20161121.py,"{'type': 'variable', 'line': 28, 'name': 'temp_dir', 'value': None, 'valueSrc': 'tempfile.mkdtemp', 'isInput': False, 'args': []}"
hydroshare-developcustom_migration_for_raster_meta_update_20160512.py,"{'type': 'variable', 'line': 34, 'name': 'temp_dir', 'value': None, 'valueSrc': 'tempfile.mkdtemp', 'isInput': False, 'args': []}"
hydroshare-developnetcdf.py,"{'type': 'variable', 'line': 768, 'name': 'temp_dir', 'value': None, 'valueSrc': 'os.path.dirname', 'isInput': False, 'args': ['nc_temp_file']}"
hydroshare-developgeofeature.py,"{'type': 'variable', 'line': 348, 'name': 'temp_dir', 'value': None, 'valueSrc': 'os.path.dirname', 'isInput': False, 'args': ['shape_files[0]']}"
hydroshare-developgeofeature.py,"{'type': 'variable', 'line': 473, 'name': 'temp_dir', 'value': '', 'valueSrc': 'initialization', 'isInput': False}"
hydroshare-developgeofeature.py,"{'type': 'variable', 'line': 485, 'name': 'temp_dir', 'value': None, 'valueSrc': 'os.path.dirname', 'isInput': False, 'args': ['temp_file']}"
hydroshare-developgeofeature.py,"{'type': 'variable', 'line': 496, 'name': 'temp_dir', 'value': None, 'valueSrc': 'os.path.dirname', 'isInput': False, 'args': ['temp_file']}"
hydroshare-developtimeseries.py,"{'type': 'variable', 'line': 1170, 'name': 'temp_dir', 'value': None, 'valueSrc': 'tempfile.mkdtemp', 'isInput': False, 'args': []}"
hydroshare-developraster.py,"{'type': 'variable', 'line': 327, 'name': 'temp_dir', 'value': 'ft_ctx.temp_dir', 'valueSrc': 'initialization', 'isInput': False}"
hydroshare-developraster.py,"{'type': 'variable', 'line': 446, 'name': 'temp_dir', 'value': None, 'valueSrc': 'os.path.dirname', 'isInput': False, 'args': ['raster_file']}"
hydroshare-developraster.py,"{'type': 'variable', 'line': 634, 'name': 'temp_dir', 'value': None, 'valueSrc': 'os.path.dirname', 'isInput': False, 'args': ['tif_file']}"
hydroshare-developraster.py,"{'type': 'variable', 'line': 664, 'name': 'temp_dir', 'value': None, 'valueSrc': 'os.path.dirname', 'isInput': False, 'args': ['zip_file']}"
enlighten-masterftp_downloader.py,"{'type': 'variable', 'line': 20, 'name': 'DIR', 'value': 'pub/example', 'valueSrc': 'initialization', 'isInput': False}"
addons-server-mastersql_model.py,"{'type': 'variable', 'line': 199, 'name': 'dir', 'value': 'DESC', 'valueSrc': 'initialization', 'isInput': False}"
addons-server-mastersql_model.py,"{'type': 'variable', 'line': 202, 'name': 'dir', 'value': 'ASC', 'valueSrc': 'initialization', 'isInput': False}"
Python-Django-Complete-Real-Estate-Website-masterappdirs.py,"{'type': 'variable', 'line': 431, 'name': 'dir', 'value': None, 'valueSrc': 'shell.SHGetFolderPath', 'isInput': False, 'args': [0, 'getattr', 0, 0]}"
Python-Django-Complete-Real-Estate-Website-masterappdirs.py,"{'type': 'variable', 'line': 436, 'name': 'dir', 'value': None, 'valueSrc': 'unicode', 'isInput': False, 'args': ['dir']}"
Python-Django-Complete-Real-Estate-Website-masterappdirs.py,"{'type': 'variable', 'line': 448, 'name': 'dir', 'value': None, 'valueSrc': 'win32api.GetShortPathName', 'isInput': False, 'args': ['dir']}"
Python-Django-Complete-Real-Estate-Website-masterappdirs.py,"{'type': 'variable', 'line': 491, 'name': 'dir', 'value': None, 'valueSrc': 'jna.Native.toString.rstrip', 'isInput': False, 'args': ['\x00']}"
Python-Django-Complete-Real-Estate-Website-masterappdirs.py,"{'type': 'variable', 'line': 504, 'name': 'dir', 'value': None, 'valueSrc': 'jna.Native.toString.rstrip', 'isInput': False, 'args': ['\x00']}"
Python-Django-Complete-Real-Estate-Website-mastermisc.py,"{'type': 'variable', 'line': 469, 'name': 'dir', 'value': None, 'valueSrc': 'os.path.dirname', 'isInput': False, 'args': ['fn']}"
Python-Django-Complete-Real-Estate-Website-masterreq_install.py,"{'type': 'variable', 'line': 693, 'name': 'dir', 'value': None, 'valueSrc': 'os.path.normcase', 'isInput': False, 'args': ['os.path.abspath']}"
Python-Django-Complete-Real-Estate-Website-masterappdirs.py,"{'type': 'variable', 'line': 481, 'name': 'dir', 'value': None, 'valueSrc': 'shell.SHGetFolderPath', 'isInput': False, 'args': [0, 'getattr', 0, 0]}"
Python-Django-Complete-Real-Estate-Website-masterappdirs.py,"{'type': 'variable', 'line': 486, 'name': 'dir', 'value': None, 'valueSrc': 'unicode', 'isInput': False, 'args': ['dir']}"
Python-Django-Complete-Real-Estate-Website-masterappdirs.py,"{'type': 'variable', 'line': 498, 'name': 'dir', 'value': None, 'valueSrc': 'win32api.GetShortPathName', 'isInput': False, 'args': ['dir']}"
Python-Django-Complete-Real-Estate-Website-masterappdirs.py,"{'type': 'variable', 'line': 541, 'name': 'dir', 'value': None, 'valueSrc': 'jna.Native.toString.rstrip', 'isInput': False, 'args': ['\x00']}"
Python-Django-Complete-Real-Estate-Website-masterappdirs.py,"{'type': 'variable', 'line': 554, 'name': 'dir', 'value': None, 'valueSrc': 'jna.Native.toString.rstrip', 'isInput': False, 'args': ['\x00']}"
Python-Django-Complete-Real-Estate-Website-masterutils.py,"{'type': 'variable', 'line': 34, 'name': 'dir', 'value': None, 'valueSrc': 'os.path.join', 'isInput': False, 'args': ['location', 'dir']}"
Python-Django-Complete-Real-Estate-Website-mastersandbox.py,"{'type': 'variable', 'line': 185, 'name': 'temp_dir', 'value': None, 'valueSrc': 'os.path.join', 'isInput': False, 'args': ['setup_dir', 'temp']}"
mindboggle-masterrebound.py,"{'type': 'variable', 'line': 843, 'name': 'dir', 'value': None, 'valueSrc': 'os.getcwd', 'isInput': False, 'args': []}"
Bus-Reservation-System-mastersre_parse.py,"{'type': 'variable', 'line': 655, 'name': 'dir', 'value': 1, 'valueSrc': 'initialization', 'isInput': False}"
Bus-Reservation-System-mastersre_parse.py,"{'type': 'variable', 'line': 659, 'name': 'dir', 'value': None, 'valueSrc': 'initialization', 'isInput': False}"
Bus-Reservation-System-mastersite.py,"{'type': 'variable', 'line': 93, 'name': 'dir', 'value': None, 'valueSrc': 'os.path.join', 'isInput': False, 'args': []}"
Bus-Reservation-System-mastersite.py,"{'type': 'variable', 'line': 97, 'name': 'dir', 'value': None, 'valueSrc': 'os.path.abspath', 'isInput': False, 'args': ['dir']}"
Bus-Reservation-System-mastertempfile.py,"{'type': 'variable', 'line': 151, 'name': 'dir', 'value': None, 'valueSrc': '_os.path.abspath', 'isInput': False, 'args': ['dir']}"
Bus-Reservation-System-masterdownload.py,"{'type': 'variable', 'line': 632, 'name': 'temp_dir', 'value': None, 'valueSrc': 'tempfile.mkdtemp', 'isInput': False, 'args': ['-unpack', 'pip-']}"
Bus-Reservation-System-mastermercurial.py,"{'type': 'variable', 'line': 24, 'name': 'temp_dir', 'value': None, 'valueSrc': 'tempfile.mkdtemp', 'isInput': False, 'args': ['-export', 'pip-']}"
Bus-Reservation-System-masterbazaar.py,"{'type': 'variable', 'line': 42, 'name': 'temp_dir', 'value': None, 'valueSrc': 'tempfile.mkdtemp', 'isInput': False, 'args': ['-export', 'pip-']}"
Bus-Reservation-System-mastergit.py,"{'type': 'variable', 'line': 54, 'name': 'temp_dir', 'value': None, 'valueSrc': 'tempfile.mkdtemp', 'isInput': False, 'args': ['-export', 'pip-']}"
Bus-Reservation-System-master__init__.py,"{'type': 'variable', 'line': 493, 'name': 'dir', 'value': None, 'valueSrc': 'os.path.dirname', 'isInput': False, 'args': ['fn']}"
Bus-Reservation-System-masterreq_install.py,"{'type': 'variable', 'line': 792, 'name': 'dir', 'value': None, 'valueSrc': 'os.path.normcase', 'isInput': False, 'args': ['os.path.abspath']}"
Bus-Reservation-System-masterutils.py,"{'type': 'variable', 'line': 39, 'name': 'dir', 'value': None, 'valueSrc': 'os.path.join', 'isInput': False, 'args': ['location', 'dir']}"
Bus-Reservation-System-masterwininst2wheel.py,"{'type': 'variable', 'line': 139, 'name': 'dir', 'value': None, 'valueSrc': 'tempfile.mkdtemp', 'isInput': False, 'args': []}"
Bus-Reservation-System-masteregg2wheel.py,"{'type': 'variable', 'line': 19, 'name': 'dir', 'value': None, 'valueSrc': 'tempfile.mkdtemp', 'isInput': False, 'args': []}"
ipython-masterinstall_data_ext.py,"{'type': 'variable', 'line': 58, 'name': 'dir', 'value': None, 'valueSrc': 'convert_path', 'isInput': False, 'args': ['lof[1]']}"
ipython-masterinstall_data_ext.py,"{'type': 'variable', 'line': 60, 'name': 'dir', 'value': None, 'valueSrc': 'os.path.join', 'isInput': False, 'args': ['base', 'dir']}"
ipython-masterinstall_data_ext.py,"{'type': 'variable', 'line': 62, 'name': 'dir', 'value': None, 'valueSrc': 'change_root', 'isInput': False, 'args': ['self.root', 'dir']}"
beg-django-e-commerce-masterapputils.py,"{'type': 'variable', 'line': 15, 'name': 'dir', 'value': None, 'valueSrc': 'os.path.normpath', 'isInput': False, 'args': ['os.path.dirname']}"
beg-django-e-commerce-masterapputils.py,"{'type': 'variable', 'line': 39, 'name': 'dir', 'value': None, 'valueSrc': 'os.path.abspath', 'isInput': False, 'args': ['os.path.dirname']}"
beg-django-e-commerce-masterapputils.py,"{'type': 'variable', 'line': 41, 'name': 'dir', 'value': None, 'valueSrc': 'os.path.join', 'isInput': False, 'args': ['dir', 'subdir']}"
m.css-masterdoxygen.py,"{'type': 'variable', 'line': 70, 'name': 'DIR', 'value': 8, 'valueSrc': 'initialization', 'isInput': False}"
E-Commerce-API-Python-mastersite.py,"{'type': 'variable', 'line': 93, 'name': 'dir', 'value': None, 'valueSrc': 'os.path.join', 'isInput': False, 'args': []}"
E-Commerce-API-Python-mastersite.py,"{'type': 'variable', 'line': 97, 'name': 'dir', 'value': None, 'valueSrc': 'os.path.abspath', 'isInput': False, 'args': ['dir']}"
E-Commerce-API-Python-masterappdirs.py,"{'type': 'variable', 'line': 431, 'name': 'dir', 'value': None, 'valueSrc': 'shell.SHGetFolderPath', 'isInput': False, 'args': [0, 'getattr', 0, 0]}"
E-Commerce-API-Python-masterappdirs.py,"{'type': 'variable', 'line': 436, 'name': 'dir', 'value': None, 'valueSrc': 'unicode', 'isInput': False, 'args': ['dir']}"
E-Commerce-API-Python-masterappdirs.py,"{'type': 'variable', 'line': 448, 'name': 'dir', 'value': None, 'valueSrc': 'win32api.GetShortPathName', 'isInput': False, 'args': ['dir']}"
E-Commerce-API-Python-masterappdirs.py,"{'type': 'variable', 'line': 491, 'name': 'dir', 'value': None, 'valueSrc': 'jna.Native.toString.rstrip', 'isInput': False, 'args': ['\x00']}"
E-Commerce-API-Python-masterappdirs.py,"{'type': 'variable', 'line': 504, 'name': 'dir', 'value': None, 'valueSrc': 'jna.Native.toString.rstrip', 'isInput': False, 'args': ['\x00']}"
E-Commerce-API-Python-masterdownload.py,"{'type': 'variable', 'line': 642, 'name': 'temp_dir', 'value': None, 'valueSrc': 'tempfile.mkdtemp', 'isInput': False, 'args': ['-unpack', 'pip-']}"
E-Commerce-API-Python-mastermercurial.py,"{'type': 'variable', 'line': 24, 'name': 'temp_dir', 'value': None, 'valueSrc': 'tempfile.mkdtemp', 'isInput': False, 'args': ['-export', 'pip-']}"
E-Commerce-API-Python-masterbazaar.py,"{'type': 'variable', 'line': 42, 'name': 'temp_dir', 'value': None, 'valueSrc': 'tempfile.mkdtemp', 'isInput': False, 'args': ['-export', 'pip-']}"
E-Commerce-API-Python-mastergit.py,"{'type': 'variable', 'line': 68, 'name': 'temp_dir', 'value': None, 'valueSrc': 'tempfile.mkdtemp', 'isInput': False, 'args': ['-export', 'pip-']}"
E-Commerce-API-Python-master__init__.py,"{'type': 'variable', 'line': 493, 'name': 'dir', 'value': None, 'valueSrc': 'os.path.dirname', 'isInput': False, 'args': ['fn']}"
E-Commerce-API-Python-masterreq_install.py,"{'type': 'variable', 'line': 802, 'name': 'dir', 'value': None, 'valueSrc': 'os.path.normcase', 'isInput': False, 'args': ['os.path.abspath']}"
E-Commerce-API-Python-masterappdirs.py,"{'type': 'variable', 'line': 431, 'name': 'dir', 'value': None, 'valueSrc': 'shell.SHGetFolderPath', 'isInput': False, 'args': [0, 'getattr', 0, 0]}"
E-Commerce-API-Python-masterappdirs.py,"{'type': 'variable', 'line': 436, 'name': 'dir', 'value': None, 'valueSrc': 'unicode', 'isInput': False, 'args': ['dir']}"
E-Commerce-API-Python-masterappdirs.py,"{'type': 'variable', 'line': 448, 'name': 'dir', 'value': None, 'valueSrc': 'win32api.GetShortPathName', 'isInput': False, 'args': ['dir']}"
E-Commerce-API-Python-masterappdirs.py,"{'type': 'variable', 'line': 491, 'name': 'dir', 'value': None, 'valueSrc': 'jna.Native.toString.rstrip', 'isInput': False, 'args': ['\x00']}"
E-Commerce-API-Python-masterappdirs.py,"{'type': 'variable', 'line': 504, 'name': 'dir', 'value': None, 'valueSrc': 'jna.Native.toString.rstrip', 'isInput': False, 'args': ['\x00']}"
E-Commerce-API-Python-masterffiplatform.py,"{'type': 'variable', 'line': 71, 'name': 'dir', 'value': 'path', 'valueSrc': 'initialization', 'isInput': False}"
E-Commerce-API-Python-masterwininst2wheel.py,"{'type': 'variable', 'line': 139, 'name': 'dir', 'value': None, 'valueSrc': 'tempfile.mkdtemp', 'isInput': False, 'args': []}"
E-Commerce-API-Python-masteregg2wheel.py,"{'type': 'variable', 'line': 22, 'name': 'dir', 'value': None, 'valueSrc': 'tempfile.mkdtemp', 'isInput': False, 'args': []}"
E-Commerce-API-Python-mastersandbox.py,"{'type': 'variable', 'line': 185, 'name': 'temp_dir', 'value': None, 'valueSrc': 'os.path.join', 'isInput': False, 'args': ['setup_dir', 'temp']}"
E-Commerce-API-Python-mastersvnurl.py,"{'type': 'variable', 'line': 180, 'name': 'dir', 'value': None, 'valueSrc': 'kwargs.get', 'isInput': False, 'args': ['dir', 0]}"
E-Commerce-API-Python-masterlookup.py,"{'type': 'variable', 'line': 255, 'name': 'dir', 'value': None, 'valueSrc': 'dir.replace', 'isInput': False, 'args': ['os.path.sep', 'posixpath.sep']}"
examples-_fetchmore.py,"{'type': 'variable', 'line': 100, 'name': 'dir', 'value': None, 'valueSrc': 'QDir', 'isInput': False, 'args': ['path']}"
examples-_menumanager.py,"{'type': 'variable', 'line': 385, 'name': 'dir', 'value': None, 'valueSrc': 'QFileInfo.dir', 'isInput': False, 'args': []}"
examples-_menumanager.py,"{'type': 'variable', 'line': 403, 'name': 'dir', 'value': None, 'valueSrc': 'self.resolveDir', 'isInput': False, 'args': ['name']}"
examples-_menumanager.py,"{'type': 'variable', 'line': 420, 'name': 'dir', 'value': None, 'valueSrc': 'self.resolveDir', 'isInput': False, 'args': ['name']}"
Web2Executable-mastercommand_line.py,"{'type': 'variable', 'line': 864, 'name': 'temp_dir', 'value': None, 'valueSrc': 'utils.path_join', 'isInput': False, 'args': ['config.TEMP_DIR', 'webexectemp']}"
Web2Executable-mastercommand_line.py,"{'type': 'variable', 'line': 940, 'name': 'temp_dir', 'value': None, 'valueSrc': 'utils.path_join', 'isInput': False, 'args': ['config.TEMP_DIR', 'webexectemp']}"
Web2Executable-masterconfig.py,"{'type': 'variable', 'line': 69, 'name': 'TEMP_DIR', 'value': None, 'valueSrc': 'utils.get_temp_dir', 'isInput': False, 'args': []}"
GarminPlotter-masterplotgarmintcx_makePMC.py,"{'type': 'variable', 'line': 40, 'name': 'dir', 'value': None, 'valueSrc': 'os.path.dirname', 'isInput': False, 'args': ['path']}"
GarminPlotter-masterplotgarmintcx_indoor.py,"{'type': 'variable', 'line': 40, 'name': 'dir', 'value': None, 'valueSrc': 'os.path.dirname', 'isInput': False, 'args': ['path']}"
GarminPlotter-masterplotgarmintcx_outdoor.py,"{'type': 'variable', 'line': 40, 'name': 'dir', 'value': None, 'valueSrc': 'os.path.dirname', 'isInput': False, 'args': ['path']}"
eventbrite-masterbuilder.py,"{'type': 'variable', 'line': 62, 'name': 'DIR', 'value': 'E.dir', 'valueSrc': 'initialization', 'isInput': False}"
eventbrite-mastermisc.py,"{'type': 'variable', 'line': 469, 'name': 'dir', 'value': None, 'valueSrc': 'os.path.dirname', 'isInput': False, 'args': ['fn']}"
eventbrite-masterreq_install.py,"{'type': 'variable', 'line': 693, 'name': 'dir', 'value': None, 'valueSrc': 'os.path.normcase', 'isInput': False, 'args': ['os.path.abspath']}"
eventbrite-masterappdirs.py,"{'type': 'variable', 'line': 481, 'name': 'dir', 'value': None, 'valueSrc': 'shell.SHGetFolderPath', 'isInput': False, 'args': [0, 'getattr', 0, 0]}"
eventbrite-masterappdirs.py,"{'type': 'variable', 'line': 486, 'name': 'dir', 'value': None, 'valueSrc': 'unicode', 'isInput': False, 'args': ['dir']}"
eventbrite-masterappdirs.py,"{'type': 'variable', 'line': 498, 'name': 'dir', 'value': None, 'valueSrc': 'win32api.GetShortPathName', 'isInput': False, 'args': ['dir']}"
eventbrite-masterappdirs.py,"{'type': 'variable', 'line': 541, 'name': 'dir', 'value': None, 'valueSrc': 'jna.Native.toString.rstrip', 'isInput': False, 'args': ['\x00']}"
eventbrite-masterappdirs.py,"{'type': 'variable', 'line': 554, 'name': 'dir', 'value': None, 'valueSrc': 'jna.Native.toString.rstrip', 'isInput': False, 'args': ['\x00']}"
eventbrite-mastermisc.py,"{'type': 'variable', 'line': 620, 'name': 'dir', 'value': None, 'valueSrc': 'os.path.dirname', 'isInput': False, 'args': ['fn']}"
eventbrite-masterreq_install.py,"{'type': 'variable', 'line': 881, 'name': 'dir', 'value': None, 'valueSrc': 'os.path.normcase', 'isInput': False, 'args': ['os.path.abspath']}"
eventbrite-masterreq_uninstall.py,"{'type': 'variable', 'line': 222, 'name': 'save_dir', 'value': None, 'valueSrc': 'AdjacentTempDirectory', 'isInput': False, 'args': ['path']}"
eventbrite-masterreq_uninstall.py,"{'type': 'variable', 'line': 225, 'name': 'save_dir', 'value': None, 'valueSrc': 'TempDirectory', 'isInput': False, 'args': []}"
eventbrite-masterreq_uninstall.py,"{'type': 'variable', 'line': 239, 'name': 'save_dir', 'value': None, 'valueSrc': 'initialization', 'isInput': False}"
eventbrite-masterreq_uninstall.py,"{'type': 'variable', 'line': 243, 'name': 'save_dir', 'value': 'self._save_dirs', 'valueSrc': 'initialization', 'isInput': False}"
eventbrite-masterreq_uninstall.py,"{'type': 'variable', 'line': 251, 'name': 'save_dir', 'value': None, 'valueSrc': 'TempDirectory', 'isInput': False, 'args': []}"
eventbrite-masterappdirs.py,"{'type': 'variable', 'line': 481, 'name': 'dir', 'value': None, 'valueSrc': 'shell.SHGetFolderPath', 'isInput': False, 'args': [0, 'getattr', 0, 0]}"
eventbrite-masterappdirs.py,"{'type': 'variable', 'line': 486, 'name': 'dir', 'value': None, 'valueSrc': 'unicode', 'isInput': False, 'args': ['dir']}"
eventbrite-masterappdirs.py,"{'type': 'variable', 'line': 498, 'name': 'dir', 'value': None, 'valueSrc': 'win32api.GetShortPathName', 'isInput': False, 'args': ['dir']}"
eventbrite-masterappdirs.py,"{'type': 'variable', 'line': 541, 'name': 'dir', 'value': None, 'valueSrc': 'jna.Native.toString.rstrip', 'isInput': False, 'args': ['\x00']}"
eventbrite-masterappdirs.py,"{'type': 'variable', 'line': 554, 'name': 'dir', 'value': None, 'valueSrc': 'jna.Native.toString.rstrip', 'isInput': False, 'args': ['\x00']}"
eventbrite-masterutils.py,"{'type': 'variable', 'line': 38, 'name': 'dir', 'value': None, 'valueSrc': 'os.path.join', 'isInput': False, 'args': ['location', 'dir']}"
eventbrite-masterbuild_ext.py,"{'type': 'variable', 'line': 561, 'name': 'dir', 'value': None, 'valueSrc': 'subprocess.check_output', 'isInput': False, 'args': ['cygpath', '-w', 'dir']}"
eventbrite-masterbuild_ext.py,"{'type': 'variable', 'line': 565, 'name': 'dir', 'value': None, 'valueSrc': 'filepath_from_subprocess_output', 'isInput': False, 'args': ['dir']}"
eventbrite-mastersetup.py,"{'type': 'variable', 'line': 886, 'name': 'dir', 'value': None, 'valueSrc': 'os.path.dirname', 'isInput': False, 'args': ['target']}"
Web-Scrapping-E-commerce-websites-mastersettings.py,"{'type': 'variable', 'line': 75, 'name': 'dir', 'value': 'C:\\Users\\vichu\\Desktop\\flip\\flip', 'valueSrc': 'initialization', 'isInput': False}"
ArchiveBot-masterpreflight.py,"{'type': 'variable', 'line': 18, 'name': 'temp_dir', 'value': None, 'valueSrc': 'tempfile.TemporaryDirectory', 'isInput': False, 'args': []}"
websauna-masterstatic.py,"{'type': 'variable', 'line': 120, 'name': 'dir', 'value': None, 'valueSrc': 'os.path.dirname', 'isInput': False, 'args': ['target']}"
eCommerce-Database-mainmisc.py,"{'type': 'variable', 'line': 511, 'name': 'dir', 'value': None, 'valueSrc': 'os.path.dirname', 'isInput': False, 'args': ['fn']}"
eCommerce-Database-mainreq_install.py,"{'type': 'variable', 'line': 866, 'name': 'dir', 'value': None, 'valueSrc': 'os.path.normcase', 'isInput': False, 'args': ['os.path.abspath']}"
eCommerce-Database-mainreq_uninstall.py,"{'type': 'variable', 'line': 204, 'name': 'save_dir', 'value': None, 'valueSrc': 'AdjacentTempDirectory', 'isInput': False, 'args': ['path']}"
eCommerce-Database-mainreq_uninstall.py,"{'type': 'variable', 'line': 207, 'name': 'save_dir', 'value': None, 'valueSrc': 'TempDirectory', 'isInput': False, 'args': []}"
eCommerce-Database-mainreq_uninstall.py,"{'type': 'variable', 'line': 220, 'name': 'save_dir', 'value': None, 'valueSrc': 'initialization', 'isInput': False}"
eCommerce-Database-mainreq_uninstall.py,"{'type': 'variable', 'line': 224, 'name': 'save_dir', 'value': 'self._save_dirs', 'valueSrc': 'initialization', 'isInput': False}"
eCommerce-Database-mainreq_uninstall.py,"{'type': 'variable', 'line': 232, 'name': 'save_dir', 'value': None, 'valueSrc': 'TempDirectory', 'isInput': False, 'args': []}"
eCommerce-Database-mainappdirs.py,"{'type': 'variable', 'line': 481, 'name': 'dir', 'value': None, 'valueSrc': 'shell.SHGetFolderPath', 'isInput': False, 'args': [0, 'getattr', 0, 0]}"
eCommerce-Database-mainappdirs.py,"{'type': 'variable', 'line': 486, 'name': 'dir', 'value': None, 'valueSrc': 'unicode', 'isInput': False, 'args': ['dir']}"
eCommerce-Database-mainappdirs.py,"{'type': 'variable', 'line': 498, 'name': 'dir', 'value': None, 'valueSrc': 'win32api.GetShortPathName', 'isInput': False, 'args': ['dir']}"
eCommerce-Database-mainappdirs.py,"{'type': 'variable', 'line': 541, 'name': 'dir', 'value': None, 'valueSrc': 'jna.Native.toString.rstrip', 'isInput': False, 'args': ['\x00']}"
eCommerce-Database-mainappdirs.py,"{'type': 'variable', 'line': 554, 'name': 'dir', 'value': None, 'valueSrc': 'jna.Native.toString.rstrip', 'isInput': False, 'args': ['\x00']}"
appdaemon-devutils.py,"{'type': 'variable', 'line': 417, 'name': 'dir', 'value': None, 'valueSrc': 'os.path.dirname', 'isInput': False, 'args': ['path']}"
appdaemon-devutils.py,"{'type': 'variable', 'line': 422, 'name': 'dir', 'value': None, 'valueSrc': 'initialization', 'isInput': False}"
appdaemon-devutils.py,"{'type': 'variable', 'line': 431, 'name': 'dir', 'value': 'd', 'valueSrc': 'initialization', 'isInput': False}"
appdaemon-dev__main__.py,"{'type': 'variable', 'line': 397, 'name': 'dir', 'value': None, 'valueSrc': 'os.path.dirname', 'isInput': False, 'args': ['pidfile']}"
Nuitka-developappdirs.py,"{'type': 'variable', 'line': 481, 'name': 'dir', 'value': None, 'valueSrc': 'shell.SHGetFolderPath', 'isInput': False, 'args': [0, 'getattr', 0, 0]}"
Nuitka-developappdirs.py,"{'type': 'variable', 'line': 486, 'name': 'dir', 'value': None, 'valueSrc': 'unicode', 'isInput': False, 'args': ['dir']}"
Nuitka-developappdirs.py,"{'type': 'variable', 'line': 498, 'name': 'dir', 'value': None, 'valueSrc': 'win32api.GetShortPathName', 'isInput': False, 'args': ['dir']}"
Nuitka-developappdirs.py,"{'type': 'variable', 'line': 541, 'name': 'dir', 'value': None, 'valueSrc': 'jna.Native.toString.rstrip', 'isInput': False, 'args': ['\x00']}"
Nuitka-developappdirs.py,"{'type': 'variable', 'line': 554, 'name': 'dir', 'value': None, 'valueSrc': 'jna.Native.toString.rstrip', 'isInput': False, 'args': ['\x00']}"
Nuitka-developCacheDir.py,"{'type': 'variable', 'line': 304, 'name': 'dir', 'value': None, 'valueSrc': 'os.path.join', 'isInput': False, 'args': ['self.path', 'subdir']}"
Nuitka-develop__init__.py,"{'type': 'variable', 'line': 78, 'name': 'dir', 'value': None, 'valueSrc': 'initialization', 'isInput': False, 'values': ['dir', 'env.fs._cwd']}"
Nuitka-developbcc32.py,"{'type': 'variable', 'line': 43, 'name': 'dir', 'value': None, 'valueSrc': 'os.path.dirname', 'isInput': False, 'args': ['borwin']}"
Nuitka-developinstall.py,"{'type': 'variable', 'line': 284, 'name': 'dir', 'value': None, 'valueSrc': 'initialization', 'isInput': False}"
Nuitka-developinstall.py,"{'type': 'variable', 'line': 323, 'name': 'dir', 'value': None, 'valueSrc': 'initialization', 'isInput': False}"
Nuitka-develop__init__.py,"{'type': 'variable', 'line': 145, 'name': 'dir', 'value': None, 'valueSrc': 'initialization', 'isInput': False}"
Nuitka-develop__init__.py,"{'type': 'variable', 'line': 148, 'name': 'dir', 'value': 'base_dir', 'valueSrc': 'initialization', 'isInput': False}"
Nuitka-develop__init__.py,"{'type': 'variable', 'line': 150, 'name': 'dir', 'value': 'root', 'valueSrc': 'initialization', 'isInput': False}"
Nuitka-develop__init__.py,"{'type': 'variable', 'line': 153, 'name': 'dir', 'value': 'base_dir', 'valueSrc': 'initialization', 'isInput': False}"
Nuitka-developvs.py,"{'type': 'variable', 'line': 69, 'name': 'dir', 'value': None, 'valueSrc': 'SCons.Tool.MSCommon.vc.find_vc_pdir', 'isInput': False, 'args': ['self.vc_version']}"
Nuitka-develop__init__.py,"{'type': 'variable', 'line': 177, 'name': 'dir', 'value': 'os.path.split', 'valueSrc': 'initialization', 'isInput': False}"
Nuitka-developFS.py,"{'type': 'variable', 'line': 775, 'name': 'dir', 'value': None, 'valueSrc': 'self.fs.getcwd', 'isInput': False, 'args': []}"
Nuitka-developFS.py,"{'type': 'variable', 'line': 888, 'name': 'dir', 'value': None, 'valueSrc': 'create_dir_relative_to_self', 'isInput': False, 'args': ['path']}"
Nuitka-developFS.py,"{'type': 'variable', 'line': 1470, 'name': 'dir', 'value': None, 'valueSrc': 'dir.up', 'isInput': False, 'args': []}"
Nuitka-developFS.py,"{'type': 'variable', 'line': 1676, 'name': 'dir', 'value': None, 'valueSrc': 'initialization', 'isInput': False}"
Nuitka-developFS.py,"{'type': 'variable', 'line': 1684, 'name': 'dir', 'value': None, 'valueSrc': 'dir.up', 'isInput': False, 'args': []}"
Nuitka-developFS.py,"{'type': 'variable', 'line': 2008, 'name': 'dir', 'value': None, 'valueSrc': 'initialization', 'isInput': False}"
Nuitka-developFS.py,"{'type': 'variable', 'line': 2013, 'name': 'dir', 'value': None, 'valueSrc': 'dir.up', 'isInput': False, 'args': []}"
Nuitka-developCacheDir.py,"{'type': 'variable', 'line': 167, 'name': 'dir', 'value': None, 'valueSrc': 'os.path.join', 'isInput': False, 'args': ['self.path', 'subdir']}"
Nuitka-develop__init__.py,"{'type': 'variable', 'line': 76, 'name': 'dir', 'value': None, 'valueSrc': 'initialization', 'isInput': False, 'values': ['dir', 'env.fs._cwd']}"
Nuitka-develop__init__.py,"{'type': 'variable', 'line': 74, 'name': 'dir', 'value': 'os.path.split', 'valueSrc': 'initialization', 'isInput': False}"
Nuitka-developbcc32.py,"{'type': 'variable', 'line': 43, 'name': 'dir', 'value': None, 'valueSrc': 'os.path.dirname', 'isInput': False, 'args': ['borwin']}"
Nuitka-developmingw.py,"{'type': 'variable', 'line': 145, 'name': 'dir', 'value': None, 'valueSrc': 'os.path.dirname', 'isInput': False, 'args': ['mingw']}"
Nuitka-develop__init__.py,"{'type': 'variable', 'line': 143, 'name': 'dir', 'value': None, 'valueSrc': 'initialization', 'isInput': False}"
Nuitka-develop__init__.py,"{'type': 'variable', 'line': 146, 'name': 'dir', 'value': 'base_dir', 'valueSrc': 'initialization', 'isInput': False}"
Nuitka-develop__init__.py,"{'type': 'variable', 'line': 148, 'name': 'dir', 'value': 'root', 'valueSrc': 'initialization', 'isInput': False}"
Nuitka-develop__init__.py,"{'type': 'variable', 'line': 151, 'name': 'dir', 'value': 'base_dir', 'valueSrc': 'initialization', 'isInput': False}"
Nuitka-developvs.py,"{'type': 'variable', 'line': 143, 'name': 'dir', 'value': None, 'valueSrc': 'initialization', 'isInput': False}"
Nuitka-developvs.py,"{'type': 'variable', 'line': 146, 'name': 'dir', 'value': 'base_dir', 'valueSrc': 'initialization', 'isInput': False}"
Nuitka-developvs.py,"{'type': 'variable', 'line': 148, 'name': 'dir', 'value': 'root', 'valueSrc': 'initialization', 'isInput': False}"
Nuitka-developvs.py,"{'type': 'variable', 'line': 151, 'name': 'dir', 'value': 'base_dir', 'valueSrc': 'initialization', 'isInput': False}"
Nuitka-developvc.py,"{'type': 'variable', 'line': 143, 'name': 'dir', 'value': None, 'valueSrc': 'initialization', 'isInput': False}"
Nuitka-developvc.py,"{'type': 'variable', 'line': 146, 'name': 'dir', 'value': 'base_dir', 'valueSrc': 'initialization', 'isInput': False}"
Nuitka-developvc.py,"{'type': 'variable', 'line': 148, 'name': 'dir', 'value': 'root', 'valueSrc': 'initialization', 'isInput': False}"
Nuitka-developvc.py,"{'type': 'variable', 'line': 151, 'name': 'dir', 'value': 'base_dir', 'valueSrc': 'initialization', 'isInput': False}"
d6tflow-mastersettings.py,"{'type': 'variable', 'line': 7, 'name': 'dir', 'value': 'data', 'valueSrc': 'initialization', 'isInput': False}"
KindleEar-masteroeboutput.py,"{'type': 'variable', 'line': 41, 'name': 'dir', 'value': None, 'valueSrc': 'os.path.dirname', 'isInput': False, 'args': ['path']}"
KindleEar-masterbase.py,"{'type': 'variable', 'line': 486, 'name': 'dir', 'value': None, 'valueSrc': 'os.path.dirname', 'isInput': False, 'args': ['path']}"
KindleEar-mastersplit.py,"{'type': 'variable', 'line': 486, 'name': 'dir', 'value': None, 'valueSrc': 'os.path.dirname', 'isInput': False, 'args': ['path']}"
thefuck-masterno_such_file.py,"{'type': 'variable', 'line': 27, 'name': 'dir', 'value': 'file', 'valueSrc': 'initialization', 'isInput': False}"
thefuck-masterdirty_untar.py,"{'type': 'variable', 'line': 36, 'name': 'dir', 'value': None, 'valueSrc': 'shell.quote', 'isInput': False, 'args': ['_tar_file[1]']}"
Django-E-Commerce-masterunpacking.py,"{'type': 'variable', 'line': 122, 'name': 'dir', 'value': None, 'valueSrc': 'os.path.dirname', 'isInput': False, 'args': ['fn']}"
Django-E-Commerce-masterutils.py,"{'type': 'variable', 'line': 38, 'name': 'dir', 'value': None, 'valueSrc': 'os.path.join', 'isInput': False, 'args': ['location', 'dir']}"
learn_python3_spider-masterbuilder.py,"{'type': 'variable', 'line': 62, 'name': 'DIR', 'value': 'E.dir', 'valueSrc': 'initialization', 'isInput': False}"
learn_python3_spider-masterffiplatform.py,"{'type': 'variable', 'line': 71, 'name': 'dir', 'value': 'path', 'valueSrc': 'initialization', 'isInput': False}"
learn_python3_spider-mastermisc.py,"{'type': 'variable', 'line': 511, 'name': 'dir', 'value': None, 'valueSrc': 'os.path.dirname', 'isInput': False, 'args': ['fn']}"
learn_python3_spider-masterreq_install.py,"{'type': 'variable', 'line': 866, 'name': 'dir', 'value': None, 'valueSrc': 'os.path.normcase', 'isInput': False, 'args': ['os.path.abspath']}"
learn_python3_spider-masterreq_uninstall.py,"{'type': 'variable', 'line': 204, 'name': 'save_dir', 'value': None, 'valueSrc': 'AdjacentTempDirectory', 'isInput': False, 'args': ['path']}"
learn_python3_spider-masterreq_uninstall.py,"{'type': 'variable', 'line': 207, 'name': 'save_dir', 'value': None, 'valueSrc': 'TempDirectory', 'isInput': False, 'args': []}"
learn_python3_spider-masterreq_uninstall.py,"{'type': 'variable', 'line': 220, 'name': 'save_dir', 'value': None, 'valueSrc': 'initialization', 'isInput': False}"
learn_python3_spider-masterreq_uninstall.py,"{'type': 'variable', 'line': 224, 'name': 'save_dir', 'value': 'self._save_dirs', 'valueSrc': 'initialization', 'isInput': False}"
learn_python3_spider-masterreq_uninstall.py,"{'type': 'variable', 'line': 232, 'name': 'save_dir', 'value': None, 'valueSrc': 'TempDirectory', 'isInput': False, 'args': []}"
learn_python3_spider-masterappdirs.py,"{'type': 'variable', 'line': 481, 'name': 'dir', 'value': None, 'valueSrc': 'shell.SHGetFolderPath', 'isInput': False, 'args': [0, 'getattr', 0, 0]}"
learn_python3_spider-masterappdirs.py,"{'type': 'variable', 'line': 486, 'name': 'dir', 'value': None, 'valueSrc': 'unicode', 'isInput': False, 'args': ['dir']}"
learn_python3_spider-masterappdirs.py,"{'type': 'variable', 'line': 498, 'name': 'dir', 'value': None, 'valueSrc': 'win32api.GetShortPathName', 'isInput': False, 'args': ['dir']}"
learn_python3_spider-masterappdirs.py,"{'type': 'variable', 'line': 541, 'name': 'dir', 'value': None, 'valueSrc': 'jna.Native.toString.rstrip', 'isInput': False, 'args': ['\x00']}"
learn_python3_spider-masterappdirs.py,"{'type': 'variable', 'line': 554, 'name': 'dir', 'value': None, 'valueSrc': 'jna.Native.toString.rstrip', 'isInput': False, 'args': ['\x00']}"
