downloadcalaccessrawdata.py,"{'type': 'variable', 'line': 241, 'name': 'resp', 'value': None, 'valueSrc': 'requests.get', 'isInput': False, 'args': ['self.url']}"
documents.py,"{'type': 'variable', 'line': 52, 'name': 'r', 'value': None, 'valueSrc': 'requests.get', 'isInput': False, 'args': ['None.format']}"
proxy.py,"{'type': 'variable', 'line': 32, 'name': 'r', 'value': None, 'valueSrc': 'requests.get', 'isInput': False, 'args': ['http://api.IPstack.com/IP?access_key=']}"
Username.py,"{'type': 'variable', 'line': 21, 'name': 'response', 'value': None, 'valueSrc': 'requests.get', 'isInput': False, 'args': ['search_string']}"
macaddress.py,"{'type': 'variable', 'line': 5, 'name': 'response', 'value': None, 'valueSrc': 'requests.get', 'isInput': False, 'args': ['url']}"
ipaddress.py,"{'type': 'variable', 'line': 40, 'name': 'r', 'value': None, 'valueSrc': 'requests.get', 'isInput': False, 'args': ['http://api.IPstack.com/input?access_key=']}"
ipaddress.py,"{'type': 'variable', 'line': 71, 'name': 'r', 'value': None, 'valueSrc': 'requests.get', 'isInput': False, 'args': ['http://api.IPstack.com/input?access_key=']}"
Phonenumber.py,"{'type': 'variable', 'line': 11, 'name': 'response', 'value': None, 'valueSrc': 'requests.get', 'isInput': False, 'args': ['url']}"
subdomain.py,"{'type': 'variable', 'line': 9, 'name': 'response', 'value': None, 'valueSrc': 'requests.get', 'isInput': False, 'args': ['url']}"
crawler.py,"{'type': 'variable', 'line': 26, 'name': 'rqst', 'value': None, 'valueSrc': 'requests.get', 'isInput': False, 'args': ['target']}"
crawler.py,"{'type': 'variable', 'line': 39, 'name': 'r_rqst', 'value': None, 'valueSrc': 'requests.get', 'isInput': False, 'args': ['r_url']}"
crawler.py,"{'type': 'variable', 'line': 75, 'name': 'sm_rqst', 'value': None, 'valueSrc': 'requests.get', 'isInput': False, 'args': ['sm_url']}"
header.py,"{'type': 'variable', 'line': 13, 'name': 'rqst', 'value': None, 'valueSrc': 'requests.get', 'isInput': False, 'args': ['http://target']}"
cmsdetect.py,"{'type': 'variable', 'line': 6, 'name': 'response', 'value': None, 'valueSrc': 'requests.get', 'isInput': False, 'args': ['cms_url']}"
cors.py,"{'type': 'variable', 'line': 68, 'name': 'response', 'value': None, 'valueSrc': 'requests.get', 'isInput': False, 'args': ['url']}"
cors.py,"{'type': 'variable', 'line': 76, 'name': 'response', 'value': None, 'valueSrc': 'requests.get', 'isInput': False, 'args': ['url']}"
cors.py,"{'type': 'variable', 'line': 85, 'name': 'response', 'value': None, 'valueSrc': 'requests.get', 'isInput': False, 'args': ['url']}"
cors.py,"{'type': 'variable', 'line': 99, 'name': 'response', 'value': None, 'valueSrc': 'requests.get', 'isInput': False, 'args': ['url']}"
cors.py,"{'type': 'variable', 'line': 107, 'name': 'response', 'value': None, 'valueSrc': 'requests.get', 'isInput': False, 'args': ['url']}"
cors.py,"{'type': 'variable', 'line': 116, 'name': 'response', 'value': None, 'valueSrc': 'requests.get', 'isInput': False, 'args': ['url']}"
clickjacking.py,"{'type': 'variable', 'line': 14, 'name': 'page', 'value': None, 'valueSrc': 'requests.get', 'isInput': False, 'args': ['url']}"
hostheader.py,"{'type': 'variable', 'line': 13, 'name': 'response', 'value': None, 'valueSrc': 'requests.get', 'isInput': False, 'args': ['url']}"
sitemap_ping.py,"{'type': 'variable', 'line': 94, 'name': 'response', 'value': None, 'valueSrc': 'requests.get', 'isInput': False, 'args': ['ping_url']}"
upload.py,"{'type': 'variable', 'line': 63, 'name': 'response', 'value': None, 'valueSrc': 'requests.get', 'isInput': False, 'args': ['url']}"
session.py,"{'type': 'variable', 'line': 133, 'name': 'response', 'value': None, 'valueSrc': 'requests.get', 'isInput': False, 'args': ['urls.get_installations']}"
session.py,"{'type': 'variable', 'line': 164, 'name': 'response', 'value': None, 'valueSrc': 'requests.get', 'isInput': False, 'args': ['urls.overview']}"
session.py,"{'type': 'variable', 'line': 226, 'name': 'response', 'value': None, 'valueSrc': 'requests.get', 'isInput': False, 'args': ['urls.get_armstate_transaction']}"
session.py,"{'type': 'variable', 'line': 240, 'name': 'response', 'value': None, 'valueSrc': 'requests.get', 'isInput': False, 'args': ['urls.get_armstate']}"
session.py,"{'type': 'variable', 'line': 262, 'name': 'response', 'value': None, 'valueSrc': 'requests.get', 'isInput': False, 'args': ['urls.history']}"
session.py,"{'type': 'variable', 'line': 283, 'name': 'response', 'value': None, 'valueSrc': 'requests.get', 'isInput': False, 'args': ['urls.climate']}"
session.py,"{'type': 'variable', 'line': 299, 'name': 'response', 'value': None, 'valueSrc': 'requests.get', 'isInput': False, 'args': ['urls.get_lockstate']}"
session.py,"{'type': 'variable', 'line': 339, 'name': 'response', 'value': None, 'valueSrc': 'requests.get', 'isInput': False, 'args': ['urls.get_lockstate_transaction']}"
session.py,"{'type': 'variable', 'line': 357, 'name': 'response', 'value': None, 'valueSrc': 'requests.get', 'isInput': False, 'args': ['urls.lockconfig']}"
session.py,"{'type': 'variable', 'line': 422, 'name': 'response', 'value': None, 'valueSrc': 'requests.get', 'isInput': False, 'args': ['urls.get_imageseries']}"
session.py,"{'type': 'variable', 'line': 449, 'name': 'response', 'value': None, 'valueSrc': 'requests.get', 'isInput': False, 'args': ['urls.download_image']}"
session.py,"{'type': 'variable', 'line': 466, 'name': 'response', 'value': None, 'valueSrc': 'requests.get', 'isInput': False, 'args': ['urls.get_vacationmode']}"
session.py,"{'type': 'variable', 'line': 480, 'name': 'response', 'value': None, 'valueSrc': 'requests.get', 'isInput': False, 'args': ['urls.door_window']}"
session.py,"{'type': 'variable', 'line': 519, 'name': 'response', 'value': None, 'valueSrc': 'requests.get', 'isInput': False, 'args': ['urls.get_heatpump_state']}"
doi_logger.py,"{'type': 'variable', 'line': 69, 'name': 'page_content', 'value': None, 'valueSrc': 'urllib.urlopen', 'isInput': False, 'args': ['quasi_url']}"
doi_logger.py,"{'type': 'variable', 'line': 129, 'name': 'req', 'value': None, 'valueSrc': 'requests.get', 'isInput': False, 'args': ['pdf_url']}"
hawkscan.py,"{'type': 'variable', 'line': 229, 'name': 'req_red', 'value': None, 'valueSrc': 'requests.get', 'isInput': False, 'args': ['url']}"
hawkscan.py,"{'type': 'variable', 'line': 239, 'name': 'req_red', 'value': None, 'valueSrc': 'requests.get', 'isInput': False, 'args': ['url']}"
hawkscan.py,"{'type': 'variable', 'line': 509, 'name': 'req_d', 'value': None, 'valueSrc': 'requests.get', 'isInput': False, 'args': ['hidd_d']}"
hawkscan.py,"{'type': 'variable', 'line': 510, 'name': 'req_f', 'value': None, 'valueSrc': 'requests.get', 'isInput': False, 'args': ['hidd_f']}"
hawkscan.py,"{'type': 'variable', 'line': 512, 'name': 'req_d', 'value': None, 'valueSrc': 'requests.get', 'isInput': False, 'args': ['hidd_d']}"
hawkscan.py,"{'type': 'variable', 'line': 513, 'name': 'req_f', 'value': None, 'valueSrc': 'requests.get', 'isInput': False, 'args': ['hidd_f']}"
hawkscan.py,"{'type': 'variable', 'line': 549, 'name': 'req', 'value': None, 'valueSrc': 'requests.get', 'isInput': False, 'args': ['error_link']}"
hawkscan.py,"{'type': 'variable', 'line': 587, 'name': 'req', 'value': None, 'valueSrc': 'requests.get', 'isInput': False, 'args': ['url']}"
hawkscan.py,"{'type': 'variable', 'line': 690, 'name': 'req_timeout', 'value': None, 'valueSrc': 'requests.get', 'isInput': False, 'args': ['url']}"
hawkscan.py,"{'type': 'variable', 'line': 928, 'name': 'req_test_index', 'value': None, 'valueSrc': 'requests.get', 'isInput': False, 'args': ['url']}"
hawkscan.py,"{'type': 'variable', 'line': 936, 'name': 'req_test_many', 'value': None, 'valueSrc': 'requests.get', 'isInput': False, 'args': ['url']}"
hawkscan.py,"{'type': 'variable', 'line': 1179, 'name': 'req_exclude', 'value': None, 'valueSrc': 'requests.get', 'isInput': False, 'args': ['exclude']}"
hawkscan.py,"{'type': 'variable', 'line': 1182, 'name': 'r', 'value': None, 'valueSrc': 'requests.get', 'isInput': False, 'args': ['url']}"
check_cms.py,"{'type': 'variable', 'line': 15, 'name': 'req', 'value': None, 'valueSrc': 'requests.get', 'isInput': False, 'args': ['None.format']}"
check_cms.py,"{'type': 'variable', 'line': 45, 'name': 'req', 'value': None, 'valueSrc': 'requests.get', 'isInput': False, 'args': ['url_comp']}"
check_cms.py,"{'type': 'variable', 'line': 51, 'name': 'req', 'value': None, 'valueSrc': 'requests.get', 'isInput': False, 'args': ['site']}"
check_cms.py,"{'type': 'variable', 'line': 64, 'name': 'req', 'value': None, 'valueSrc': 'requests.get', 'isInput': False, 'args': ['site']}"
detect_waf.py,"{'type': 'variable', 'line': 10, 'name': 'req_test_waf', 'value': None, 'valueSrc': 'requests.get', 'isInput': False, 'args': ['url_send']}"
parsing_html.py,"{'type': 'variable', 'line': 67, 'name': 'req_s3', 'value': None, 'valueSrc': 'requests.get', 'isInput': False, 'args': ['r']}"
mini_scans.py,"{'type': 'variable', 'line': 17, 'name': 'r', 'value': None, 'valueSrc': 'requests.get', 'isInput': False, 'args': ['url']}"
mini_scans.py,"{'type': 'variable', 'line': 43, 'name': 'req', 'value': None, 'valueSrc': 'requests.get', 'isInput': False, 'args': ['github']}"
mini_scans.py,"{'type': 'variable', 'line': 197, 'name': 'req', 'value': None, 'valueSrc': 'requests.get', 'isInput': False, 'args': ['url']}"
waybacktool.py,"{'type': 'variable', 'line': 30, 'name': 'r', 'value': None, 'valueSrc': 'requests.get', 'isInput': False, 'args': ['url']}"
schema.py,"{'type': 'variable', 'line': 492, 'name': 'res', 'value': None, 'valueSrc': 'requests.get', 'isInput': False, 'args': ['self.jobs_xml_feed']}"
views.py,"{'type': 'variable', 'line': 36, 'name': 'r', 'value': None, 'valueSrc': 'requests.get', 'isInput': False, 'args': ['HIS_CENTRAL_URL']}"
views.py,"{'type': 'variable', 'line': 167, 'name': 'ts', 'value': None, 'valueSrc': 'requests.get', 'isInput': False, 'args': ['url']}"
ts_utils.py,"{'type': 'variable', 'line': 462, 'name': 'r', 'value': None, 'valueSrc': 'requests.get', 'isInput': False, 'args': ['service_url']}"
models.py,"{'type': 'variable', 'line': 469, 'name': 'response', 'value': None, 'valueSrc': 'requests.get', 'isInput': False, 'args': ['url']}"
tasks.py,"{'type': 'variable', 'line': 179, 'name': 'response', 'value': None, 'valueSrc': 'requests.get', 'isInput': False, 'args': ['req_str.format']}"
grabber.py,"{'type': 'variable', 'line': 25, 'name': 'req', 'value': None, 'valueSrc': 'requests.get', 'isInput': False, 'args': ['page_url']}"
email_threading.py,"{'type': 'variable', 'line': 34, 'name': 'res', 'value': None, 'valueSrc': 'requests.get', 'isInput': False, 'args': ['url']}"
duplicate_detection.py,"{'type': 'variable', 'line': 65, 'name': 'res', 'value': None, 'valueSrc': 'requests.get', 'isInput': False, 'args': ['url']}"
duplicate_detection.py,"{'type': 'variable', 'line': 175, 'name': 'res', 'value': None, 'valueSrc': 'requests.get', 'isInput': False, 'args': ['url']}"
remote_settings.py,"{'type': 'variable', 'line': 50, 'name': 'response', 'value': None, 'valueSrc': 'requests.get', 'isInput': False, 'args': ['host']}"
remote_settings.py,"{'type': 'variable', 'line': 72, 'name': 'response', 'value': None, 'valueSrc': 'requests.get', 'isInput': False, 'args': ['bucket_url']}"
remote_settings.py,"{'type': 'variable', 'line': 82, 'name': 'response', 'value': None, 'valueSrc': 'requests.get', 'isInput': False, 'args': ['collection_url']}"
import_blocklist.py,"{'type': 'variable', 'line': 29, 'name': 'response', 'value': None, 'valueSrc': 'requests.get', 'isInput': False, 'args': ['LEGACY_BLOCKLIST_URL']}"
models.py,"{'type': 'variable', 'line': 854, 'name': 'response', 'value': None, 'valueSrc': 'requests.get', 'isInput': False, 'args': ['url']}"
verify.py,"{'type': 'variable', 'line': 67, 'name': 'response', 'value': None, 'valueSrc': 'requests.get', 'isInput': False, 'args': ['/profile']}"
fetch_prod_versions.py,"{'type': 'variable', 'line': 64, 'name': 'data', 'value': None, 'valueSrc': 'requests.get', 'isInput': False, 'args': ['url']}"
fetch_prod_addons.py,"{'type': 'variable', 'line': 49, 'name': 'response', 'value': None, 'valueSrc': 'requests.get', 'isInput': False, 'args': ['self.SEARCH_API_URL']}"
fetch_prod_addons.py,"{'type': 'variable', 'line': 60, 'name': 'response', 'value': None, 'valueSrc': 'requests.get', 'isInput': False, 'args': ['self.SEARCH_API_URL']}"
forms.py,"{'type': 'variable', 'line': 37, 'name': 'response', 'value': None, 'valueSrc': 'requests.get', 'isInput': False, 'args': ['url']}"
monitors.py,"{'type': 'variable', 'line': 155, 'name': 'response', 'value': None, 'valueSrc': 'requests.get', 'isInput': False, 'args': ['None.format']}"
extract_content_strings.py,"{'type': 'variable', 'line': 24, 'name': 'response', 'value': None, 'valueSrc': 'requests.get', 'isInput': False, 'args': ['self.api']}"
data.py,"{'type': 'variable', 'line': 140, 'name': 'image', 'value': None, 'valueSrc': 'requests.get', 'isInput': False, 'args': ['image_url']}"
data.py,"{'type': 'variable', 'line': 352, 'name': 'image', 'value': None, 'valueSrc': 'requests.get', 'isInput': False, 'args': ['image_url']}"
data.py,"{'type': 'variable', 'line': 525, 'name': 'image', 'value': None, 'valueSrc': 'requests.get', 'isInput': False, 'args': ['image_url']}"
__init__.py,"{'type': 'variable', 'line': 228, 'name': 'response', 'value': None, 'valueSrc': 'requests.get', 'isInput': False, 'args': ['url']}"
__init__.py,"{'type': 'variable', 'line': 244, 'name': 'response', 'value': None, 'valueSrc': 'requests.get', 'isInput': False, 'args': ['url']}"
__init__.py,"{'type': 'variable', 'line': 266, 'name': 'response', 'value': None, 'valueSrc': 'requests.get', 'isInput': False, 'args': ['url']}"
__init__.py,"{'type': 'variable', 'line': 275, 'name': 'response', 'value': None, 'valueSrc': 'requests.get', 'isInput': False, 'args': ['url']}"
mdx_gist.py,"{'type': 'variable', 'line': 125, 'name': 'resp', 'value': None, 'valueSrc': 'requests.get', 'isInput': False, 'args': ['url']}"
mdx_gist.py,"{'type': 'variable', 'line': 135, 'name': 'resp', 'value': None, 'valueSrc': 'requests.get', 'isInput': False, 'args': ['url']}"
subtheme.py,"{'type': 'variable', 'line': 130, 'name': 'r', 'value': None, 'valueSrc': 'requests.get', 'isInput': False, 'args': ['url']}"
check.py,"{'type': 'variable', 'line': 287, 'name': 'resp', 'value': None, 'valueSrc': 'requests.get', 'isInput': False, 'args': ['target']}"
check.py,"{'type': 'variable', 'line': 294, 'name': 'resp', 'value': None, 'valueSrc': 'requests.get', 'isInput': False, 'args': ['target']}"
spaces.py,"{'type': 'variable', 'line': 52, 'name': 'resp', 'value': None, 'valueSrc': 'requests.get', 'isInput': False, 'args': ['SPACES_API_URL']}"
spaces.py,"{'type': 'variable', 'line': 80, 'name': 'resp', 'value': None, 'valueSrc': 'requests.get', 'isInput': False, 'args': ['url']}"
spaces.py,"{'type': 'variable', 'line': 87, 'name': 'resp', 'value': None, 'valueSrc': 'requests.get', 'isInput': False, 'args': ['url']}"
token_plugins.py,"{'type': 'variable', 'line': 78, 'name': 'resp', 'value': None, 'valueSrc': 'requests.get', 'isInput': False, 'args': ['token']}"
dynatrace_hybris_ecommerce_fastpack.py,"{'type': 'variable', 'line': 90, 'name': 'validatgetresponse', 'value': None, 'valueSrc': 'requests.get', 'isInput': False, 'args': ['validateGetURL']}"
utils.py,"{'type': 'function_call', 'line': 113, 'name': 'requests.get', 'args': ['SPLASH_URL', '/_ping'], 'keywords': [], 'hasInputs': False}"
response.py,"{'type': 'variable', 'line': 146, 'name': 'res', 'value': None, 'valueSrc': 'requests.get', 'isInput': False, 'args': ['page_url']}"
get_software_hashes.py,"{'type': 'variable', 'line': 65, 'name': 'zf', 'value': None, 'valueSrc': 'requests.get', 'isInput': False, 'args': ['zip_url']}"
wordpress.py,"{'type': 'variable', 'line': 1021, 'name': 's', 'value': None, 'valueSrc': 'requests.get', 'isInput': False, 'args': ['http:///wp-content/plugins/']}"
wordpress.py,"{'type': 'variable', 'line': 1039, 'name': 'r', 'value': None, 'valueSrc': 'requests.get', 'isInput': False, 'args': ['http:///wp-content/plugins/plus']}"
wordpress.py,"{'type': 'variable', 'line': 1057, 'name': 's', 'value': None, 'valueSrc': 'requests.get', 'isInput': False, 'args': ['http:///wp-content/plugins/']}"
finder.py,"{'type': 'variable', 'line': 141, 'name': 'r', 'value': None, 'valueSrc': 'requests.get', 'isInput': False, 'args': ['Noneinputi']}"
robots.py,"{'type': 'variable', 'line': 55, 'name': 'reqs', 'value': None, 'valueSrc': 'requests.get', 'isInput': False, 'args': ['ur']}"
lolwikia.py,"{'type': 'variable', 'line': 68, 'name': 'page', 'value': None, 'valueSrc': 'requests.get', 'isInput': False, 'args': ['http://leagueoflegends.wikia.com/wiki/List_of_champions']}"
common.py,"{'type': 'variable', 'line': 179, 'name': 'r', 'value': None, 'valueSrc': 'requests.get', 'isInput': False, 'args': ['url']}"
common.py,"{'type': 'variable', 'line': 182, 'name': 'r', 'value': None, 'valueSrc': 'requests.get', 'isInput': False, 'args': ['url']}"
gh_api.py,"{'type': 'variable', 'line': 116, 'name': 'response', 'value': None, 'valueSrc': 'requests.get', 'isInput': False, 'args': ['url']}"
gh_api.py,"{'type': 'variable', 'line': 142, 'name': 'response', 'value': None, 'valueSrc': 'requests.get', 'isInput': False, 'args': ['url']}"
gh_api.py,"{'type': 'variable', 'line': 198, 'name': 'r', 'value': None, 'valueSrc': 'requests.get', 'isInput': False, 'args': ['pr[commits_url]']}"
gen_latex_symbols.py,"{'type': 'variable', 'line': 18, 'name': 'r', 'value': None, 'valueSrc': 'requests.get', 'isInput': False, 'args': ['url']}"
3-1-requests.py,"{'type': 'variable', 'line': 7, 'name': 'r', 'value': None, 'valueSrc': 'requests.get', 'isInput': False, 'args': ['http://www.baidu.com/s']}"
3-1-requests.py,"{'type': 'variable', 'line': 35, 'name': 'r', 'value': None, 'valueSrc': 'requests.get', 'isInput': False, 'args': ['http://pythonscraping.com/pages/cookies/profile.php']}"
3-2-download.py,"{'type': 'variable', 'line': 14, 'name': 'r', 'value': None, 'valueSrc': 'requests.get', 'isInput': False, 'args': ['IMAGE_URL']}"
3-2-download.py,"{'type': 'variable', 'line': 21, 'name': 'r', 'value': None, 'valueSrc': 'requests.get', 'isInput': False, 'args': ['IMAGE_URL']}"
3-3-practice-download-images.py,"{'type': 'variable', 'line': 16, 'name': 'r', 'value': None, 'valueSrc': 'requests.get', 'isInput': False, 'args': ['url']}"
utils.py,"{'type': 'variable', 'line': 55, 'name': 'r', 'value': None, 'valueSrc': 'requests.get', 'isInput': False, 'args': ['endpoint']}"
broker.py,"{'type': 'variable', 'line': 27, 'name': 'r', 'value': None, 'valueSrc': 'requests.get', 'isInput': False, 'args': ['None.format']}"
repo_info_worker.py,"{'type': 'variable', 'line': 230, 'name': 'r', 'value': None, 'valueSrc': 'requests.get', 'isInput': False, 'args': ['url']}"
repo_info_worker.py,"{'type': 'variable', 'line': 247, 'name': 'r', 'value': None, 'valueSrc': 'requests.get', 'isInput': False, 'args': ['url']}"
repo_info_worker.py,"{'type': 'variable', 'line': 263, 'name': 'r', 'value': None, 'valueSrc': 'requests.get', 'isInput': False, 'args': ['url']}"
servicos.py,"{'type': 'variable', 'line': 82, 'name': 'response', 'value': None, 'valueSrc': 'requests.get', 'isInput': False, 'args': ['conf.endpoint.servicos']}"
produtos.py,"{'type': 'variable', 'line': 84, 'name': 'response', 'value': None, 'valueSrc': 'requests.get', 'isInput': False, 'args': ['conf.endpoint.produtos']}"
scrape2.py,"{'type': 'variable', 'line': 83, 'name': 'response', 'value': None, 'valueSrc': 'requests.get', 'isInput': False, 'args': ['url']}"
scrape1.py,"{'type': 'variable', 'line': 57, 'name': 'response', 'value': None, 'valueSrc': 'requests.get', 'isInput': False, 'args': ['my_url']}"
translate.py,"{'type': 'variable', 'line': 13, 'name': 'r', 'value': None, 'valueSrc': 'requests.get', 'isInput': False, 'args': ['None.format']}"
item.py,"{'type': 'variable', 'line': 25, 'name': 'request', 'value': None, 'valueSrc': 'requests.get', 'isInput': False, 'args': ['self.url']}"
item.py,"{'type': 'variable', 'line': 21, 'name': 'request', 'value': None, 'valueSrc': 'requests.get', 'isInput': False, 'args': ['self.url']}"
item.py,"{'type': 'variable', 'line': 25, 'name': 'request', 'value': None, 'valueSrc': 'requests.get', 'isInput': False, 'args': ['self.url']}"
item.py,"{'type': 'variable', 'line': 28, 'name': 'request', 'value': None, 'valueSrc': 'requests.get', 'isInput': False, 'args': ['self.url']}"
item.py,"{'type': 'variable', 'line': 25, 'name': 'request', 'value': None, 'valueSrc': 'requests.get', 'isInput': False, 'args': ['self.url']}"
item.py,"{'type': 'variable', 'line': 25, 'name': 'request', 'value': None, 'valueSrc': 'requests.get', 'isInput': False, 'args': ['self.url']}"
item.py,"{'type': 'variable', 'line': 21, 'name': 'request', 'value': None, 'valueSrc': 'requests.get', 'isInput': False, 'args': ['self.url']}"
item.py,"{'type': 'variable', 'line': 25, 'name': 'request', 'value': None, 'valueSrc': 'requests.get', 'isInput': False, 'args': ['self.url']}"
item.py,"{'type': 'variable', 'line': 21, 'name': 'request', 'value': None, 'valueSrc': 'requests.get', 'isInput': False, 'args': ['self.url']}"
item.py,"{'type': 'variable', 'line': 21, 'name': 'request', 'value': None, 'valueSrc': 'requests.get', 'isInput': False, 'args': ['self.url']}"
item.py,"{'type': 'variable', 'line': 21, 'name': 'request', 'value': None, 'valueSrc': 'requests.get', 'isInput': False, 'args': ['self.url']}"
item.py,"{'type': 'variable', 'line': 21, 'name': 'request', 'value': None, 'valueSrc': 'requests.get', 'isInput': False, 'args': ['self.url']}"
item.py,"{'type': 'variable', 'line': 21, 'name': 'request', 'value': None, 'valueSrc': 'requests.get', 'isInput': False, 'args': ['self.url']}"
item.py,"{'type': 'variable', 'line': 25, 'name': 'request', 'value': None, 'valueSrc': 'requests.get', 'isInput': False, 'args': ['self.url']}"
item.py,"{'type': 'variable', 'line': 25, 'name': 'request', 'value': None, 'valueSrc': 'requests.get', 'isInput': False, 'args': ['self.url']}"
item.py,"{'type': 'variable', 'line': 23, 'name': 'request', 'value': None, 'valueSrc': 'requests.get', 'isInput': False, 'args': ['self.url']}"
item.py,"{'type': 'variable', 'line': 25, 'name': 'request', 'value': None, 'valueSrc': 'requests.get', 'isInput': False, 'args': ['self.url']}"
item.py,"{'type': 'variable', 'line': 21, 'name': 'request', 'value': None, 'valueSrc': 'requests.get', 'isInput': False, 'args': ['self.url']}"
item.py,"{'type': 'variable', 'line': 20, 'name': 'request', 'value': None, 'valueSrc': 'requests.get', 'isInput': False, 'args': ['self.url']}"
item.py,"{'type': 'variable', 'line': 25, 'name': 'request', 'value': None, 'valueSrc': 'requests.get', 'isInput': False, 'args': ['self.url']}"
item.py,"{'type': 'variable', 'line': 21, 'name': 'request', 'value': None, 'valueSrc': 'requests.get', 'isInput': False, 'args': ['self.url']}"
item.py,"{'type': 'variable', 'line': 15, 'name': 'request', 'value': None, 'valueSrc': 'requests.get', 'isInput': False, 'args': ['self.url']}"
item.py,"{'type': 'variable', 'line': 21, 'name': 'request', 'value': None, 'valueSrc': 'requests.get', 'isInput': False, 'args': ['self.url']}"
item.py,"{'type': 'variable', 'line': 20, 'name': 'request', 'value': None, 'valueSrc': 'requests.get', 'isInput': False, 'args': ['self.url']}"
app.py,"{'type': 'variable', 'line': 10, 'name': 'request', 'value': None, 'valueSrc': 'requests.get', 'isInput': False, 'args': ['URL']}"
item.py,"{'type': 'variable', 'line': 25, 'name': 'request', 'value': None, 'valueSrc': 'requests.get', 'isInput': False, 'args': ['self.url']}"
item.py,"{'type': 'variable', 'line': 21, 'name': 'request', 'value': None, 'valueSrc': 'requests.get', 'isInput': False, 'args': ['self.url']}"
item.py,"{'type': 'variable', 'line': 23, 'name': 'request', 'value': None, 'valueSrc': 'requests.get', 'isInput': False, 'args': ['self.url']}"
item.py,"{'type': 'variable', 'line': 21, 'name': 'request', 'value': None, 'valueSrc': 'requests.get', 'isInput': False, 'args': ['self.url']}"
item.py,"{'type': 'variable', 'line': 21, 'name': 'request', 'value': None, 'valueSrc': 'requests.get', 'isInput': False, 'args': ['self.url']}"
item.py,"{'type': 'variable', 'line': 21, 'name': 'request', 'value': None, 'valueSrc': 'requests.get', 'isInput': False, 'args': ['self.url']}"
item.py,"{'type': 'variable', 'line': 21, 'name': 'request', 'value': None, 'valueSrc': 'requests.get', 'isInput': False, 'args': ['self.url']}"
item.py,"{'type': 'variable', 'line': 21, 'name': 'request', 'value': None, 'valueSrc': 'requests.get', 'isInput': False, 'args': ['self.url']}"
send_grid.py,"{'type': 'variable', 'line': 9, 'name': 'response', 'value': None, 'valueSrc': 'requests.get', 'isInput': False, 'args': ['CONTACTS_ENDPOINT']}"
functions.py,"{'type': 'variable', 'line': 12, 'name': 'response', 'value': None, 'valueSrc': 'requests.get', 'isInput': False, 'args': ['udemy_url']}"
functions.py,"{'type': 'variable', 'line': 50, 'name': 'response', 'value': None, 'valueSrc': 'requests.get', 'isInput': False, 'args': ['search_result']}"
auth.py,"{'type': 'variable', 'line': 89, 'name': 'r', 'value': None, 'valueSrc': 'requests.get', 'isInput': False, 'args': ['url']}"
utils.py,"{'type': 'variable', 'line': 66, 'name': 'api_response', 'value': None, 'valueSrc': 'requests.get', 'isInput': False, 'args': ['url']}"
utils.py,"{'type': 'variable', 'line': 83, 'name': 'api_response', 'value': None, 'valueSrc': 'requests.get', 'isInput': False, 'args': ['url']}"
fetch_stories.py,"{'type': 'variable', 'line': 25, 'name': 'response', 'value': None, 'valueSrc': 'requests.get', 'isInput': False, 'args': ['rss_url']}"
utils.py,"{'type': 'variable', 'line': 17, 'name': 'req', 'value': None, 'valueSrc': 'requests.get', 'isInput': False, 'args': ['NOMINATIM_URL']}"
fundraising_status.py,"{'type': 'variable', 'line': 23, 'name': 'request', 'value': None, 'valueSrc': 'requests.get', 'isInput': False, 'args': ['url']}"
models.py,"{'type': 'variable', 'line': 159, 'name': 'response', 'value': None, 'valueSrc': 'requests.get', 'isInput': False, 'args': ['url']}"
base_handler.py,"{'type': 'variable', 'line': 101, 'name': 'r', 'value': None, 'valueSrc': 'requests.get', 'isInput': False, 'args': ['target']}"
builders.py,"{'type': 'variable', 'line': 64, 'name': 'r', 'value': None, 'valueSrc': 'requests.get', 'isInput': False, 'args': ['rtfd_url']}"
utils.py,"{'type': 'variable', 'line': 23, 'name': 'r', 'value': None, 'valueSrc': 'requests.get', 'isInput': False, 'args': ['value']}"
price_comparison_engine.py,"{'type': 'variable', 'line': 107, 'name': 'source_code', 'value': None, 'valueSrc': 'requests.get', 'isInput': False, 'args': ['url_flip']}"
price_comparison_engine.py,"{'type': 'variable', 'line': 126, 'name': 'product_source_code', 'value': None, 'valueSrc': 'requests.get', 'isInput': False, 'args': ['self.link_flip']}"
price_comparison_engine.py,"{'type': 'variable', 'line': 144, 'name': 'source_code', 'value': None, 'valueSrc': 'requests.get', 'isInput': False, 'args': ['url_amzn']}"
price_comparison_engine.py,"{'type': 'variable', 'line': 159, 'name': 'product_source_code', 'value': None, 'valueSrc': 'requests.get', 'isInput': False, 'args': ['self.product_link']}"
price_comparison_engine.py,"{'type': 'variable', 'line': 176, 'name': 'product_source_code', 'value': None, 'valueSrc': 'requests.get', 'isInput': False, 'args': ['self.product_link']}"
price_comparison_engine.py,"{'type': 'variable', 'line': 195, 'name': 'product_source_code', 'value': None, 'valueSrc': 'requests.get', 'isInput': False, 'args': ['self.link_flip']}"
rules.py,"{'type': 'variable', 'line': 154, 'name': 'r', 'value': None, 'valueSrc': 'requests.get', 'isInput': False, 'args': ['rules_url']}"
powertrackclient.py,"{'type': 'variable', 'line': 68, 'name': 'r', 'value': None, 'valueSrc': 'requests.get', 'isInput': False, 'args': ['self.url']}"
__init__.py,"{'type': 'variable', 'line': 501, 'name': 'r', 'value': None, 'valueSrc': 'requests.get', 'isInput': False, 'args': ['link']}"
__init__.py,"{'type': 'variable', 'line': 883, 'name': 'r', 'value': None, 'valueSrc': 'requests.get', 'isInput': False, 'args': ['nbc_scores_link']}"
__init__.py,"{'type': 'variable', 'line': 895, 'name': 'r', 'value': None, 'valueSrc': 'requests.get', 'isInput': False, 'args': ['bball_breakdown_link']}"
__init__.py,"{'type': 'variable', 'line': 916, 'name': 'r', 'value': None, 'valueSrc': 'requests.get', 'isInput': False, 'args': ['fansided_link']}"
GSU.py,"{'type': 'variable', 'line': 28, 'name': 'IP', 'value': None, 'valueSrc': 'requests.get', 'isInput': False, 'args': ['Server']}"
youtube.py,"{'type': 'variable', 'line': 238, 'name': 'response', 'value': None, 'valueSrc': 'requests.get', 'isInput': False, 'args': ['url']}"
vimeo.py,"{'type': 'variable', 'line': 217, 'name': 'response', 'value': None, 'valueSrc': 'requests.get', 'isInput': False, 'args': ['url']}"
vimeo.py,"{'type': 'variable', 'line': 432, 'name': 'response', 'value': None, 'valueSrc': 'requests.get', 'isInput': False, 'args': ['url']}"
cli.py,"{'type': 'variable', 'line': 119, 'name': 'resp', 'value': None, 'valueSrc': 'requests.get', 'isInput': False, 'args': ['url_path']}"
version.py,"{'type': 'variable', 'line': 69, 'name': 'rsp', 'value': None, 'valueSrc': 'requests.get', 'isInput': False, 'args': ['PYPI_STREAMLIT_URL']}"
__init__.py,"{'type': 'function_call', 'line': 34, 'name': 'urllib.urlopen', 'args': ['%s?%s'], 'keywords': [], 'hasInputs': False}"
day_one_class.py,"{'type': 'variable', 'line': 46, 'name': 'response', 'value': None, 'valueSrc': 'requests.get', 'isInput': False, 'args': ['GITHUB_API_URL']}"
daytwo_part1.py,"{'type': 'variable', 'line': 64, 'name': 'response', 'value': None, 'valueSrc': 'requests.get', 'isInput': False, 'args': ['GITHUB_API_URL']}"
day_one_min.py,"{'type': 'variable', 'line': 25, 'name': 'response', 'value': None, 'valueSrc': 'requests.get', 'isInput': False, 'args': ['GITHUB_API_URL']}"
dayone.py,"{'type': 'variable', 'line': 46, 'name': 'response', 'value': None, 'valueSrc': 'requests.get', 'isInput': False, 'args': ['GITHUB_API_URL']}"
api.py,"{'type': 'variable', 'line': 27, 'name': 'response', 'value': None, 'valueSrc': 'requests.get', 'isInput': False, 'args': ['GITHUB_API_URL']}"
api.py,"{'type': 'variable', 'line': 27, 'name': 'response', 'value': None, 'valueSrc': 'requests.get', 'isInput': False, 'args': ['GITHUB_API_URL']}"
optional_adv_exercise.py,"{'type': 'variable', 'line': 64, 'name': 'response', 'value': None, 'valueSrc': 'requests.get', 'isInput': False, 'args': ['GITHUB_API_URL']}"
dog.py,"{'type': 'variable', 'line': 6, 'name': 'response', 'value': None, 'valueSrc': 'requests.get', 'isInput': False, 'args': ['api_url']}"
exercise.py,"{'type': 'variable', 'line': 48, 'name': 'response', 'value': None, 'valueSrc': 'requests.get', 'isInput': False, 'args': ['GITHUB_API_URL']}"
read_reproducible_status.py,"{'type': 'variable', 'line': 84, 'name': 'req', 'value': None, 'valueSrc': 'requests.get', 'isInput': False, 'args': ['url']}"
resolvers.py,"{'type': 'variable', 'line': 14, 'name': 'source', 'value': None, 'valueSrc': 'urllib.urlopen', 'isInput': False, 'args': ['uri']}"
resolvers.py,"{'type': 'variable', 'line': 26, 'name': 'source', 'value': None, 'valueSrc': 'urllib.urlopen', 'isInput': False, 'args': ['uri']}"
TCcompound.py,"{'type': 'variable', 'line': 14, 'name': 'source', 'value': None, 'valueSrc': 'urllib.urlopen', 'isInput': False, 'args': ['uri']}"
TCcompound.py,"{'type': 'variable', 'line': 26, 'name': 'source', 'value': None, 'valueSrc': 'urllib.urlopen', 'isInput': False, 'args': ['uri']}"
pyramid_with_crosstown_traffic.py,"{'type': 'variable', 'line': 75, 'name': 'r', 'value': None, 'valueSrc': 'requests.get', 'isInput': False, 'args': ['http://localhost:8010/.25']}"
perf_client1.py,"{'type': 'variable', 'line': 6, 'name': 'r', 'value': None, 'valueSrc': 'requests.get', 'isInput': False, 'args': ['http://localhost:8000/fib/%s0']}"
utils.py,"{'type': 'variable', 'line': 25, 'name': 'resp', 'value': None, 'valueSrc': 'requests.get', 'isInput': False, 'args': ['url']}"
OSM.py,"{'type': 'variable', 'line': 78, 'name': 'urldata', 'value': None, 'valueSrc': 'urllib.urlopen', 'isInput': False, 'args': ['http://openstreetmap.org/api/0.5/way/%s/full']}"
OSM.py,"{'type': 'variable', 'line': 80, 'name': 'urldata', 'value': None, 'valueSrc': 'urllib.urlopen', 'isInput': False, 'args': ['http://openstreetmap.org/api/0.5/map?bbox=%s']}"
views.py,"{'type': 'variable', 'line': 56, 'name': 'response', 'value': None, 'valueSrc': 'requests.get', 'isInput': False, 'args': ['self.profile_url']}"
views.py,"{'type': 'variable', 'line': 19, 'name': 'resp', 'value': None, 'valueSrc': 'requests.get', 'isInput': False, 'args': ['self.profile_url']}"
views.py,"{'type': 'variable', 'line': 24, 'name': 'user_response', 'value': None, 'valueSrc': 'requests.get', 'isInput': False, 'args': ['self.profile_url']}"
views.py,"{'type': 'variable', 'line': 25, 'name': 'groups_response', 'value': None, 'valueSrc': 'requests.get', 'isInput': False, 'args': ['self.groups_url']}"
views.py,"{'type': 'variable', 'line': 21, 'name': 'response', 'value': None, 'valueSrc': 'requests.get', 'isInput': False, 'args': ['self.profile_url']}"
views.py,"{'type': 'variable', 'line': 22, 'name': 'resp', 'value': None, 'valueSrc': 'requests.get', 'isInput': False, 'args': ['self.profile_url']}"
views.py,"{'type': 'variable', 'line': 20, 'name': 'resp', 'value': None, 'valueSrc': 'requests.get', 'isInput': False, 'args': ['self.profile_url']}"
views.py,"{'type': 'variable', 'line': 22, 'name': 'extra_data', 'value': None, 'valueSrc': 'requests.get', 'isInput': False, 'args': ['self.profile_url']}"
views.py,"{'type': 'variable', 'line': 22, 'name': 'resp', 'value': None, 'valueSrc': 'requests.get', 'isInput': False, 'args': ['self.user_info_url']}"
views.py,"{'type': 'variable', 'line': 25, 'name': 'resp', 'value': None, 'valueSrc': 'requests.get', 'isInput': False, 'args': ['self.profile_url']}"
views.py,"{'type': 'variable', 'line': 19, 'name': 'resp', 'value': None, 'valueSrc': 'requests.get', 'isInput': False, 'args': ['self.profile_url']}"
views.py,"{'type': 'variable', 'line': 24, 'name': 'resp', 'value': None, 'valueSrc': 'requests.get', 'isInput': False, 'args': ['self.profile_url']}"
views.py,"{'type': 'variable', 'line': 27, 'name': 'resp', 'value': None, 'valueSrc': 'requests.get', 'isInput': False, 'args': ['self.identity_url']}"
views.py,"{'type': 'variable', 'line': 19, 'name': 'resp', 'value': None, 'valueSrc': 'requests.get', 'isInput': False, 'args': ['self.profile_url']}"
views.py,"{'type': 'variable', 'line': 51, 'name': 'resp', 'value': None, 'valueSrc': 'requests.get', 'isInput': False, 'args': ['self.profile_url']}"
views.py,"{'type': 'variable', 'line': 23, 'name': 'extra_data', 'value': None, 'valueSrc': 'requests.get', 'isInput': False, 'args': ['self.profile_url']}"
views.py,"{'type': 'variable', 'line': 25, 'name': 'resp', 'value': None, 'valueSrc': 'requests.get', 'isInput': False, 'args': ['self.profile_url']}"
views.py,"{'type': 'variable', 'line': 20, 'name': 'resp', 'value': None, 'valueSrc': 'requests.get', 'isInput': False, 'args': ['self.profile_url']}"
views.py,"{'type': 'variable', 'line': 20, 'name': 'resp', 'value': None, 'valueSrc': 'requests.get', 'isInput': False, 'args': ['self.profile_url']}"
views.py,"{'type': 'variable', 'line': 30, 'name': 'resp', 'value': None, 'valueSrc': 'requests.get', 'isInput': False, 'args': ['info_url']}"
views.py,"{'type': 'variable', 'line': 19, 'name': 'resp', 'value': None, 'valueSrc': 'requests.get', 'isInput': False, 'args': ['self.profile_url']}"
views.py,"{'type': 'variable', 'line': 37, 'name': 'resp', 'value': None, 'valueSrc': 'requests.get', 'isInput': False, 'args': ['self.profile_url']}"
views.py,"{'type': 'variable', 'line': 39, 'name': 'r', 'value': None, 'valueSrc': 'requests.get', 'isInput': False, 'args': ['self.profile_test']}"
views.py,"{'type': 'variable', 'line': 41, 'name': 'r', 'value': None, 'valueSrc': 'requests.get', 'isInput': False, 'args': ['self.profile_url']}"
views.py,"{'type': 'variable', 'line': 20, 'name': 'resp', 'value': None, 'valueSrc': 'requests.get', 'isInput': False, 'args': ['self.profile_url']}"
views.py,"{'type': 'variable', 'line': 20, 'name': 'resp', 'value': None, 'valueSrc': 'requests.get', 'isInput': False, 'args': ['self.profile_url']}"
views.py,"{'type': 'variable', 'line': 20, 'name': 'resp', 'value': None, 'valueSrc': 'requests.get', 'isInput': False, 'args': ['self.profile_url']}"
views.py,"{'type': 'variable', 'line': 20, 'name': 'resp', 'value': None, 'valueSrc': 'requests.get', 'isInput': False, 'args': ['self.profile_url']}"
views.py,"{'type': 'variable', 'line': 20, 'name': 'resp', 'value': None, 'valueSrc': 'requests.get', 'isInput': False, 'args': ['self.profile_url']}"
views.py,"{'type': 'variable', 'line': 19, 'name': 'resp', 'value': None, 'valueSrc': 'requests.get', 'isInput': False, 'args': ['self.profile_url']}"
views.py,"{'type': 'variable', 'line': 24, 'name': 'resp', 'value': None, 'valueSrc': 'requests.get', 'isInput': False, 'args': ['self.profile_url']}"
views.py,"{'type': 'variable', 'line': 37, 'name': 'userinfo_response', 'value': None, 'valueSrc': 'requests.get', 'isInput': False, 'args': ['self.profile_url']}"
views.py,"{'type': 'variable', 'line': 37, 'name': 'resp', 'value': None, 'valueSrc': 'requests.get', 'isInput': False, 'args': ['self.email_url']}"
views.py,"{'type': 'variable', 'line': 44, 'name': 'resp', 'value': None, 'valueSrc': 'requests.get', 'isInput': False, 'args': ['url']}"
views.py,"{'type': 'variable', 'line': 53, 'name': 'response', 'value': None, 'valueSrc': 'requests.get', 'isInput': False, 'args': ['self.profile_url']}"
views.py,"{'type': 'variable', 'line': 19, 'name': 'resp', 'value': None, 'valueSrc': 'requests.get', 'isInput': False, 'args': ['self.profile_url']}"
views.py,"{'type': 'variable', 'line': 29, 'name': 'extra_data', 'value': None, 'valueSrc': 'requests.get', 'isInput': False, 'args': ['self.profile_url']}"
views.py,"{'type': 'variable', 'line': 19, 'name': 'extra_data', 'value': None, 'valueSrc': 'requests.get', 'isInput': False, 'args': ['self.profile_url']}"
views.py,"{'type': 'variable', 'line': 31, 'name': 'resp', 'value': None, 'valueSrc': 'requests.get', 'isInput': False, 'args': ['self.profile_url']}"
views.py,"{'type': 'variable', 'line': 19, 'name': 'resp', 'value': None, 'valueSrc': 'requests.get', 'isInput': False, 'args': ['self.profile_url']}"
views.py,"{'type': 'variable', 'line': 79, 'name': 'response', 'value': None, 'valueSrc': 'requests.get', 'isInput': False, 'args': ['ACCESS_TOKEN_URL']}"
views.py,"{'type': 'variable', 'line': 28, 'name': 'response', 'value': None, 'valueSrc': 'requests.get', 'isInput': False, 'args': ['self.profile_url']}"
views.py,"{'type': 'variable', 'line': 21, 'name': 'resp', 'value': None, 'valueSrc': 'requests.get', 'isInput': False, 'args': ['self.profile_url']}"
views.py,"{'type': 'variable', 'line': 28, 'name': 'extra_data', 'value': None, 'valueSrc': 'requests.get', 'isInput': False, 'args': ['self.profile_url']}"
views.py,"{'type': 'variable', 'line': 43, 'name': 'resp', 'value': None, 'valueSrc': 'requests.get', 'isInput': False, 'args': ['response[_links][account][href]']}"
views.py,"{'type': 'variable', 'line': 26, 'name': 'metadata', 'value': None, 'valueSrc': 'requests.get', 'isInput': False, 'args': ['self.profile_url']}"
views.py,"{'type': 'variable', 'line': 32, 'name': 'resp', 'value': None, 'valueSrc': 'requests.get', 'isInput': False, 'args': ['self.userinfo_url']}"
views.py,"{'type': 'variable', 'line': 30, 'name': 'resp', 'value': None, 'valueSrc': 'requests.get', 'isInput': False, 'args': ['self.profile_url']}"
views.py,"{'type': 'variable', 'line': 41, 'name': 'resp', 'value': None, 'valueSrc': 'requests.get', 'isInput': False, 'args': ['self.emails_url']}"
views.py,"{'type': 'variable', 'line': 23, 'name': 'resp', 'value': None, 'valueSrc': 'requests.get', 'isInput': False, 'args': ['self.profile_url']}"
views.py,"{'type': 'variable', 'line': 28, 'name': 'response', 'value': None, 'valueSrc': 'requests.get', 'isInput': False, 'args': ['self.profile_url']}"
views.py,"{'type': 'variable', 'line': 20, 'name': 'resp', 'value': None, 'valueSrc': 'requests.get', 'isInput': False, 'args': ['self.profile_url']}"
views.py,"{'type': 'variable', 'line': 20, 'name': 'extra_data', 'value': None, 'valueSrc': 'requests.get', 'isInput': False, 'args': ['self.profile_url']}"
views.py,"{'type': 'variable', 'line': 22, 'name': 'extra_data', 'value': None, 'valueSrc': 'requests.get', 'isInput': False, 'args': ['self.profile_url']}"
views.py,"{'type': 'variable', 'line': 24, 'name': 'resp', 'value': None, 'valueSrc': 'requests.get', 'isInput': False, 'args': ['self.profile_url']}"
views.py,"{'type': 'variable', 'line': 121, 'name': 'response', 'value': None, 'valueSrc': 'requests.get', 'isInput': False, 'args': ['self.profile_url']}"
views.py,"{'type': 'variable', 'line': 22, 'name': 'resp', 'value': None, 'valueSrc': 'requests.get', 'isInput': False, 'args': ['self.profile_url']}"
views.py,"{'type': 'variable', 'line': 19, 'name': 'resp', 'value': None, 'valueSrc': 'requests.get', 'isInput': False, 'args': ['self.profile_url']}"
views.py,"{'type': 'variable', 'line': 29, 'name': 'response', 'value': None, 'valueSrc': 'requests.get', 'isInput': False, 'args': ['self.profile_url']}"
views.py,"{'type': 'variable', 'line': 30, 'name': 'resp', 'value': None, 'valueSrc': 'requests.get', 'isInput': False, 'args': ['self.profile_url']}"
views.py,"{'type': 'variable', 'line': 21, 'name': 'resp', 'value': None, 'valueSrc': 'requests.get', 'isInput': False, 'args': ['self.profile_url']}"
views.py,"{'type': 'variable', 'line': 19, 'name': 'resp', 'value': None, 'valueSrc': 'requests.get', 'isInput': False, 'args': ['self.profile_url']}"
views.py,"{'type': 'variable', 'line': 20, 'name': 'resp', 'value': None, 'valueSrc': 'requests.get', 'isInput': False, 'args': ['self.profile_url']}"
views.py,"{'type': 'variable', 'line': 29, 'name': 'extra_data', 'value': None, 'valueSrc': 'requests.get', 'isInput': False, 'args': ['self.profile_url']}"
views.py,"{'type': 'variable', 'line': 24, 'name': 'resp', 'value': None, 'valueSrc': 'requests.get', 'isInput': False, 'args': ['self.profile_url']}"
views.py,"{'type': 'variable', 'line': 21, 'name': 'resp', 'value': None, 'valueSrc': 'requests.get', 'isInput': False, 'args': ['self.profile_url']}"
views.py,"{'type': 'variable', 'line': 31, 'name': 'resp', 'value': None, 'valueSrc': 'requests.get', 'isInput': False, 'args': ['self.emails_url']}"
views.py,"{'type': 'variable', 'line': 42, 'name': 'resp', 'value': None, 'valueSrc': 'requests.get', 'isInput': False, 'args': ['GRAPH_API_URL/me']}"
views.py,"{'type': 'variable', 'line': 28, 'name': 'resp', 'value': None, 'valueSrc': 'requests.get', 'isInput': False, 'args': ['self.profile_url']}"
views.py,"{'type': 'variable', 'line': 35, 'name': 'response', 'value': None, 'valueSrc': 'requests.get', 'isInput': False, 'args': ['self.profile_url']}"
views.py,"{'type': 'variable', 'line': 20, 'name': 'resp', 'value': None, 'valueSrc': 'requests.get', 'isInput': False, 'args': ['self.profile_url']}"
views.py,"{'type': 'variable', 'line': 21, 'name': 'response', 'value': None, 'valueSrc': 'requests.get', 'isInput': False, 'args': ['self.profile_url']}"
models.py,"{'type': 'variable', 'line': 327, 'name': 'r', 'value': None, 'valueSrc': 'requests.get', 'isInput': False, 'args': ['r.content']}"
daily.py,"{'type': 'variable', 'line': 111, 'name': 'resp', 'value': None, 'valueSrc': 'requests.get', 'isInput': False, 'args': ['self.url']}"
WebShell.py,"{'type': 'variable', 'line': 52, 'name': 'response', 'value': None, 'valueSrc': 'requests.get', 'isInput': False, 'args': ['self.url']}"
WebShell.py,"{'type': 'variable', 'line': 161, 'name': 'response', 'value': None, 'valueSrc': 'requests.get', 'isInput': False, 'args': ['url']}"
WebShell.py,"{'type': 'variable', 'line': 597, 'name': 'response', 'value': None, 'valueSrc': 'requests.get', 'isInput': False, 'args': ['url']}"
grobid-client.py,"{'type': 'variable', 'line': 38, 'name': 'r', 'value': None, 'valueSrc': 'requests.get', 'isInput': False, 'args': ['the_url']}"
tokotrace.py,"{'type': 'variable', 'line': 36, 'name': 'page', 'value': None, 'valueSrc': 'requests.get', 'isInput': False, 'args': ['URL']}"
tokotrace.py,"{'type': 'variable', 'line': 44, 'name': 'page', 'value': None, 'valueSrc': 'requests.get', 'isInput': False, 'args': ['URL']}"
tokotrace.py,"{'type': 'variable', 'line': 142, 'name': 'page', 'value': None, 'valueSrc': 'requests.get', 'isInput': False, 'args': ['URL']}"
__init__.py,"{'type': 'variable', 'line': 31, 'name': 'resp', 'value': None, 'valueSrc': 'requests.get', 'isInput': False, 'args': ['url']}"
admin_module.py,"{'type': 'variable', 'line': 23, 'name': 'response', 'value': None, 'valueSrc': 'requests.get', 'isInput': False, 'args': ['settings.SHUUP_GUIDE_API_URL']}"
json_to_pascalvoc.py,"{'type': 'variable', 'line': 22, 'name': 'response', 'value': None, 'valueSrc': 'requests.get', 'isInput': False, 'args': ['image_url']}"
download_workdir.py,"{'type': 'variable', 'line': 58, 'name': 'response', 'value': None, 'valueSrc': 'requests.get', 'isInput': False, 'args': ['download_url']}"
imdbpie.py,"{'type': 'variable', 'line': 80, 'name': 'r', 'value': None, 'valueSrc': 'requests.get', 'isInput': False, 'args': ['url']}"
ptvs_virtualenv_proxy.py,"{'type': 'variable', 'line': 80, 'name': 'r', 'value': None, 'valueSrc': 'requests.get', 'isInput': False, 'args': ['url']}"
views.py,"{'type': 'variable', 'line': 13, 'name': 'response', 'value': None, 'valueSrc': 'requests.get', 'isInput': False, 'args': ['?']}"
utils.py,"{'type': 'variable', 'line': 68, 'name': 'r', 'value': None, 'valueSrc': 'requests.get', 'isInput': False, 'args': ['endpoint']}"
scrape_images_from_alibaba.py,"{'type': 'variable', 'line': 32, 'name': 'req', 'value': None, 'valueSrc': 'requests.get', 'isInput': False, 'args': ['link']}"
scrape_flipkart.py,"{'type': 'variable', 'line': 10, 'name': 'r', 'value': None, 'valueSrc': 'requests.get', 'isInput': False, 'args': ['url']}"
amazon_search_image_scraper.py,"{'type': 'variable', 'line': 32, 'name': 'req', 'value': None, 'valueSrc': 'requests.get', 'isInput': False, 'args': ['link']}"
tasks.py,"{'type': 'variable', 'line': 352, 'name': 'r', 'value': None, 'valueSrc': 'requests.get', 'isInput': False, 'args': ['item[url_file]']}"
updater.py,"{'type': 'variable', 'line': 15, 'name': 'r', 'value': None, 'valueSrc': 'requests.get', 'isInput': False, 'args': ['url']}"
updater.py,"{'type': 'variable', 'line': 23, 'name': 'r', 'value': None, 'valueSrc': 'requests.get', 'isInput': False, 'args': ['url']}"
updater.py,"{'type': 'variable', 'line': 32, 'name': 'r', 'value': None, 'valueSrc': 'requests.get', 'isInput': False, 'args': ['settings.URL_ICONS']}"
winzone.py,"{'type': 'variable', 'line': 20, 'name': 'r', 'value': None, 'valueSrc': 'requests.get', 'isInput': False, 'args': ['CLDR_WINZONE_URL']}"
views.py,"{'type': 'variable', 'line': 313, 'name': 'response', 'value': None, 'valueSrc': 'requests.get', 'isInput': False, 'args': ['url']}"
__init__.py,"{'type': 'variable', 'line': 89, 'name': 'response', 'value': None, 'valueSrc': 'requests.get', 'isInput': False, 'args': ['url']}"
mutations.py,"{'type': 'variable', 'line': 464, 'name': 'response', 'value': None, 'valueSrc': 'requests.get', 'isInput': False, 'args': ['manifest_url']}"
installation_utils.py,"{'type': 'variable', 'line': 35, 'name': 'response', 'value': None, 'valueSrc': 'requests.get', 'isInput': False, 'args': ['app_installation.manifest_url']}"
install_app.py,"{'type': 'variable', 'line': 36, 'name': 'response', 'value': None, 'valueSrc': 'requests.get', 'isInput': False, 'args': ['manifest_url']}"
cli.py,"{'type': 'variable', 'line': 235, 'name': 'r', 'value': None, 'valueSrc': 'requests.get', 'isInput': False, 'args': ['authority_url']}"
cli.py,"{'type': 'variable', 'line': 294, 'name': 'r', 'value': None, 'valueSrc': 'requests.get', 'isInput': False, 'args': ['revoked_url']}"
ruter.py,"{'type': 'variable', 'line': 31, 'name': 'res', 'value': None, 'valueSrc': 'requests.get', 'isInput': False, 'args': ['path']}"
yr.py,"{'type': 'variable', 'line': 42, 'name': 'res', 'value': None, 'valueSrc': 'requests.get', 'isInput': False, 'args': ['self.url']}"
bysykkel.py,"{'type': 'variable', 'line': 28, 'name': 'res', 'value': None, 'valueSrc': 'requests.get', 'isInput': False, 'args': ['path']}"
check_soup.py,"{'type': 'variable', 'line': 7, 'name': 'r', 'value': None, 'valueSrc': 'requests.get', 'isInput': False, 'args': ['http://']}"
chunking.py,"{'type': 'variable', 'line': 7, 'name': 'r', 'value': None, 'valueSrc': 'requests.get', 'isInput': False, 'args': ['http://']}"
final.py,"{'type': 'variable', 'line': 7, 'name': 'r', 'value': None, 'valueSrc': 'requests.get', 'isInput': False, 'args': ['http://']}"
utils.py,"{'type': 'variable', 'line': 19, 'name': 'response', 'value': None, 'valueSrc': 'requests.get', 'isInput': False, 'args': ['os.environ']}"
pacu.py,"{'type': 'variable', 'line': 391, 'name': 'r', 'value': None, 'valueSrc': 'requests.get', 'isInput': False, 'args': ['dependency']}"
main.py,"{'type': 'variable', 'line': 171, 'name': 'r', 'value': None, 'valueSrc': 'requests.get', 'isInput': False, 'args': ['code_url']}"
badge_service.py,"{'type': 'variable', 'line': 33, 'name': 'r', 'value': None, 'valueSrc': 'requests.get', 'isInput': False, 'args': ['None.format']}"
badge_service.py,"{'type': 'variable', 'line': 41, 'name': 'r', 'value': None, 'valueSrc': 'requests.get', 'isInput': False, 'args': ['None.format']}"
badge_service.py,"{'type': 'variable', 'line': 49, 'name': 'r', 'value': None, 'valueSrc': 'requests.get', 'isInput': False, 'args': ['None.format']}"
app.py,"{'type': 'variable', 'line': 39, 'name': 'resp', 'value': None, 'valueSrc': 'requests.get', 'isInput': False, 'args': ['url']}"
app.py,"{'type': 'variable', 'line': 54, 'name': 'page', 'value': None, 'valueSrc': 'requests.get', 'isInput': False, 'args': ['vid_url']}"
get_requests.py,"{'type': 'variable', 'line': 7, 'name': 'page_code', 'value': None, 'valueSrc': 'requests.get', 'isInput': False, 'args': ['url']}"
app.py,"{'type': 'variable', 'line': 58, 'name': 'response', 'value': None, 'valueSrc': 'requests.get', 'isInput': False, 'args': ['http://localhost:5000/parse']}"
extract.py,"{'type': 'variable', 'line': 17, 'name': 'r', 'value': None, 'valueSrc': 'requests.get', 'isInput': False, 'args': ['url']}"
extract.py,"{'type': 'variable', 'line': 21, 'name': 'r2', 'value': None, 'valueSrc': 'requests.get', 'isInput': False, 'args': ['url2']}"
crypto.py,"{'type': 'variable', 'line': 75, 'name': 'r', 'value': None, 'valueSrc': 'requests.get', 'isInput': False, 'args': ['url.format']}"
crypto.py,"{'type': 'variable', 'line': 95, 'name': 'r', 'value': None, 'valueSrc': 'requests.get', 'isInput': False, 'args': ['url.format']}"
currency.py,"{'type': 'variable', 'line': 85, 'name': 'r', 'value': None, 'valueSrc': 'requests.get', 'isInput': False, 'args': ['url']}"
weather.py,"{'type': 'variable', 'line': 56, 'name': 'r', 'value': None, 'valueSrc': 'requests.get', 'isInput': False, 'args': ['url']}"
weather.py,"{'type': 'variable', 'line': 64, 'name': 'r', 'value': None, 'valueSrc': 'requests.get', 'isInput': False, 'args': ['url']}"
translate.py,"{'type': 'variable', 'line': 142, 'name': 'r', 'value': None, 'valueSrc': 'requests.get', 'isInput': False, 'args': ['http://api.funtranslations.com/translate/pirate.json?%s']}"
gdocs.py,"{'type': 'variable', 'line': 57, 'name': 'r', 'value': None, 'valueSrc': 'requests.get', 'isInput': False, 'args': ['url']}"
projects.py,"{'type': 'variable', 'line': 55, 'name': 'res', 'value': None, 'valueSrc': 'requests.get', 'isInput': False, 'args': ['bugzilla']}"
projects.py,"{'type': 'variable', 'line': 82, 'name': 'res', 'value': None, 'valueSrc': 'requests.get', 'isInput': False, 'args': ['swagger']}"
aws_sign_request_test.py,"{'type': 'variable', 'line': 22, 'name': 'response', 'value': None, 'valueSrc': 'requests.get', 'isInput': False, 'args': ['url']}"
mashape.py,"{'type': 'variable', 'line': 6, 'name': 'response', 'value': None, 'valueSrc': 'requests.get', 'isInput': False, 'args': ['os.environ.get']}"
mashape.py,"{'type': 'variable', 'line': 6, 'name': 'response', 'value': None, 'valueSrc': 'requests.get', 'isInput': False, 'args': ['os.environ.get']}"
async.py,"{'type': 'variable', 'line': 6, 'name': 'response', 'value': None, 'valueSrc': 'requests.get', 'isInput': False, 'args': ['os.environ.get']}"
mashape.py,"{'type': 'variable', 'line': 6, 'name': 'response', 'value': None, 'valueSrc': 'requests.get', 'isInput': False, 'args': ['os.environ.get']}"
mashape.py,"{'type': 'variable', 'line': 6, 'name': 'response', 'value': None, 'valueSrc': 'requests.get', 'isInput': False, 'args': ['os.environ.get']}"
http.py,"{'type': 'variable', 'line': 17, 'name': 'req', 'value': None, 'valueSrc': 'requests.get', 'isInput': False, 'args': ['url']}"
views.py,"{'type': 'variable', 'line': 22, 'name': 'resp', 'value': None, 'valueSrc': 'requests.get', 'isInput': False, 'args': ['SWAPI']}"
views.py,"{'type': 'variable', 'line': 32, 'name': 'results', 'value': None, 'valueSrc': 'requests.get', 'isInput': False, 'args': ['swapi_ship_url']}"
ScrapOne.py,"{'type': 'variable', 'line': 9, 'name': 'response', 'value': None, 'valueSrc': 'requests.get', 'isInput': False, 'args': ['my_url']}"
simple_ann.py,"{'type': 'variable', 'line': 9, 'name': 'response', 'value': None, 'valueSrc': 'requests.get', 'isInput': False, 'args': ['my_url']}"
basic_ann.py,"{'type': 'variable', 'line': 9, 'name': 'response', 'value': None, 'valueSrc': 'requests.get', 'isInput': False, 'args': ['my_url']}"
digits_ann.py,"{'type': 'variable', 'line': 9, 'name': 'response', 'value': None, 'valueSrc': 'requests.get', 'isInput': False, 'args': ['my_url']}"
digit_recognition.py,"{'type': 'variable', 'line': 9, 'name': 'response', 'value': None, 'valueSrc': 'requests.get', 'isInput': False, 'args': ['my_url']}"
billcipher.py,"{'type': 'variable', 'line': 72, 'name': 'info', 'value': None, 'valueSrc': 'requests.get', 'isInput': False, 'args': ['dnslook']}"
billcipher.py,"{'type': 'variable', 'line': 78, 'name': 'info', 'value': None, 'valueSrc': 'requests.get', 'isInput': False, 'args': ['whois']}"
billcipher.py,"{'type': 'variable', 'line': 84, 'name': 'info', 'value': None, 'valueSrc': 'requests.get', 'isInput': False, 'args': ['ipgeo']}"
billcipher.py,"{'type': 'variable', 'line': 90, 'name': 'info', 'value': None, 'valueSrc': 'requests.get', 'isInput': False, 'args': ['subnet']}"
billcipher.py,"{'type': 'variable', 'line': 96, 'name': 'info', 'value': None, 'valueSrc': 'requests.get', 'isInput': False, 'args': ['port']}"
billcipher.py,"{'type': 'variable', 'line': 102, 'name': 'info', 'value': None, 'valueSrc': 'requests.get', 'isInput': False, 'args': ['pagelink']}"
billcipher.py,"{'type': 'variable', 'line': 108, 'name': 'info', 'value': None, 'valueSrc': 'requests.get', 'isInput': False, 'args': ['zone']}"
billcipher.py,"{'type': 'variable', 'line': 114, 'name': 'info', 'value': None, 'valueSrc': 'requests.get', 'isInput': False, 'args': ['header']}"
billcipher.py,"{'type': 'variable', 'line': 120, 'name': 'info', 'value': None, 'valueSrc': 'requests.get', 'isInput': False, 'args': ['host']}"
billcipher.py,"{'type': 'variable', 'line': 126, 'name': 'info', 'value': None, 'valueSrc': 'requests.get', 'isInput': False, 'args': ['iplt']}"
billcipher.py,"{'type': 'variable', 'line': 132, 'name': 'info', 'value': None, 'valueSrc': 'requests.get', 'isInput': False, 'args': ['shared']}"
billcipher.py,"{'type': 'variable', 'line': 138, 'name': 'info', 'value': None, 'valueSrc': 'requests.get', 'isInput': False, 'args': ['robots']}"
billcipher.py,"{'type': 'variable', 'line': 144, 'name': 'info', 'value': None, 'valueSrc': 'requests.get', 'isInput': False, 'args': ['hostdns']}"
billcipher.py,"{'type': 'variable', 'line': 150, 'name': 'info', 'value': None, 'valueSrc': 'requests.get', 'isInput': False, 'args': ['reserve']}"
geonames.py,"{'type': 'variable', 'line': 42, 'name': 'response', 'value': None, 'valueSrc': 'requests.get', 'isInput': False, 'args': ['api_url']}"
models.py,"{'type': 'variable', 'line': 94, 'name': 'response', 'value': None, 'valueSrc': 'requests.get', 'isInput': False, 'args': ['request_uri']}"
populate_sample_of_descriptions.py,"{'type': 'variable', 'line': 27, 'name': 'r', 'value': None, 'valueSrc': 'requests.get', 'isInput': False, 'args': ['formated_url']}"
populate_sample_of_descriptions.py,"{'type': 'variable', 'line': 53, 'name': 'r', 'value': None, 'valueSrc': 'requests.get', 'isInput': False, 'args': ['url.format']}"
populate_sample_of_descriptions.py,"{'type': 'variable', 'line': 73, 'name': 'r', 'value': None, 'valueSrc': 'requests.get', 'isInput': False, 'args': ['url.format']}"
populate_sample_of_descriptions.py,"{'type': 'variable', 'line': 99, 'name': 'r', 'value': None, 'valueSrc': 'requests.get', 'isInput': False, 'args': ['url.format']}"
utils.py,"{'type': 'variable', 'line': 57, 'name': 'r', 'value': None, 'valueSrc': 'requests.get', 'isInput': False, 'args': ['endpoint']}"
datastream.py,"{'type': 'variable', 'line': 28, 'name': 'token_raw', 'value': None, 'valueSrc': 'requests.get', 'isInput': False, 'args': ['token_url']}"
demo.py,"{'type': 'variable', 'line': 28, 'name': 'token_raw', 'value': None, 'valueSrc': 'requests.get', 'isInput': False, 'args': ['token_url']}"
demo_bells_and_whistles.py,"{'type': 'variable', 'line': 28, 'name': 'token_raw', 'value': None, 'valueSrc': 'requests.get', 'isInput': False, 'args': ['token_url']}"
get_prog_languages.py,"{'type': 'variable', 'line': 9, 'name': 'r', 'value': None, 'valueSrc': 'requests.get', 'isInput': False, 'args': ['url']}"
run.py,"{'type': 'variable', 'line': 37, 'name': 'imageData', 'value': None, 'valueSrc': 'requests.get', 'isInput': False, 'args': ['imageUrl']}"
douban_top_250_books.py,"{'type': 'variable', 'line': 8, 'name': 'response', 'value': None, 'valueSrc': 'requests.get', 'isInput': False, 'args': ['url']}"
dangdang_top_500.py,"{'type': 'variable', 'line': 8, 'name': 'response', 'value': None, 'valueSrc': 'requests.get', 'isInput': False, 'args': ['url']}"
meizitu.py,"{'type': 'variable', 'line': 28, 'name': 'response', 'value': None, 'valueSrc': 'requests.get', 'isInput': False, 'args': ['url']}"
wechat_public_account.py,"{'type': 'variable', 'line': 52, 'name': 'res', 'value': None, 'valueSrc': 'requests.get', 'isInput': False, 'args': ['base_url']}"
biaoqingbao.py,"{'type': 'variable', 'line': 32, 'name': 'response', 'value': None, 'valueSrc': 'requests.get', 'isInput': False, 'args': ['url']}"
models.py,"{'type': 'variable', 'line': 100, 'name': 'response', 'value': None, 'valueSrc': 'urllib.urlopen', 'isInput': False, 'args': ['get_tile_url']}"
update_wurfl.py,"{'type': 'variable', 'line': 41, 'name': 'wurfl_gz', 'value': None, 'valueSrc': 'urllib.urlopen', 'isInput': False, 'args': ['Command.WURFL_URL']}"
update_wurfl.py,"{'type': 'variable', 'line': 43, 'name': 'web_patch_f', 'value': None, 'valueSrc': 'urllib.urlopen', 'isInput': False, 'args': ['Command.WEB_PATCH_URL']}"
things_advanced.py,"{'type': 'variable', 'line': 40, 'name': 'result', 'value': None, 'valueSrc': 'requests.get', 'isInput': False, 'args': ['url']}"
search.py,"{'type': 'variable', 'line': 288, 'name': 'r', 'value': None, 'valueSrc': 'requests.get', 'isInput': False, 'args': ['url']}"
