E-Commerce-Website-masterhelper.py,"{'type': 'function_def', 'line': 296, 'name': 'render_layout', 'args': ['self', 'form', 'context', 'template_pack'], 'defaults': ['TEMPLATE_PACK'], 'return': 'mark_safe', 'returnArgs': ['html']}"
E-Commerce-Website-mastercrispy_forms_filters.py,"{'type': 'function_def', 'line': 128, 'name': 'flatatt_filter', 'args': ['attrs'], 'defaults': [], 'return': 'mark_safe', 'returnArgs': ['flatatt']}"
E-Commerce-Website-masterboundfield.py,"{'type': 'function_def', 'line': 129, 'name': 'label_tag', 'args': ['self', 'contents', 'attrs', 'label_suffix'], 'defaults': [None, None, None], 'return': 'mark_safe', 'returnArgs': ['contents']}"
E-Commerce-Website-masterwidgets.py,"{'type': 'function_def', 'line': 77, 'name': 'render', 'args': ['self'], 'defaults': [], 'return': 'mark_safe', 'returnArgs': ['None.join']}"
E-Commerce-Website-masterwidgets.py,"{'type': 'function_def', 'line': 244, 'name': '_render', 'args': ['self', 'template_name', 'context', 'renderer'], 'defaults': [None], 'return': 'mark_safe', 'returnArgs': ['renderer.render']}"
E-Commerce-Website-masterformsets.py,"{'type': 'function_def', 'line': 399, 'name': 'as_table', 'args': ['self'], 'defaults': [], 'return': 'mark_safe', 'returnArgs': ['str\nforms']}"
E-Commerce-Website-masterformsets.py,"{'type': 'function_def', 'line': 407, 'name': 'as_p', 'args': ['self'], 'defaults': [], 'return': 'mark_safe', 'returnArgs': ['str\nforms']}"
E-Commerce-Website-masterformsets.py,"{'type': 'function_def', 'line': 412, 'name': 'as_ul', 'args': ['self'], 'defaults': [], 'return': 'mark_safe', 'returnArgs': ['str\nforms']}"
E-Commerce-Website-masterforms.py,"{'type': 'function_def', 'line': 200, 'name': '_html_output', 'args': ['self', 'normal_row', 'error_row', 'row_ender', 'help_text_html', 'errors_on_separate_row'], 'defaults': [], 'return': 'mark_safe', 'returnArgs': ['None.join']}"
E-Commerce-Website-masterhtml.py,"{'type': 'function_def', 'line': 37, 'name': 'escape', 'args': ['text'], 'defaults': [], 'return': 'mark_safe', 'returnArgs': ['str.translate']}"
E-Commerce-Website-masterhtml.py,"{'type': 'function_def', 'line': 69, 'name': 'escapejs', 'args': ['value'], 'defaults': [], 'return': 'mark_safe', 'returnArgs': ['str.translate']}"
E-Commerce-Website-masterhtml.py,"{'type': 'function_def', 'line': 110, 'name': 'format_html', 'args': ['format_string', 'args'], 'defaults': [], 'return': 'mark_safe', 'returnArgs': ['format_string.format']}"
E-Commerce-Website-masterhtml.py,"{'type': 'function_def', 'line': 121, 'name': 'format_html_join', 'args': ['sep', 'format_string', 'args_generator'], 'defaults': [], 'return': 'mark_safe', 'returnArgs': ['conditional_escape.join']}"
E-Commerce-Website-masterhtml.py,"{'type': 'variable', 'line': 351, 'name': 'words[i]', 'value': None, 'valueSrc': 'mark_safe', 'isInput': False, 'args': ['%s%s%s']}"
E-Commerce-Website-masterhtml.py,"{'type': 'variable', 'line': 354, 'name': 'words[i]', 'value': None, 'valueSrc': 'mark_safe', 'isInput': False, 'args': ['word']}"
E-Commerce-Website-masterhtml.py,"{'type': 'variable', 'line': 358, 'name': 'words[i]', 'value': None, 'valueSrc': 'mark_safe', 'isInput': False, 'args': ['word']}"
E-Commerce-Website-mastertrans_real.py,"{'type': 'variable', 'line': 307, 'name': 'result', 'value': None, 'valueSrc': 'mark_safe', 'isInput': False, 'args': ['result']}"
E-Commerce-Website-masterdefaultfilters.py,"{'type': 'function_def', 'line': 95, 'name': 'floatformat', 'args': ['text', 'arg'], 'defaults': [], 'return': 'mark_safe', 'returnArgs': ['formats.number_format']}"
E-Commerce-Website-masterdefaultfilters.py,"{'type': 'function_def', 'line': 175, 'name': 'linenumbers', 'args': ['value', 'autoescape'], 'defaults': [True], 'return': 'mark_safe', 'returnArgs': ['None.join']}"
E-Commerce-Website-masterdefaultfilters.py,"{'type': 'function_def', 'line': 326, 'name': 'urlize', 'args': ['value', 'autoescape'], 'defaults': [True], 'return': 'mark_safe', 'returnArgs': ['_urlize']}"
E-Commerce-Website-masterdefaultfilters.py,"{'type': 'function_def', 'line': 333, 'name': 'urlizetrunc', 'args': ['value', 'limit', 'autoescape'], 'defaults': [True], 'return': 'mark_safe', 'returnArgs': ['_urlize']}"
E-Commerce-Website-masterdefaultfilters.py,"{'type': 'function_def', 'line': 413, 'name': 'linebreaks_filter', 'args': ['value', 'autoescape'], 'defaults': [True], 'return': 'mark_safe', 'returnArgs': ['linebreaks']}"
E-Commerce-Website-masterdefaultfilters.py,"{'type': 'function_def', 'line': 425, 'name': 'linebreaksbr', 'args': ['value', 'autoescape'], 'defaults': [True], 'return': 'mark_safe', 'returnArgs': ['value.replace']}"
E-Commerce-Website-masterdefaultfilters.py,"{'type': 'function_def', 'line': 439, 'name': 'safe', 'args': ['value'], 'defaults': [], 'return': 'mark_safe', 'returnArgs': ['value']}"
E-Commerce-Website-masterdefaultfilters.py,"{'type': 'function_def', 'line': 525, 'name': 'join', 'args': ['value', 'arg', 'autoescape'], 'defaults': [True], 'return': 'mark_safe', 'returnArgs': ['data']}"
E-Commerce-Website-masterdefaultfilters.py,"{'type': 'function_def', 'line': 588, 'name': 'unordered_list', 'args': ['value', 'autoescape'], 'defaults': [True], 'return': 'mark_safe', 'returnArgs': ['list_formatter']}"
E-Commerce-Website-masterdefaulttags.py,"{'type': 'function_def', 'line': 155, 'name': 'render', 'args': ['self', 'context'], 'defaults': [], 'return': 'mark_safe', 'returnArgs': ['None.join']}"
E-Commerce-Website-masterbase.py,"{'type': 'function_call', 'line': 690, 'name': 'arg_vals.append', 'args': ['mark_safe'], 'keywords': [], 'hasInputs': False}"
E-Commerce-Website-masterbase.py,"{'type': 'variable', 'line': 700, 'name': 'obj', 'value': None, 'valueSrc': 'mark_safe', 'isInput': False, 'args': ['new_obj']}"
E-Commerce-Website-masterbase.py,"{'type': 'variable', 'line': 782, 'name': 'self.literal', 'value': None, 'valueSrc': 'mark_safe', 'isInput': False, 'args': ['unescape_string_literal']}"
E-Commerce-Website-masterbase.py,"{'type': 'function_def', 'line': 933, 'name': 'render', 'args': ['self', 'context'], 'defaults': [], 'return': 'mark_safe', 'returnArgs': ['None.join']}"
E-Commerce-Website-masterhumanize.py,"{'type': 'function_def', 'line': 20, 'name': 'ordinal', 'args': ['value'], 'defaults': [], 'return': 'mark_safe', 'returnArgs': ['value']}"
E-Commerce-Website-masterwidgets.py,"{'type': 'variable', 'line': 154, 'name': 'context[related_url]', 'value': None, 'valueSrc': 'mark_safe', 'isInput': False, 'args': ['related_url']}"
E-Commerce-Website-masteroptions.py,"{'type': 'variable', 'line': 852, 'name': 'action_checkbox.short_description', 'value': None, 'valueSrc': 'mark_safe', 'isInput': False, 'args': ['<input type=""checkbox"" id=""action-toggle"">']}"
E-Commerce-Website-masterhelpers.py,"{'type': 'function_def', 'line': 115, 'name': 'errors', 'args': ['self'], 'defaults': [], 'return': 'mark_safe', 'returnArgs': ['None.join.strip']}"
E-Commerce-Website-masterhelpers.py,"{'type': 'function_def', 'line': 148, 'name': 'errors', 'args': ['self'], 'defaults': [], 'return': 'mark_safe', 'returnArgs': ['self.field.errors.as_ul']}"
E-Commerce-Website-masteradmin_list.py,"{'type': 'variable', 'line': 253, 'name': 'result_repr', 'value': None, 'valueSrc': 'mark_safe', 'isInput': False, 'args': ['&nbsp;']}"
E-Commerce-Website-masteradmin_list.py,"{'type': 'variable', 'line': 254, 'name': 'row_class', 'value': None, 'valueSrc': 'mark_safe', 'isInput': False, 'args': [' class=""%s""']}"
E-Commerce-Website-masteradmin_list.py,"{'type': 'variable', 'line': 292, 'name': 'result_repr', 'value': None, 'valueSrc': 'mark_safe', 'isInput': False, 'args': ['strstr']}"
E-Commerce-Website-masterviews.py,"{'type': 'variable', 'line': 66, 'name': 'f.title', 'value': None, 'valueSrc': 'mark_safe', 'isInput': False, 'args': ['f.title']}"
E-Commerce-Website-masterviews.py,"{'type': 'variable', 'line': 67, 'name': 'f.content', 'value': None, 'valueSrc': 'mark_safe', 'isInput': False, 'args': ['f.content']}"
E-Commerce-Website-mastercookie.py,"{'type': 'variable', 'line': 39, 'name': 'obj[3]', 'value': None, 'valueSrc': 'mark_safe', 'isInput': False, 'args': ['obj[3]']}"
E-Commerce-Website-masterutils.py,"{'type': 'function_def', 'line': 67, 'name': 'parse_rst', 'args': ['text', 'default_reference_context', 'thing_being_parsed'], 'defaults': [None], 'return': 'mark_safe', 'returnArgs': ['parts[fragment]']}"
django-simple-shop-mastercurrency.py,"{'type': 'function_def', 'line': 70, 'name': 'currency', 'args': ['value', 'args'], 'defaults': [''], 'return': 'mark_safe', 'returnArgs': ['moneyfmt']}"
django-avatar-masterforms.py,"{'type': 'function_def', 'line': 19, 'name': 'avatar_img', 'args': ['avatar', 'size'], 'defaults': [], 'return': 'mark_safe', 'returnArgs': ['<img src=""%s"" alt=""%s"" width=""%s"" height=""%s"" />']}"
hydroshare-developcommunities.py,"{'type': 'function_def', 'line': 154, 'name': 'get_topics_data', 'args': ['self', 'kwargs'], 'defaults': [], 'return': 'mark_safe', 'returnArgs': ['escapejs']}"
addons-server-masteradmin.py,"{'type': 'function_def', 'line': 19, 'name': 'label_from_instance', 'args': ['self', 'obj'], 'defaults': [], 'return': 'mark_safe', 'returnArgs': ['None.format']}"
addons-server-masteradmin.py,"{'type': 'variable', 'line': 50, 'name': 'kwargs[empty_label]', 'value': None, 'valueSrc': 'mark_safe', 'isInput': False, 'args': ['\n                <div class=""select-image-noimage"">\n                    No image selected\n                </div>\n                ']}"
addons-server-masterwidgets.py,"{'type': 'function_def', 'line': 22, 'name': 'render', 'args': ['self', 'name', 'value', 'attrs', 'renderer'], 'defaults': [None, None], 'return': 'mark_safe', 'returnArgs': ['None.join']}"
addons-server-masterwidgets.py,"{'type': 'function_def', 'line': 66, 'name': 'render', 'args': ['self', 'name', 'value', 'attrs', 'renderer'], 'defaults': [None, None], 'return': 'mark_safe', 'returnArgs': ['None.join']}"
addons-server-masterforms.py,"{'type': 'variable', 'line': 568, 'name': 'context[label]', 'value': None, 'valueSrc': 'mark_safe', 'isInput': False, 'args': ['str <a class=""xx extra"" href=""%s"" target=""_blank"" rel=""noopener noreferrer"">%s</a>']}"
addons-server-masterjinja_helpers.py,"{'type': 'function_def', 'line': 112, 'name': 'dj_paginator', 'args': ['pager', 'autoescape'], 'defaults': [True], 'return': 'mark_safe', 'returnArgs': ['PaginationRenderer.render']}"
addons-server-masteradmin.py,"{'type': 'function_def', 'line': 129, 'name': 'previews', 'args': ['self', 'obj'], 'defaults': [], 'return': 'mark_safe', 'returnArgs': ['None.join']}"
addons-server-masterwidgets.py,"{'type': 'function_def', 'line': 61, 'name': 'render', 'args': ['self', 'name', 'value', 'attrs', 'renderer'], 'defaults': [None, None], 'return': 'mark_safe', 'returnArgs': ['self.format_output']}"
addons-server-masterforms.py,"{'type': 'function_def', 'line': 68, 'name': 'as_ul', 'args': ['self'], 'defaults': [], 'return': 'mark_safe', 'returnArgs': ['format_html']}"
addons-server-masterforms.py,"{'type': 'variable', 'line': 76, 'name': 'extra', 'value': None, 'valueSrc': 'mark_safe', 'isInput': False, 'args': [' data-lang=""%s""conditional_escape']}"
Wooey-masterfactory.py,"{'type': 'function_def', 'line': 24, 'name': 'render', 'args': ['name', 'value', 'attrs', 'renderer'], 'defaults': [None, None, None], 'return': 'mark_safe', 'returnArgs': ['None.join']}"
Wooey-masterwooey_tags.py,"{'type': 'function_def', 'line': 123, 'name': 'numericalign', 'args': ['s'], 'defaults': [], 'return': 'mark_safe', 'returnArgs': ['<span class=""numericalign numericpart"">%s</span><span class=""numericalign"">&nbsp;%s</span>']}"
django-auditlog-mastermixins.py,"{'type': 'function_def', 'line': 61, 'name': 'msg', 'args': ['self', 'obj'], 'defaults': [], 'return': 'mark_safe', 'returnArgs': ['msg']}"
saleor-custom-masterforms.py,"{'type': 'variable', 'line': 72, 'name': 'label', 'value': None, 'valueSrc': 'mark_safe', 'isInput': False, 'args': ['%s %s']}"
saleor-custom-mastermodels.py,"{'type': 'variable', 'line': 106, 'name': 'label', 'value': None, 'valueSrc': 'mark_safe', 'isInput': False, 'args': ['%s %s']}"
saleor-custom-mastermarkdown.py,"{'type': 'function_def', 'line': 9, 'name': 'markdown', 'args': ['text'], 'defaults': [], 'return': 'mark_safe', 'returnArgs': ['html']}"
Python-Django-Complete-Real-Estate-Website-masterboundfield.py,"{'type': 'function_def', 'line': 129, 'name': 'label_tag', 'args': ['self', 'contents', 'attrs', 'label_suffix'], 'defaults': [None, None, None], 'return': 'mark_safe', 'returnArgs': ['contents']}"
Python-Django-Complete-Real-Estate-Website-masterwidgets.py,"{'type': 'function_def', 'line': 60, 'name': 'render', 'args': ['self'], 'defaults': [], 'return': 'mark_safe', 'returnArgs': ['None.join']}"
Python-Django-Complete-Real-Estate-Website-masterwidgets.py,"{'type': 'function_def', 'line': 232, 'name': '_render', 'args': ['self', 'template_name', 'context', 'renderer'], 'defaults': [None], 'return': 'mark_safe', 'returnArgs': ['renderer.render']}"
Python-Django-Complete-Real-Estate-Website-masterformsets.py,"{'type': 'function_def', 'line': 399, 'name': 'as_table', 'args': ['self'], 'defaults': [], 'return': 'mark_safe', 'returnArgs': ['str\nforms']}"
Python-Django-Complete-Real-Estate-Website-masterformsets.py,"{'type': 'function_def', 'line': 407, 'name': 'as_p', 'args': ['self'], 'defaults': [], 'return': 'mark_safe', 'returnArgs': ['str\nforms']}"
Python-Django-Complete-Real-Estate-Website-masterformsets.py,"{'type': 'function_def', 'line': 412, 'name': 'as_ul', 'args': ['self'], 'defaults': [], 'return': 'mark_safe', 'returnArgs': ['str\nforms']}"
Python-Django-Complete-Real-Estate-Website-masterforms.py,"{'type': 'function_def', 'line': 200, 'name': '_html_output', 'args': ['self', 'normal_row', 'error_row', 'row_ender', 'help_text_html', 'errors_on_separate_row'], 'defaults': [], 'return': 'mark_safe', 'returnArgs': ['None.join']}"
Python-Django-Complete-Real-Estate-Website-mastertext.py,"{'type': 'function_def', 'line': 403, 'name': 'slugify', 'args': ['value', 'allow_unicode'], 'defaults': [False], 'return': 'mark_safe', 'returnArgs': ['re.sub']}"
Python-Django-Complete-Real-Estate-Website-masterhtml.py,"{'type': 'function_def', 'line': 37, 'name': 'escape', 'args': ['text'], 'defaults': [], 'return': 'mark_safe', 'returnArgs': ['str.translate']}"
Python-Django-Complete-Real-Estate-Website-masterhtml.py,"{'type': 'function_def', 'line': 69, 'name': 'escapejs', 'args': ['value'], 'defaults': [], 'return': 'mark_safe', 'returnArgs': ['str.translate']}"
Python-Django-Complete-Real-Estate-Website-masterhtml.py,"{'type': 'function_def', 'line': 110, 'name': 'format_html', 'args': ['format_string', 'args'], 'defaults': [], 'return': 'mark_safe', 'returnArgs': ['format_string.format']}"
Python-Django-Complete-Real-Estate-Website-masterhtml.py,"{'type': 'function_def', 'line': 121, 'name': 'format_html_join', 'args': ['sep', 'format_string', 'args_generator'], 'defaults': [], 'return': 'mark_safe', 'returnArgs': ['conditional_escape.join']}"
Python-Django-Complete-Real-Estate-Website-masterhtml.py,"{'type': 'variable', 'line': 360, 'name': 'words[i]', 'value': None, 'valueSrc': 'mark_safe', 'isInput': False, 'args': ['%s%s%s']}"
Python-Django-Complete-Real-Estate-Website-masterhtml.py,"{'type': 'variable', 'line': 363, 'name': 'words[i]', 'value': None, 'valueSrc': 'mark_safe', 'isInput': False, 'args': ['word']}"
Python-Django-Complete-Real-Estate-Website-masterhtml.py,"{'type': 'variable', 'line': 367, 'name': 'words[i]', 'value': None, 'valueSrc': 'mark_safe', 'isInput': False, 'args': ['word']}"
Python-Django-Complete-Real-Estate-Website-mastertrans_real.py,"{'type': 'variable', 'line': 308, 'name': 'result', 'value': None, 'valueSrc': 'mark_safe', 'isInput': False, 'args': ['result']}"
Python-Django-Complete-Real-Estate-Website-masterdefaultfilters.py,"{'type': 'function_def', 'line': 95, 'name': 'floatformat', 'args': ['text', 'arg'], 'defaults': [], 'return': 'mark_safe', 'returnArgs': ['formats.number_format']}"
Python-Django-Complete-Real-Estate-Website-masterdefaultfilters.py,"{'type': 'function_def', 'line': 175, 'name': 'linenumbers', 'args': ['value', 'autoescape'], 'defaults': [True], 'return': 'mark_safe', 'returnArgs': ['None.join']}"
Python-Django-Complete-Real-Estate-Website-masterdefaultfilters.py,"{'type': 'function_def', 'line': 326, 'name': 'urlize', 'args': ['value', 'autoescape'], 'defaults': [True], 'return': 'mark_safe', 'returnArgs': ['_urlize']}"
Python-Django-Complete-Real-Estate-Website-masterdefaultfilters.py,"{'type': 'function_def', 'line': 333, 'name': 'urlizetrunc', 'args': ['value', 'limit', 'autoescape'], 'defaults': [True], 'return': 'mark_safe', 'returnArgs': ['_urlize']}"
Python-Django-Complete-Real-Estate-Website-masterdefaultfilters.py,"{'type': 'function_def', 'line': 413, 'name': 'linebreaks_filter', 'args': ['value', 'autoescape'], 'defaults': [True], 'return': 'mark_safe', 'returnArgs': ['linebreaks']}"
Python-Django-Complete-Real-Estate-Website-masterdefaultfilters.py,"{'type': 'function_def', 'line': 425, 'name': 'linebreaksbr', 'args': ['value', 'autoescape'], 'defaults': [True], 'return': 'mark_safe', 'returnArgs': ['value.replace']}"
Python-Django-Complete-Real-Estate-Website-masterdefaultfilters.py,"{'type': 'function_def', 'line': 439, 'name': 'safe', 'args': ['value'], 'defaults': [], 'return': 'mark_safe', 'returnArgs': ['value']}"
Python-Django-Complete-Real-Estate-Website-masterdefaultfilters.py,"{'type': 'function_def', 'line': 525, 'name': 'join', 'args': ['value', 'arg', 'autoescape'], 'defaults': [True], 'return': 'mark_safe', 'returnArgs': ['data']}"
Python-Django-Complete-Real-Estate-Website-masterdefaultfilters.py,"{'type': 'function_def', 'line': 588, 'name': 'unordered_list', 'args': ['value', 'autoescape'], 'defaults': [True], 'return': 'mark_safe', 'returnArgs': ['list_formatter']}"
Python-Django-Complete-Real-Estate-Website-masterdefaulttags.py,"{'type': 'function_def', 'line': 155, 'name': 'render', 'args': ['self', 'context'], 'defaults': [], 'return': 'mark_safe', 'returnArgs': ['None.join']}"
Python-Django-Complete-Real-Estate-Website-masterbase.py,"{'type': 'function_call', 'line': 690, 'name': 'arg_vals.append', 'args': ['mark_safe'], 'keywords': [], 'hasInputs': False}"
Python-Django-Complete-Real-Estate-Website-masterbase.py,"{'type': 'variable', 'line': 700, 'name': 'obj', 'value': None, 'valueSrc': 'mark_safe', 'isInput': False, 'args': ['new_obj']}"
Python-Django-Complete-Real-Estate-Website-masterbase.py,"{'type': 'variable', 'line': 782, 'name': 'self.literal', 'value': None, 'valueSrc': 'mark_safe', 'isInput': False, 'args': ['unescape_string_literal']}"
Python-Django-Complete-Real-Estate-Website-masterbase.py,"{'type': 'function_def', 'line': 933, 'name': 'render', 'args': ['self', 'context'], 'defaults': [], 'return': 'mark_safe', 'returnArgs': ['None.join']}"
Python-Django-Complete-Real-Estate-Website-masterhumanize.py,"{'type': 'function_def', 'line': 19, 'name': 'ordinal', 'args': ['value'], 'defaults': [], 'return': 'mark_safe', 'returnArgs': ['value']}"
Python-Django-Complete-Real-Estate-Website-masterwidgets.py,"{'type': 'variable', 'line': 163, 'name': 'context[related_url]', 'value': None, 'valueSrc': 'mark_safe', 'isInput': False, 'args': ['related_url']}"
Python-Django-Complete-Real-Estate-Website-masteroptions.py,"{'type': 'variable', 'line': 850, 'name': 'action_checkbox.short_description', 'value': None, 'valueSrc': 'mark_safe', 'isInput': False, 'args': ['<input type=""checkbox"" id=""action-toggle"">']}"
Python-Django-Complete-Real-Estate-Website-masterhelpers.py,"{'type': 'function_def', 'line': 120, 'name': 'errors', 'args': ['self'], 'defaults': [], 'return': 'mark_safe', 'returnArgs': ['None.join.strip']}"
Python-Django-Complete-Real-Estate-Website-masterhelpers.py,"{'type': 'function_def', 'line': 153, 'name': 'errors', 'args': ['self'], 'defaults': [], 'return': 'mark_safe', 'returnArgs': ['self.field.errors.as_ul']}"
Python-Django-Complete-Real-Estate-Website-masteradmin_list.py,"{'type': 'variable', 'line': 252, 'name': 'result_repr', 'value': None, 'valueSrc': 'mark_safe', 'isInput': False, 'args': ['&nbsp;']}"
Python-Django-Complete-Real-Estate-Website-masteradmin_list.py,"{'type': 'variable', 'line': 253, 'name': 'row_class', 'value': None, 'valueSrc': 'mark_safe', 'isInput': False, 'args': [' class=""%s""']}"
Python-Django-Complete-Real-Estate-Website-masteradmin_list.py,"{'type': 'variable', 'line': 295, 'name': 'result_repr', 'value': None, 'valueSrc': 'mark_safe', 'isInput': False, 'args': ['strstr']}"
Python-Django-Complete-Real-Estate-Website-masterviews.py,"{'type': 'variable', 'line': 66, 'name': 'f.title', 'value': None, 'valueSrc': 'mark_safe', 'isInput': False, 'args': ['f.title']}"
Python-Django-Complete-Real-Estate-Website-masterviews.py,"{'type': 'variable', 'line': 67, 'name': 'f.content', 'value': None, 'valueSrc': 'mark_safe', 'isInput': False, 'args': ['f.content']}"
Python-Django-Complete-Real-Estate-Website-mastercookie.py,"{'type': 'variable', 'line': 39, 'name': 'obj[3]', 'value': None, 'valueSrc': 'mark_safe', 'isInput': False, 'args': ['obj[3]']}"
Python-Django-Complete-Real-Estate-Website-masterutils.py,"{'type': 'function_def', 'line': 68, 'name': 'parse_rst', 'args': ['text', 'default_reference_context', 'thing_being_parsed'], 'defaults': [None], 'return': 'mark_safe', 'returnArgs': ['parts[fragment]']}"
Django-Ecommerce-mastercategory_template_tags.py,"{'type': 'function_def', 'line': 10, 'name': 'categories', 'args': [], 'defaults': [], 'return': 'mark_safe', 'returnArgs': ['items_li']}"
Django-Ecommerce-mastercategory_template_tags.py,"{'type': 'function_def', 'line': 18, 'name': 'categories_mobile', 'args': [], 'defaults': [], 'return': 'mark_safe', 'returnArgs': ['items_li']}"
Django-Ecommerce-mastercategory_template_tags.py,"{'type': 'function_def', 'line': 27, 'name': 'categories_li_a', 'args': [], 'defaults': [], 'return': 'mark_safe', 'returnArgs': ['items_li_a']}"
Django-Ecommerce-mastercategory_template_tags.py,"{'type': 'function_def', 'line': 37, 'name': 'categories_div', 'args': [], 'defaults': [], 'return': 'mark_safe', 'returnArgs': ['item_div_list']}"
Django-Ecommerce-masterslide_template_tags.py,"{'type': 'function_def', 'line': 10, 'name': 'slides', 'args': [], 'defaults': [], 'return': 'mark_safe', 'returnArgs': ['items_div']}"
Bus-Reservation-System-masterboundfield.py,"{'type': 'function_def', 'line': 150, 'name': 'label_tag', 'args': ['self', 'contents', 'attrs', 'label_suffix'], 'defaults': [None, None, None], 'return': 'mark_safe', 'returnArgs': ['contents']}"
Bus-Reservation-System-masterwidgets.py,"{'type': 'function_def', 'line': 58, 'name': 'render', 'args': ['self'], 'defaults': [], 'return': 'mark_safe', 'returnArgs': ['None.join']}"
Bus-Reservation-System-masterwidgets.py,"{'type': 'function_def', 'line': 316, 'name': 'render', 'args': ['self', 'name', 'value', 'attrs', 'choices'], 'defaults': [None], 'return': 'mark_safe', 'returnArgs': ['None.join']}"
Bus-Reservation-System-masterwidgets.py,"{'type': 'function_def', 'line': 392, 'name': 'render', 'args': ['self', 'name', 'value', 'attrs'], 'defaults': [None], 'return': 'mark_safe', 'returnArgs': ['templatesubstitutions']}"
Bus-Reservation-System-masterwidgets.py,"{'type': 'function_def', 'line': 523, 'name': 'render', 'args': ['self', 'name', 'value', 'attrs', 'choices'], 'defaults': [None], 'return': 'mark_safe', 'returnArgs': ['None.join']}"
Bus-Reservation-System-masterwidgets.py,"{'type': 'variable', 'line': 539, 'name': 'selected_html', 'value': None, 'valueSrc': 'mark_safe', 'isInput': False, 'args': [' selected=""selected""']}"
Bus-Reservation-System-masterwidgets.py,"{'type': 'function_def', 'line': 595, 'name': 'render', 'args': ['self', 'name', 'value', 'attrs', 'choices'], 'defaults': [None], 'return': 'mark_safe', 'returnArgs': ['None.join']}"
Bus-Reservation-System-masterwidgets.py,"{'type': 'function_def', 'line': 825, 'name': 'render', 'args': ['self', 'name', 'value', 'attrs'], 'defaults': [None], 'return': 'mark_safe', 'returnArgs': ['self.format_output']}"
Bus-Reservation-System-masterwidgets.py,"{'type': 'function_def', 'line': 982, 'name': 'render', 'args': ['self', 'name', 'value', 'attrs'], 'defaults': [None], 'return': 'mark_safe', 'returnArgs': ['None.join']}"
Bus-Reservation-System-masterformsets.py,"{'type': 'function_def', 'line': 408, 'name': 'as_table', 'args': ['self'], 'defaults': [], 'return': 'mark_safe', 'returnArgs': ['None.join']}"
Bus-Reservation-System-masterformsets.py,"{'type': 'function_def', 'line': 416, 'name': 'as_p', 'args': ['self'], 'defaults': [], 'return': 'mark_safe', 'returnArgs': ['None.join']}"
Bus-Reservation-System-masterformsets.py,"{'type': 'function_def', 'line': 421, 'name': 'as_ul', 'args': ['self'], 'defaults': [], 'return': 'mark_safe', 'returnArgs': ['None.join']}"
Bus-Reservation-System-masterforms.py,"{'type': 'function_def', 'line': 178, 'name': '_html_output', 'args': ['self', 'normal_row', 'error_row', 'row_ender', 'help_text_html', 'errors_on_separate_row'], 'defaults': [], 'return': 'mark_safe', 'returnArgs': ['None.join']}"
Bus-Reservation-System-mastertext.py,"{'type': 'function_def', 'line': 413, 'name': 'slugify', 'args': ['value', 'allow_unicode'], 'defaults': [False], 'return': 'mark_safe', 'returnArgs': ['re.sub']}"
Bus-Reservation-System-masterhtml.py,"{'type': 'function_def', 'line': 43, 'name': 'escape', 'args': ['text'], 'defaults': [], 'return': 'mark_safe', 'returnArgs': ['force_text.replace.replace.replace.replace.replace']}"
Bus-Reservation-System-masterhtml.py,"{'type': 'function_def', 'line': 74, 'name': 'escapejs', 'args': ['value'], 'defaults': [], 'return': 'mark_safe', 'returnArgs': ['force_text.translate']}"
Bus-Reservation-System-masterhtml.py,"{'type': 'function_def', 'line': 93, 'name': 'format_html', 'args': ['format_string', 'args'], 'defaults': [], 'return': 'mark_safe', 'returnArgs': ['format_string.format']}"
Bus-Reservation-System-masterhtml.py,"{'type': 'function_def', 'line': 104, 'name': 'format_html_join', 'args': ['sep', 'format_string', 'args_generator'], 'defaults': [], 'return': 'mark_safe', 'returnArgs': ['conditional_escape.join']}"
Bus-Reservation-System-masterhtml.py,"{'type': 'variable', 'line': 342, 'name': 'words[i]', 'value': None, 'valueSrc': 'mark_safe', 'isInput': False, 'args': ['%s%s%s']}"
Bus-Reservation-System-masterhtml.py,"{'type': 'variable', 'line': 345, 'name': 'words[i]', 'value': None, 'valueSrc': 'mark_safe', 'isInput': False, 'args': ['word']}"
Bus-Reservation-System-masterhtml.py,"{'type': 'variable', 'line': 349, 'name': 'words[i]', 'value': None, 'valueSrc': 'mark_safe', 'isInput': False, 'args': ['word']}"
Bus-Reservation-System-masterdefaultfilters.py,"{'type': 'function_def', 'line': 196, 'name': 'linenumbers', 'args': ['value', 'autoescape'], 'defaults': [True], 'return': 'mark_safe', 'returnArgs': ['None.join']}"
Bus-Reservation-System-masterdefaultfilters.py,"{'type': 'function_def', 'line': 358, 'name': 'urlize', 'args': ['value', 'autoescape'], 'defaults': [True], 'return': 'mark_safe', 'returnArgs': ['_urlize']}"
Bus-Reservation-System-masterdefaultfilters.py,"{'type': 'function_def', 'line': 365, 'name': 'urlizetrunc', 'args': ['value', 'limit', 'autoescape'], 'defaults': [True], 'return': 'mark_safe', 'returnArgs': ['_urlize']}"
Bus-Reservation-System-masterdefaultfilters.py,"{'type': 'function_def', 'line': 462, 'name': 'linebreaks_filter', 'args': ['value', 'autoescape'], 'defaults': [True], 'return': 'mark_safe', 'returnArgs': ['linebreaks']}"
Bus-Reservation-System-masterdefaultfilters.py,"{'type': 'function_def', 'line': 474, 'name': 'linebreaksbr', 'args': ['value', 'autoescape'], 'defaults': [True], 'return': 'mark_safe', 'returnArgs': ['value.replace']}"
Bus-Reservation-System-masterdefaultfilters.py,"{'type': 'function_def', 'line': 488, 'name': 'safe', 'args': ['value'], 'defaults': [], 'return': 'mark_safe', 'returnArgs': ['value']}"
Bus-Reservation-System-masterdefaultfilters.py,"{'type': 'function_def', 'line': 557, 'name': 'join', 'args': ['value', 'arg', 'autoescape'], 'defaults': [True], 'return': 'mark_safe', 'returnArgs': ['data']}"
Bus-Reservation-System-masterdefaultfilters.py,"{'type': 'function_def', 'line': 627, 'name': 'unordered_list', 'args': ['value', 'autoescape'], 'defaults': [True], 'return': 'mark_safe', 'returnArgs': ['list_formatter']}"
Bus-Reservation-System-masterdefaulttags.py,"{'type': 'function_def', 'line': 154, 'name': 'render', 'args': ['self', 'context'], 'defaults': [], 'return': 'mark_safe', 'returnArgs': ['None.join']}"
Bus-Reservation-System-masterbase.py,"{'type': 'function_call', 'line': 728, 'name': 'arg_vals.append', 'args': ['mark_safe'], 'keywords': [], 'hasInputs': False}"
Bus-Reservation-System-masterbase.py,"{'type': 'variable', 'line': 738, 'name': 'obj', 'value': None, 'valueSrc': 'mark_safe', 'isInput': False, 'args': ['new_obj']}"
Bus-Reservation-System-masterbase.py,"{'type': 'variable', 'line': 836, 'name': 'self.literal', 'value': None, 'valueSrc': 'mark_safe', 'isInput': False, 'args': ['unescape_string_literal']}"
Bus-Reservation-System-masterbase.py,"{'type': 'function_def', 'line': 988, 'name': 'render', 'args': ['self', 'context'], 'defaults': [], 'return': 'mark_safe', 'returnArgs': ['None.join']}"
Bus-Reservation-System-masterhumanize.py,"{'type': 'function_def', 'line': 21, 'name': 'ordinal', 'args': ['value'], 'defaults': [], 'return': 'mark_safe', 'returnArgs': ['%d%s']}"
Bus-Reservation-System-masterarray.py,"{'type': 'function_def', 'line': 109, 'name': 'render', 'args': ['self', 'name', 'value', 'attrs'], 'defaults': [None], 'return': 'mark_safe', 'returnArgs': ['self.format_output']}"
Bus-Reservation-System-masterwidgets.py,"{'type': 'function_def', 'line': 42, 'name': 'render', 'args': ['self', 'name', 'value', 'attrs', 'choices'], 'defaults': [None], 'return': 'mark_safe', 'returnArgs': ['None.join']}"
Bus-Reservation-System-masterwidgets.py,"{'type': 'function_def', 'line': 153, 'name': 'render', 'args': ['self', 'name', 'value', 'attrs'], 'defaults': [None], 'return': 'mark_safe', 'returnArgs': ['None.join']}"
Bus-Reservation-System-masterwidgets.py,"{'type': 'function_def', 'line': 281, 'name': 'render', 'args': ['self', 'name', 'value', 'args'], 'defaults': [], 'return': 'mark_safe', 'returnArgs': ['render_to_string']}"
Bus-Reservation-System-masteroptions.py,"{'type': 'variable', 'line': 756, 'name': 'action_checkbox.short_description', 'value': None, 'valueSrc': 'mark_safe', 'isInput': False, 'args': ['<input type=""checkbox"" id=""action-toggle"" />']}"
Bus-Reservation-System-masterhelpers.py,"{'type': 'function_def', 'line': 114, 'name': 'errors', 'args': ['self'], 'defaults': [], 'return': 'mark_safe', 'returnArgs': ['None.join.strip']}"
Bus-Reservation-System-masterhelpers.py,"{'type': 'function_def', 'line': 144, 'name': 'errors', 'args': ['self'], 'defaults': [], 'return': 'mark_safe', 'returnArgs': ['self.field.errors.as_ul']}"
Bus-Reservation-System-masterhelpers.py,"{'type': 'variable', 'line': 214, 'name': 'result_repr', 'value': None, 'valueSrc': 'mark_safe', 'isInput': False, 'args': ['value']}"
Bus-Reservation-System-masteradmin_list.py,"{'type': 'variable', 'line': 220, 'name': 'result_repr', 'value': None, 'valueSrc': 'mark_safe', 'isInput': False, 'args': ['result_repr']}"
Bus-Reservation-System-masteradmin_list.py,"{'type': 'variable', 'line': 235, 'name': 'result_repr', 'value': None, 'valueSrc': 'mark_safe', 'isInput': False, 'args': ['&nbsp;']}"
Bus-Reservation-System-masteradmin_list.py,"{'type': 'variable', 'line': 236, 'name': 'row_class', 'value': None, 'valueSrc': 'mark_safe', 'isInput': False, 'args': [' class=""%s""']}"
Bus-Reservation-System-masteradmin_list.py,"{'type': 'variable', 'line': 280, 'name': 'result_repr', 'value': None, 'valueSrc': 'mark_safe', 'isInput': False, 'args': ['force_textforce_text']}"
Bus-Reservation-System-masterviews.py,"{'type': 'variable', 'line': 68, 'name': 'f.title', 'value': None, 'valueSrc': 'mark_safe', 'isInput': False, 'args': ['f.title']}"
Bus-Reservation-System-masterviews.py,"{'type': 'variable', 'line': 69, 'name': 'f.content', 'value': None, 'valueSrc': 'mark_safe', 'isInput': False, 'args': ['f.content']}"
Bus-Reservation-System-mastercookie.py,"{'type': 'variable', 'line': 40, 'name': 'obj[3]', 'value': None, 'valueSrc': 'mark_safe', 'isInput': False, 'args': ['obj[3]']}"
Bus-Reservation-System-masterutils.py,"{'type': 'function_def', 'line': 62, 'name': 'parse_rst', 'args': ['text', 'default_reference_context', 'thing_being_parsed'], 'defaults': [None], 'return': 'mark_safe', 'returnArgs': ['parts[fragment]']}"
Bus-Reservation-System-mastergmap.py,"{'type': 'variable', 'line': 26, 'name': 'onunload', 'value': None, 'valueSrc': 'mark_safe', 'isInput': False, 'args': ['onunload=""GUnload()""']}"
Bus-Reservation-System-mastergmap.py,"{'type': 'variable', 'line': 27, 'name': 'vml_css', 'value': None, 'valueSrc': 'mark_safe', 'isInput': False, 'args': ['v\\:* {behavior:url(#default#VML);}']}"
Bus-Reservation-System-mastergmap.py,"{'type': 'variable', 'line': 28, 'name': 'xmlns', 'value': None, 'valueSrc': 'mark_safe', 'isInput': False, 'args': ['xmlns:v=""urn:schemas-microsoft-com:vml""']}"
Bus-Reservation-System-mastergmap.py,"{'type': 'function_def', 'line': 198, 'name': 'load_map_js', 'args': ['self'], 'defaults': [], 'return': 'mark_safe', 'returnArgs': ['None.join']}"
Bus-Reservation-System-mastergmap.py,"{'type': 'function_def', 'line': 231, 'name': 'onload', 'args': ['self'], 'defaults': [], 'return': 'mark_safe', 'returnArgs': ['onload=""%s.load()""']}"
Bus-Reservation-System-masterforms.py,"{'type': 'variable', 'line': 30, 'name': 'summary', 'value': None, 'valueSrc': 'mark_safe', 'isInput': False, 'args': ['<strong>%s</strong>ugettext']}"
Bus-Reservation-System-masterforms.py,"{'type': 'variable', 'line': 35, 'name': 'summary', 'value': None, 'valueSrc': 'mark_safe', 'isInput': False, 'args': ['<strong>%s</strong>ugettext']}"
django-basic-apps-masterfields.py,"{'type': 'function_def', 'line': 48, 'name': 'render', 'args': ['self', 'name', 'value', 'attrs'], 'defaults': [None], 'return': 'mark_safe', 'returnArgs': ['None.join']}"
django-basic-apps-mastercapture.py,"{'type': 'variable', 'line': 13, 'name': 'context[self.varname]', 'value': None, 'valueSrc': 'mark_safe', 'isInput': False, 'args': ['output.strip']}"
django-basic-apps-masterstringutils.py,"{'type': 'function_def', 'line': 62, 'name': 'placeholder', 'args': ['field', 'text'], 'defaults': [], 'return': 'mark_safe', 'returnArgs': ['re.sub']}"
e-commerce-2_django-masterviews.py,"{'type': 'function_call', 'line': 89, 'name': 'messages.success', 'args': ['request', 'mark_safe'], 'keywords': [], 'hasInputs': False}"
django-chartit-masterchartit.py,"{'type': 'function_def', 'line': 44, 'name': 'load_charts', 'args': ['chart_list', 'render_to'], 'defaults': [None, ''], 'return': 'mark_safe', 'returnArgs': ['embed_script']}"
ecommerce-mastercore_extras.py,"{'type': 'variable', 'line': 64, 'name': 'output', 'value': None, 'valueSrc': 'mark_safe', 'isInput': False, 'args': ['self.nodelist.render.strip']}"
ecommerce-masterviews.py,"{'type': 'function_call', 'line': 76, 'name': 'messages.success', 'args': ['request', 'mark_safe'], 'keywords': [], 'hasInputs': False}"
beg-django-e-commerce-masterragendjatags.py,"{'type': 'function_def', 'line': 24, 'name': 'encodejs', 'args': ['value'], 'defaults': [], 'return': 'mark_safe', 'returnArgs': ['value']}"
django-stockroom-masterwidgets.py,"{'type': 'function_def', 'line': 30, 'name': 'render', 'args': ['self', 'name', 'value', 'args'], 'defaults': [], 'return': 'mark_safe', 'returnArgs': ['None.join']}"
djangogirls-masteradmin.py,"{'type': 'function_def', 'line': 50, 'name': 'full_url', 'args': ['self', 'obj'], 'defaults': [], 'return': 'mark_safe', 'returnArgs': ['None.format']}"
django-machina-masterfields.py,"{'type': 'function_def', 'line': 83, 'name': '_get_rendered', 'args': ['self'], 'defaults': [], 'return': 'mark_safe', 'returnArgs': ['getattr']}"
django-machina-masterforum_tags.py,"{'type': 'variable', 'line': 27, 'name': 'context[children]', 'value': None, 'valueSrc': 'mark_safe', 'isInput': False, 'args': ['None.join']}"
django-admin-bootstrapped-masterwidgets.py,"{'type': 'variable', 'line': 31, 'name': 'selected_html', 'value': None, 'valueSrc': 'mark_safe', 'isInput': False, 'args': [' selected=""selected""']}"
django-recaptcha-develop-masterwidgets.py,"{'type': 'function_def', 'line': 26, 'name': 'render', 'args': ['self', 'name', 'value', 'attrs'], 'defaults': [None], 'return': 'mark_safe', 'returnArgs': ['%s']}"
archweb-mastermodels.py,"{'type': 'function_def', 'line': 25, 'name': 'html', 'args': ['self'], 'defaults': [], 'return': 'mark_safe', 'returnArgs': ['parse_markdown']}"
archweb-mastermodels.py,"{'type': 'function_def', 'line': 55, 'name': 'info_html', 'args': ['self'], 'defaults': [], 'return': 'mark_safe', 'returnArgs': ['parse_markdown']}"
archweb-masterpgp.py,"{'type': 'function_def', 'line': 58, 'name': 'pgp_fingerprint', 'args': ['key_id'], 'defaults': [], 'return': 'mark_safe', 'returnArgs': ['format_key']}"
archweb-mastercdn.py,"{'type': 'function_def', 'line': 10, 'name': 'jquery', 'args': [], 'defaults': [], 'return': 'mark_safe', 'returnArgs': ['<script type=""text/javascript"" src=""%s""></script>link']}"
eventbrite-masterhelper.py,"{'type': 'function_def', 'line': 296, 'name': 'render_layout', 'args': ['self', 'form', 'context', 'template_pack'], 'defaults': ['TEMPLATE_PACK'], 'return': 'mark_safe', 'returnArgs': ['html']}"
eventbrite-mastercrispy_forms_filters.py,"{'type': 'function_def', 'line': 128, 'name': 'flatatt_filter', 'args': ['attrs'], 'defaults': [], 'return': 'mark_safe', 'returnArgs': ['flatatt']}"
eventbrite-masterviews.py,"{'type': 'function_def', 'line': 16, 'name': 'get_settings_json', 'args': ['self'], 'defaults': [], 'return': 'mark_safe', 'returnArgs': ['json.dumps']}"
eventbrite-masterformatting.py,"{'type': 'function_def', 'line': 58, 'name': 'markup_description', 'args': ['description'], 'defaults': [], 'return': 'mark_safe', 'returnArgs': ['description']}"
eventbrite-masterrest_framework.py,"{'type': 'function_def', 'line': 50, 'name': 'form_for_link', 'args': ['link'], 'defaults': [], 'return': 'mark_safe', 'returnArgs': ['coreschema.render_to_form']}"
eventbrite-masterrest_framework.py,"{'type': 'function_def', 'line': 66, 'name': 'render_markdown', 'args': ['markdown_text'], 'defaults': [], 'return': 'mark_safe', 'returnArgs': ['apply_markdown']}"
eventbrite-masterrest_framework.py,"{'type': 'function_def', 'line': 91, 'name': 'optional_login', 'args': ['request'], 'defaults': [], 'return': 'mark_safe', 'returnArgs': ['snippet']}"
eventbrite-masterrest_framework.py,"{'type': 'function_def', 'line': 107, 'name': 'optional_docs_login', 'args': ['request'], 'defaults': [], 'return': 'mark_safe', 'returnArgs': ['snippet']}"
eventbrite-masterrest_framework.py,"{'type': 'function_def', 'line': 123, 'name': 'optional_logout', 'args': ['request', 'user'], 'defaults': [], 'return': 'mark_safe', 'returnArgs': ['snippet']}"
eventbrite-masterrest_framework.py,"{'type': 'function_def', 'line': 315, 'name': 'urlize_quoted_links', 'args': ['text', 'trim_url_limit', 'nofollow', 'autoescape'], 'defaults': [None, True, True], 'return': 'mark_safe', 'returnArgs': ['None.join']}"
eventbrite-masterrest_framework.py,"{'type': 'variable', 'line': 400, 'name': 'header', 'value': None, 'valueSrc': 'mark_safe', 'isInput': False, 'args': ['<br> ']}"
eventbrite-masterwidgets.py,"{'type': 'function_def', 'line': 72, 'name': 'render', 'args': ['self', 'name', 'value', 'attrs', 'renderer'], 'defaults': [None, None], 'return': 'mark_safe', 'returnArgs': ['None.join']}"
eventbrite-masterboundfield.py,"{'type': 'function_def', 'line': 129, 'name': 'label_tag', 'args': ['self', 'contents', 'attrs', 'label_suffix'], 'defaults': [None, None, None], 'return': 'mark_safe', 'returnArgs': ['contents']}"
eventbrite-masterwidgets.py,"{'type': 'function_def', 'line': 77, 'name': 'render', 'args': ['self'], 'defaults': [], 'return': 'mark_safe', 'returnArgs': ['None.join']}"
eventbrite-masterwidgets.py,"{'type': 'function_def', 'line': 244, 'name': '_render', 'args': ['self', 'template_name', 'context', 'renderer'], 'defaults': [None], 'return': 'mark_safe', 'returnArgs': ['renderer.render']}"
eventbrite-masterformsets.py,"{'type': 'function_def', 'line': 399, 'name': 'as_table', 'args': ['self'], 'defaults': [], 'return': 'mark_safe', 'returnArgs': ['str\nforms']}"
eventbrite-masterformsets.py,"{'type': 'function_def', 'line': 407, 'name': 'as_p', 'args': ['self'], 'defaults': [], 'return': 'mark_safe', 'returnArgs': ['str\nforms']}"
eventbrite-masterformsets.py,"{'type': 'function_def', 'line': 412, 'name': 'as_ul', 'args': ['self'], 'defaults': [], 'return': 'mark_safe', 'returnArgs': ['str\nforms']}"
eventbrite-masterforms.py,"{'type': 'function_def', 'line': 200, 'name': '_html_output', 'args': ['self', 'normal_row', 'error_row', 'row_ender', 'help_text_html', 'errors_on_separate_row'], 'defaults': [], 'return': 'mark_safe', 'returnArgs': ['None.join']}"
eventbrite-masterhtml.py,"{'type': 'function_def', 'line': 37, 'name': 'escape', 'args': ['text'], 'defaults': [], 'return': 'mark_safe', 'returnArgs': ['str.translate']}"
eventbrite-masterhtml.py,"{'type': 'function_def', 'line': 69, 'name': 'escapejs', 'args': ['value'], 'defaults': [], 'return': 'mark_safe', 'returnArgs': ['str.translate']}"
eventbrite-masterhtml.py,"{'type': 'function_def', 'line': 110, 'name': 'format_html', 'args': ['format_string', 'args'], 'defaults': [], 'return': 'mark_safe', 'returnArgs': ['format_string.format']}"
eventbrite-masterhtml.py,"{'type': 'function_def', 'line': 121, 'name': 'format_html_join', 'args': ['sep', 'format_string', 'args_generator'], 'defaults': [], 'return': 'mark_safe', 'returnArgs': ['conditional_escape.join']}"
eventbrite-masterhtml.py,"{'type': 'variable', 'line': 351, 'name': 'words[i]', 'value': None, 'valueSrc': 'mark_safe', 'isInput': False, 'args': ['%s%s%s']}"
eventbrite-masterhtml.py,"{'type': 'variable', 'line': 354, 'name': 'words[i]', 'value': None, 'valueSrc': 'mark_safe', 'isInput': False, 'args': ['word']}"
eventbrite-masterhtml.py,"{'type': 'variable', 'line': 358, 'name': 'words[i]', 'value': None, 'valueSrc': 'mark_safe', 'isInput': False, 'args': ['word']}"
eventbrite-mastertrans_real.py,"{'type': 'variable', 'line': 307, 'name': 'result', 'value': None, 'valueSrc': 'mark_safe', 'isInput': False, 'args': ['result']}"
eventbrite-masterdefaultfilters.py,"{'type': 'function_def', 'line': 95, 'name': 'floatformat', 'args': ['text', 'arg'], 'defaults': [], 'return': 'mark_safe', 'returnArgs': ['formats.number_format']}"
eventbrite-masterdefaultfilters.py,"{'type': 'function_def', 'line': 175, 'name': 'linenumbers', 'args': ['value', 'autoescape'], 'defaults': [True], 'return': 'mark_safe', 'returnArgs': ['None.join']}"
eventbrite-masterdefaultfilters.py,"{'type': 'function_def', 'line': 326, 'name': 'urlize', 'args': ['value', 'autoescape'], 'defaults': [True], 'return': 'mark_safe', 'returnArgs': ['_urlize']}"
eventbrite-masterdefaultfilters.py,"{'type': 'function_def', 'line': 333, 'name': 'urlizetrunc', 'args': ['value', 'limit', 'autoescape'], 'defaults': [True], 'return': 'mark_safe', 'returnArgs': ['_urlize']}"
eventbrite-masterdefaultfilters.py,"{'type': 'function_def', 'line': 413, 'name': 'linebreaks_filter', 'args': ['value', 'autoescape'], 'defaults': [True], 'return': 'mark_safe', 'returnArgs': ['linebreaks']}"
eventbrite-masterdefaultfilters.py,"{'type': 'function_def', 'line': 425, 'name': 'linebreaksbr', 'args': ['value', 'autoescape'], 'defaults': [True], 'return': 'mark_safe', 'returnArgs': ['value.replace']}"
eventbrite-masterdefaultfilters.py,"{'type': 'function_def', 'line': 439, 'name': 'safe', 'args': ['value'], 'defaults': [], 'return': 'mark_safe', 'returnArgs': ['value']}"
eventbrite-masterdefaultfilters.py,"{'type': 'function_def', 'line': 525, 'name': 'join', 'args': ['value', 'arg', 'autoescape'], 'defaults': [True], 'return': 'mark_safe', 'returnArgs': ['data']}"
eventbrite-masterdefaultfilters.py,"{'type': 'function_def', 'line': 588, 'name': 'unordered_list', 'args': ['value', 'autoescape'], 'defaults': [True], 'return': 'mark_safe', 'returnArgs': ['list_formatter']}"
eventbrite-masterdefaulttags.py,"{'type': 'function_def', 'line': 155, 'name': 'render', 'args': ['self', 'context'], 'defaults': [], 'return': 'mark_safe', 'returnArgs': ['None.join']}"
eventbrite-masterbase.py,"{'type': 'function_call', 'line': 690, 'name': 'arg_vals.append', 'args': ['mark_safe'], 'keywords': [], 'hasInputs': False}"
eventbrite-masterbase.py,"{'type': 'variable', 'line': 700, 'name': 'obj', 'value': None, 'valueSrc': 'mark_safe', 'isInput': False, 'args': ['new_obj']}"
eventbrite-masterbase.py,"{'type': 'variable', 'line': 782, 'name': 'self.literal', 'value': None, 'valueSrc': 'mark_safe', 'isInput': False, 'args': ['unescape_string_literal']}"
eventbrite-masterbase.py,"{'type': 'function_def', 'line': 933, 'name': 'render', 'args': ['self', 'context'], 'defaults': [], 'return': 'mark_safe', 'returnArgs': ['None.join']}"
eventbrite-masterhumanize.py,"{'type': 'function_def', 'line': 20, 'name': 'ordinal', 'args': ['value'], 'defaults': [], 'return': 'mark_safe', 'returnArgs': ['value']}"
eventbrite-masterwidgets.py,"{'type': 'variable', 'line': 153, 'name': 'context[related_url]', 'value': None, 'valueSrc': 'mark_safe', 'isInput': False, 'args': ['related_url']}"
eventbrite-masteroptions.py,"{'type': 'variable', 'line': 852, 'name': 'action_checkbox.short_description', 'value': None, 'valueSrc': 'mark_safe', 'isInput': False, 'args': ['<input type=""checkbox"" id=""action-toggle"">']}"
eventbrite-masterhelpers.py,"{'type': 'function_def', 'line': 115, 'name': 'errors', 'args': ['self'], 'defaults': [], 'return': 'mark_safe', 'returnArgs': ['None.join.strip']}"
eventbrite-masterhelpers.py,"{'type': 'function_def', 'line': 148, 'name': 'errors', 'args': ['self'], 'defaults': [], 'return': 'mark_safe', 'returnArgs': ['self.field.errors.as_ul']}"
eventbrite-masteradmin_list.py,"{'type': 'variable', 'line': 253, 'name': 'result_repr', 'value': None, 'valueSrc': 'mark_safe', 'isInput': False, 'args': ['&nbsp;']}"
eventbrite-masteradmin_list.py,"{'type': 'variable', 'line': 254, 'name': 'row_class', 'value': None, 'valueSrc': 'mark_safe', 'isInput': False, 'args': [' class=""%s""']}"
eventbrite-masteradmin_list.py,"{'type': 'variable', 'line': 292, 'name': 'result_repr', 'value': None, 'valueSrc': 'mark_safe', 'isInput': False, 'args': ['strstr']}"
eventbrite-masterviews.py,"{'type': 'variable', 'line': 66, 'name': 'f.title', 'value': None, 'valueSrc': 'mark_safe', 'isInput': False, 'args': ['f.title']}"
eventbrite-masterviews.py,"{'type': 'variable', 'line': 67, 'name': 'f.content', 'value': None, 'valueSrc': 'mark_safe', 'isInput': False, 'args': ['f.content']}"
eventbrite-mastercookie.py,"{'type': 'variable', 'line': 39, 'name': 'obj[3]', 'value': None, 'valueSrc': 'mark_safe', 'isInput': False, 'args': ['obj[3]']}"
eventbrite-masterutils.py,"{'type': 'function_def', 'line': 67, 'name': 'parse_rst', 'args': ['text', 'default_reference_context', 'thing_being_parsed'], 'defaults': [None], 'return': 'mark_safe', 'returnArgs': ['parts[fragment]']}"
eventbrite-mastergrp_tags.py,"{'type': 'function_def', 'line': 205, 'name': 'prettylabel', 'args': ['value'], 'defaults': [], 'return': 'mark_safe', 'returnArgs': ['value.replace']}"
eventbrite-masterbootstrap_pagination.py,"{'type': 'variable', 'line': 120, 'name': 'previous_label', 'value': None, 'valueSrc': 'mark_safe', 'isInput': False, 'args': ['kwargs.get']}"
eventbrite-masterbootstrap_pagination.py,"{'type': 'variable', 'line': 121, 'name': 'next_label', 'value': None, 'valueSrc': 'mark_safe', 'isInput': False, 'args': ['kwargs.get']}"
eventbrite-masterbootstrap_pagination.py,"{'type': 'variable', 'line': 122, 'name': 'previous_title', 'value': None, 'valueSrc': 'mark_safe', 'isInput': False, 'args': ['kwargs.get']}"
eventbrite-masterbootstrap_pagination.py,"{'type': 'variable', 'line': 123, 'name': 'next_title', 'value': None, 'valueSrc': 'mark_safe', 'isInput': False, 'args': ['kwargs.get']}"
eventbrite-masterbootstrap_pagination.py,"{'type': 'variable', 'line': 191, 'name': 'previous_label', 'value': None, 'valueSrc': 'mark_safe', 'isInput': False, 'args': ['kwargs.get']}"
eventbrite-masterbootstrap_pagination.py,"{'type': 'variable', 'line': 192, 'name': 'next_label', 'value': None, 'valueSrc': 'mark_safe', 'isInput': False, 'args': ['kwargs.get']}"
eventbrite-masterbootstrap_pagination.py,"{'type': 'variable', 'line': 194, 'name': 'first_label', 'value': None, 'valueSrc': 'mark_safe', 'isInput': False, 'args': ['kwargs.get']}"
eventbrite-masterbootstrap_pagination.py,"{'type': 'variable', 'line': 195, 'name': 'last_label', 'value': None, 'valueSrc': 'mark_safe', 'isInput': False, 'args': ['kwargs.get']}"
eventbrite-masterwidgets.py,"{'type': 'function_def', 'line': 129, 'name': 'render', 'args': ['self', 'name', 'value', 'attrs', 'renderer'], 'defaults': [None, None], 'return': 'mark_safe', 'returnArgs': ['force_text']}"
eventbrite-masterwidgets2.py,"{'type': 'function_def', 'line': 123, 'name': 'render', 'args': ['self', 'name', 'value', 'attrs', 'renderer'], 'defaults': [None, None], 'return': 'mark_safe', 'returnArgs': ['force_text']}"
eventbrite-masterwidgets.py,"{'type': 'function_def', 'line': 26, 'name': 'render', 'args': ['self', 'name', 'value', 'attrs', 'choices', 'renderer'], 'defaults': [None, None], 'return': 'mark_safe', 'returnArgs': ['None.join']}"
ella-masternewman_admin.py,"{'type': 'function_def', 'line': 167, 'name': 'admin_link', 'args': ['self', 'object'], 'defaults': [], 'return': 'mark_safe', 'returnArgs': ['<a class=""js-hashadr cl-publishable-link %s"" href=""/%s/%s/%s/"">%s</a>']}"
ella-masternewman_admin.py,"{'type': 'function_def', 'line': 173, 'name': 'site_icon', 'args': ['self', 'object'], 'defaults': [], 'return': 'mark_safe', 'returnArgs': ['%s']}"
ella-mastermanagers.py,"{'type': 'function_def', 'line': 167, 'name': 'admin_link', 'args': ['self', 'object'], 'defaults': [], 'return': 'mark_safe', 'returnArgs': ['<a class=""js-hashadr cl-publishable-link %s"" href=""/%s/%s/%s/"">%s</a>']}"
ella-mastermanagers.py,"{'type': 'function_def', 'line': 173, 'name': 'site_icon', 'args': ['self', 'object'], 'defaults': [], 'return': 'mark_safe', 'returnArgs': ['%s']}"
ella-mastermain.py,"{'type': 'function_def', 'line': 182, 'name': 'draw_title', 'args': ['self'], 'defaults': [], 'return': 'mark_safe', 'returnArgs': ['&nbsp;&nbsp;']}"
ella-masteradmin.py,"{'type': 'function_def', 'line': 83, 'name': 'thumb', 'args': ['self', 'photo'], 'defaults': [], 'return': 'mark_safe', 'returnArgs': ['\n            <a href=""%s"" title=""%s"" target=""_blank"">\n                <img src=""%s"" alt=""Thumbnail %s"" />\n            </a>']}"
shuup-masterproviders.py,"{'type': 'function_def', 'line': 24, 'name': 'render', 'args': ['self', 'name', 'value', 'attrs', 'renderer'], 'defaults': [None, None], 'return': 'mark_safe', 'returnArgs': ['self.attrs.get']}"
shuup-mastermethods.py,"{'type': 'function_def', 'line': 41, 'name': 'render', 'args': ['self', 'name', 'value', 'attrs', 'renderer'], 'defaults': [None, None], 'return': 'mark_safe', 'returnArgs': ['render_to_string']}"
shuup-masterwidget.py,"{'type': 'function_def', 'line': 47, 'name': 'render', 'args': ['self', 'name', 'value', 'attrs', 'renderer'], 'defaults': [None], 'return': 'mark_safe', 'returnArgs': [""<div id='%s-dropzone' class='dropzone %s' %s>%s</div>""]}"
shuup-masterproduct_list_modifiers.py,"{'type': 'function_def', 'line': 33, 'name': 'render', 'args': ['self', 'name', 'value', 'attrs', 'choices', 'renderer'], 'defaults': [None, None], 'return': 'mark_safe', 'returnArgs': ['render_to_string']}"
shuup-masterproduct_list_modifiers.py,"{'type': 'function_def', 'line': 46, 'name': 'render', 'args': ['self', 'name', 'value', 'attrs', 'choices', 'renderer'], 'defaults': [None, None], 'return': 'mark_safe', 'returnArgs': ['render_to_string']}"
shuup-masterdashboard.py,"{'type': 'function_def', 'line': 70, 'name': 'render', 'args': ['self'], 'defaults': [], 'return': 'mark_safe', 'returnArgs': ['template.render']}"
shuup-mastertemplate_helpers.py,"{'type': 'function_def', 'line': 16, 'name': 'get_search_form', 'args': ['self', 'context', 'template_name'], 'defaults': ['shuup/simple_search/search_form.jinja'], 'return': 'mark_safe', 'returnArgs': ['loader.render_to_string']}"
shuup-mastershuup_front.py,"{'type': 'function_def', 'line': 52, 'name': 'markdown', 'args': ['value'], 'defaults': [], 'return': 'mark_safe', 'returnArgs': ['_cached_markdown']}"
shuup-mastershuup_common.py,"{'type': 'function_def', 'line': 137, 'name': 'json', 'args': ['value'], 'defaults': [], 'return': 'mark_safe', 'returnArgs': ['json_dump']}"
shuup-mastershuup_common.py,"{'type': 'function_def', 'line': 144, 'name': 'safe_product_description', 'args': ['value'], 'defaults': [], 'return': 'mark_safe', 'returnArgs': ['value']}"
shuup-mastershuup_common.py,"{'type': 'function_def', 'line': 153, 'name': 'safe_vendor_description', 'args': ['value'], 'defaults': [], 'return': 'mark_safe', 'returnArgs': ['value']}"
shuup-masterwidgets.py,"{'type': 'function_def', 'line': 58, 'name': 'render_text', 'args': ['self', 'obj'], 'defaults': [], 'return': 'mark_safe', 'returnArgs': ['<a class=""btn btn-inverse browse-text btn-sm"" style=""%(css_style)s""             href=""%(url)s"" target=""_blank"">%(icon)s %(text)s</a>']}"
shuup-masterwidgets.py,"{'type': 'function_def', 'line': 92, 'name': 'render', 'args': ['self', 'name', 'value', 'attrs', 'renderer'], 'defaults': [None, None], 'return': 'mark_safe', 'returnArgs': ['<div %(attrs)s>%(content)s</div>']}"
shuup-masterwidgets.py,"{'type': 'function_def', 'line': 152, 'name': 'render', 'args': ['self', 'name', 'value', 'attrs', 'renderer'], 'defaults': [None], 'return': 'mark_safe', 'returnArgs': [""<div id='%s-dropzone' class='dropzone %s' %s>%s</div>""]}"
shuup-masterwidgets.py,"{'type': 'function_def', 'line': 187, 'name': 'render', 'args': ['self', 'name', 'value', 'attrs', 'renderer'], 'defaults': [None, None], 'return': 'mark_safe', 'returnArgs': [""<div id='%s-editor-wrap' class='summernote-wrap'>%s<div class='summernote-editor'>%s</div></div>""]}"
shuup-mastershuup_admin.py,"{'type': 'function_def', 'line': 19, 'name': 'field', 'args': ['self', 'field', 'kwargs'], 'defaults': [], 'return': 'mark_safe', 'returnArgs': ['AdminFieldRenderer.render']}"
shuup-mastershuup_admin.py,"{'type': 'function_def', 'line': 24, 'name': 'form', 'args': ['self', 'form', 'kwargs'], 'defaults': [], 'return': 'mark_safe', 'returnArgs': ['FormRenderer.render']}"
shuup-masterresources.py,"{'type': 'function_def', 'line': 167, 'name': 'render_resources', 'args': ['self', 'location', 'clean'], 'defaults': [True], 'return': 'mark_safe', 'returnArgs': ['content']}"
shuup-master_theme.py,"{'type': 'function_def', 'line': 352, 'name': 'render_menu_extensions', 'args': ['self', 'request', 'location'], 'defaults': ['MenuExtenderLocation.MAIN_MENU'], 'return': 'mark_safe', 'returnArgs': ['None.join']}"
shuup-masterextenders.py,"{'type': 'function_def', 'line': 35, 'name': 'get_rendered_menu_items', 'args': ['self', 'request', 'theme'], 'defaults': [], 'return': 'mark_safe', 'returnArgs': ['None.join']}"
shuup-masterwidgets.py,"{'type': 'function_def', 'line': 16, 'name': 'render', 'args': ['self', 'name', 'value', 'attrs', 'choices', 'renderer'], 'defaults': [None, None], 'return': 'mark_safe', 'returnArgs': ['render_to_string']}"
shuup-mastertext.py,"{'type': 'function_def', 'line': 30, 'name': 'render', 'args': ['self', 'context'], 'defaults': [], 'return': 'mark_safe', 'returnArgs': ['text']}"
shuup-masterwriter.py,"{'type': 'variable', 'line': 101, 'name': 'output', 'value': None, 'valueSrc': 'mark_safe', 'isInput': False, 'args': ['rendered_output']}"
shuup-masterwriter.py,"{'type': 'variable', 'line': 103, 'name': 'output', 'value': None, 'valueSrc': 'mark_safe', 'isInput': False, 'args': ['<pre>%s</pre>escape']}"
shuup-masterwriter.py,"{'type': 'function_call', 'line': 210, 'name': 'self.output.append', 'args': ['mark_safe'], 'keywords': [], 'hasInputs': False}"
shuup-mastermodels.py,"{'type': 'function_def', 'line': 189, 'name': 'as_html', 'args': ['self'], 'defaults': [], 'return': 'mark_safe', 'returnArgs': ['force_text']}"
Kart-masterviews.py,"{'type': 'function_call', 'line': 88, 'name': 'messages.success', 'args': ['request', 'mark_safe'], 'keywords': [], 'hasInputs': False}"
Kart-masterviews.py,"{'type': 'function_call', 'line': 168, 'name': 'messages.warning', 'args': ['self.request', 'mark_safe'], 'keywords': [], 'hasInputs': False}"
E-Commerce-Condiments-shop-mastercategory_template_tags.py,"{'type': 'function_def', 'line': 10, 'name': 'categories', 'args': [], 'defaults': [], 'return': 'mark_safe', 'returnArgs': ['items_li']}"
E-Commerce-Condiments-shop-mastercategory_template_tags.py,"{'type': 'function_def', 'line': 18, 'name': 'categories_mobile', 'args': [], 'defaults': [], 'return': 'mark_safe', 'returnArgs': ['items_li']}"
E-Commerce-Condiments-shop-mastercategory_template_tags.py,"{'type': 'function_def', 'line': 27, 'name': 'categories_li_a', 'args': [], 'defaults': [], 'return': 'mark_safe', 'returnArgs': ['items_li_a']}"
E-Commerce-Condiments-shop-mastercategory_template_tags.py,"{'type': 'function_def', 'line': 37, 'name': 'categories_div', 'args': [], 'defaults': [], 'return': 'mark_safe', 'returnArgs': ['item_div_list']}"
E-Commerce-Condiments-shop-masterslide_template_tags.py,"{'type': 'function_def', 'line': 10, 'name': 'slides', 'args': [], 'defaults': [], 'return': 'mark_safe', 'returnArgs': ['items_div']}"
opensale-masterforms.py,"{'type': 'variable', 'line': 260, 'name': 'label', 'value': None, 'valueSrc': 'mark_safe', 'isInput': False, 'args': ['%s %s']}"
opensale-mastermodels.py,"{'type': 'variable', 'line': 135, 'name': 'label', 'value': None, 'valueSrc': 'mark_safe', 'isInput': False, 'args': ['%s %s']}"
opensale-mastermarkdown.py,"{'type': 'function_def', 'line': 9, 'name': 'markdown', 'args': ['text'], 'defaults': [], 'return': 'mark_safe', 'returnArgs': ['html']}"
django-tables2-mastercheckboxcolumn.py,"{'type': 'function_def', 'line': 54, 'name': 'header', 'args': ['self'], 'defaults': [], 'return': 'mark_safe', 'returnArgs': ['<input %s/>']}"
django-tables2-mastercheckboxcolumn.py,"{'type': 'function_def', 'line': 61, 'name': 'render', 'args': ['self', 'value', 'bound_column', 'record'], 'defaults': [], 'return': 'mark_safe', 'returnArgs': ['<input %s/>']}"
django-tables2-mastermanytomanycolumn.py,"{'type': 'function_def', 'line': 86, 'name': 'render', 'args': ['self', 'value'], 'defaults': [], 'return': 'mark_safe', 'returnArgs': ['conditional_escape.join']}"
django-scheduler-developscheduletags.py,"{'type': 'function_def', 'line': 206, 'name': 'prev_url', 'args': ['target', 'calendar', 'period'], 'defaults': [], 'return': 'mark_safe', 'returnArgs': ['<a href=""%s%s""><span class=""glyphicon glyphicon-circle-arrow-left""></span></a>']}"
django-scheduler-developscheduletags.py,"{'type': 'function_def', 'line': 223, 'name': 'next_url', 'args': ['target', 'calendar', 'period'], 'defaults': [], 'return': 'mark_safe', 'returnArgs': ['<a href=""%s%s""><span class=""glyphicon glyphicon-circle-arrow-right""></span></a>']}"
site-masterwiki_extra.py,"{'type': 'function_def', 'line': 42, 'name': 'render', 'args': ['template_path', 'context'], 'defaults': [], 'return': 'mark_safe', 'returnArgs': ['get_template.render']}"
django-oscar-masterabstract_models.py,"{'type': 'function_def', 'line': 1122, 'name': '_richtext_as_html', 'args': ['self'], 'defaults': [], 'return': 'mark_safe', 'returnArgs': ['self.value']}"
mep-django-masteradmin.py,"{'type': 'function_def', 'line': 32, 'name': 'render', 'args': ['self', 'name', 'value', 'renderer', 'attrs'], 'defaults': [None, None], 'return': 'mark_safe', 'returnArgs': ['%s<p><a id=""geonames_uri"" target=""_blank"" href=""%s"">%s</a></p>']}"
mep-django-masteradmin.py,"{'type': 'function_def', 'line': 49, 'name': 'render', 'args': ['self', 'name', 'value', 'renderer', 'attrs'], 'defaults': [None, None], 'return': 'mark_safe', 'returnArgs': ['<div id=""geonames_map""></div>%s']}"
mep-django-masterviews.py,"{'type': 'function_call', 'line': 948, 'name': 'messages.success', 'args': ['self.request', 'mark_safe'], 'keywords': [], 'hasInputs': False}"
mep-django-masteraccount_tags.py,"{'type': 'function_def', 'line': 34, 'name': 'as_ranges', 'args': ['years'], 'defaults': [], 'return': 'mark_safe', 'returnArgs': ['result']}"
mep-django-mastermep_tags.py,"{'type': 'function_def', 'line': 96, 'name': 'formfield_selected_filter', 'args': ['context', 'boundfield'], 'defaults': [], 'return': 'mark_safe', 'returnArgs': ['link']}"
django-crispy-forms-masterhelper.py,"{'type': 'function_def', 'line': 293, 'name': 'render_layout', 'args': ['self', 'form', 'context', 'template_pack'], 'defaults': ['TEMPLATE_PACK'], 'return': 'mark_safe', 'returnArgs': ['html']}"
django-crispy-forms-mastercrispy_forms_filters.py,"{'type': 'function_def', 'line': 125, 'name': 'flatatt_filter', 'args': ['attrs'], 'defaults': [], 'return': 'mark_safe', 'returnArgs': ['flatatt']}"
Django-E-Commerce-mastermodels.py,"{'type': 'function_def', 'line': 27, 'name': 'image_tag', 'args': ['self'], 'defaults': [], 'return': 'mark_safe', 'returnArgs': ['None.format']}"
Django-E-Commerce-masterboundfield.py,"{'type': 'function_def', 'line': 132, 'name': 'label_tag', 'args': ['self', 'contents', 'attrs', 'label_suffix'], 'defaults': [None, None, None], 'return': 'mark_safe', 'returnArgs': ['contents']}"
Django-E-Commerce-masterwidgets.py,"{'type': 'function_def', 'line': 77, 'name': 'render', 'args': ['self'], 'defaults': [], 'return': 'mark_safe', 'returnArgs': ['None.join']}"
Django-E-Commerce-masterwidgets.py,"{'type': 'function_def', 'line': 244, 'name': '_render', 'args': ['self', 'template_name', 'context', 'renderer'], 'defaults': [None], 'return': 'mark_safe', 'returnArgs': ['renderer.render']}"
Django-E-Commerce-masterformsets.py,"{'type': 'function_def', 'line': 415, 'name': 'as_table', 'args': ['self'], 'defaults': [], 'return': 'mark_safe', 'returnArgs': ['str\nNone']}"
Django-E-Commerce-masterformsets.py,"{'type': 'function_def', 'line': 423, 'name': 'as_p', 'args': ['self'], 'defaults': [], 'return': 'mark_safe', 'returnArgs': ['str\nNone']}"
Django-E-Commerce-masterformsets.py,"{'type': 'function_def', 'line': 428, 'name': 'as_ul', 'args': ['self'], 'defaults': [], 'return': 'mark_safe', 'returnArgs': ['str\nNone']}"
Django-E-Commerce-masterforms.py,"{'type': 'function_def', 'line': 195, 'name': '_html_output', 'args': ['self', 'normal_row', 'error_row', 'row_ender', 'help_text_html', 'errors_on_separate_row'], 'defaults': [], 'return': 'mark_safe', 'returnArgs': ['None.join']}"
Django-E-Commerce-masterhtml.py,"{'type': 'function_def', 'line': 31, 'name': 'escape', 'args': ['text'], 'defaults': [], 'return': 'mark_safe', 'returnArgs': ['html.escape']}"
Django-E-Commerce-masterhtml.py,"{'type': 'function_def', 'line': 63, 'name': 'escapejs', 'args': ['value'], 'defaults': [], 'return': 'mark_safe', 'returnArgs': ['str.translate']}"
Django-E-Commerce-masterhtml.py,"{'type': 'function_def', 'line': 104, 'name': 'format_html', 'args': ['format_string', 'args'], 'defaults': [], 'return': 'mark_safe', 'returnArgs': ['format_string.format']}"
Django-E-Commerce-masterhtml.py,"{'type': 'function_def', 'line': 115, 'name': 'format_html_join', 'args': ['sep', 'format_string', 'args_generator'], 'defaults': [], 'return': 'mark_safe', 'returnArgs': ['conditional_escape.join']}"
Django-E-Commerce-masterhtml.py,"{'type': 'variable', 'line': 336, 'name': 'words[i]', 'value': None, 'valueSrc': 'mark_safe', 'isInput': False, 'args': ['%s%s%s']}"
Django-E-Commerce-masterhtml.py,"{'type': 'variable', 'line': 339, 'name': 'words[i]', 'value': None, 'valueSrc': 'mark_safe', 'isInput': False, 'args': ['word']}"
Django-E-Commerce-masterhtml.py,"{'type': 'variable', 'line': 343, 'name': 'words[i]', 'value': None, 'valueSrc': 'mark_safe', 'isInput': False, 'args': ['word']}"
Django-E-Commerce-mastertrans_real.py,"{'type': 'variable', 'line': 376, 'name': 'result', 'value': None, 'valueSrc': 'mark_safe', 'isInput': False, 'args': ['result']}"
Django-E-Commerce-masterdefaultfilters.py,"{'type': 'function_def', 'line': 95, 'name': 'floatformat', 'args': ['text', 'arg'], 'defaults': [], 'return': 'mark_safe', 'returnArgs': ['formats.number_format']}"
Django-E-Commerce-masterdefaultfilters.py,"{'type': 'function_def', 'line': 175, 'name': 'linenumbers', 'args': ['value', 'autoescape'], 'defaults': [True], 'return': 'mark_safe', 'returnArgs': ['None.join']}"
Django-E-Commerce-masterdefaultfilters.py,"{'type': 'function_def', 'line': 326, 'name': 'urlize', 'args': ['value', 'autoescape'], 'defaults': [True], 'return': 'mark_safe', 'returnArgs': ['_urlize']}"
Django-E-Commerce-masterdefaultfilters.py,"{'type': 'function_def', 'line': 333, 'name': 'urlizetrunc', 'args': ['value', 'limit', 'autoescape'], 'defaults': [True], 'return': 'mark_safe', 'returnArgs': ['_urlize']}"
Django-E-Commerce-masterdefaultfilters.py,"{'type': 'function_def', 'line': 413, 'name': 'linebreaks_filter', 'args': ['value', 'autoescape'], 'defaults': [True], 'return': 'mark_safe', 'returnArgs': ['linebreaks']}"
Django-E-Commerce-masterdefaultfilters.py,"{'type': 'function_def', 'line': 425, 'name': 'linebreaksbr', 'args': ['value', 'autoescape'], 'defaults': [True], 'return': 'mark_safe', 'returnArgs': ['value.replace']}"
Django-E-Commerce-masterdefaultfilters.py,"{'type': 'function_def', 'line': 439, 'name': 'safe', 'args': ['value'], 'defaults': [], 'return': 'mark_safe', 'returnArgs': ['value']}"
Django-E-Commerce-masterdefaultfilters.py,"{'type': 'function_def', 'line': 525, 'name': 'join', 'args': ['value', 'arg', 'autoescape'], 'defaults': [True], 'return': 'mark_safe', 'returnArgs': ['data']}"
Django-E-Commerce-masterdefaultfilters.py,"{'type': 'function_def', 'line': 588, 'name': 'unordered_list', 'args': ['value', 'autoescape'], 'defaults': [True], 'return': 'mark_safe', 'returnArgs': ['list_formatter']}"
Django-E-Commerce-masterdefaulttags.py,"{'type': 'function_def', 'line': 155, 'name': 'render', 'args': ['self', 'context'], 'defaults': [], 'return': 'mark_safe', 'returnArgs': ['None.join']}"
Django-E-Commerce-masterbase.py,"{'type': 'function_call', 'line': 689, 'name': 'arg_vals.append', 'args': ['mark_safe'], 'keywords': [], 'hasInputs': False}"
Django-E-Commerce-masterbase.py,"{'type': 'variable', 'line': 699, 'name': 'obj', 'value': None, 'valueSrc': 'mark_safe', 'isInput': False, 'args': ['new_obj']}"
Django-E-Commerce-masterbase.py,"{'type': 'variable', 'line': 781, 'name': 'self.literal', 'value': None, 'valueSrc': 'mark_safe', 'isInput': False, 'args': ['unescape_string_literal']}"
Django-E-Commerce-masterbase.py,"{'type': 'function_def', 'line': 932, 'name': 'render', 'args': ['self', 'context'], 'defaults': [], 'return': 'mark_safe', 'returnArgs': ['None.join']}"
Django-E-Commerce-masterhumanize.py,"{'type': 'function_def', 'line': 20, 'name': 'ordinal', 'args': ['value'], 'defaults': [], 'return': 'mark_safe', 'returnArgs': ['value']}"
Django-E-Commerce-masteroptions.py,"{'type': 'variable', 'line': 849, 'name': 'action_checkbox.short_description', 'value': None, 'valueSrc': 'mark_safe', 'isInput': False, 'args': ['<input type=""checkbox"" id=""action-toggle"">']}"
Django-E-Commerce-masterhelpers.py,"{'type': 'function_def', 'line': 115, 'name': 'errors', 'args': ['self'], 'defaults': [], 'return': 'mark_safe', 'returnArgs': ['None.join.strip']}"
Django-E-Commerce-masterhelpers.py,"{'type': 'function_def', 'line': 148, 'name': 'errors', 'args': ['self'], 'defaults': [], 'return': 'mark_safe', 'returnArgs': ['self.field.errors.as_ul']}"
Django-E-Commerce-masteradmin_list.py,"{'type': 'variable', 'line': 256, 'name': 'result_repr', 'value': None, 'valueSrc': 'mark_safe', 'isInput': False, 'args': ['&nbsp;']}"
Django-E-Commerce-masteradmin_list.py,"{'type': 'variable', 'line': 257, 'name': 'row_class', 'value': None, 'valueSrc': 'mark_safe', 'isInput': False, 'args': [' class=""%s""']}"
Django-E-Commerce-masteradmin_list.py,"{'type': 'variable', 'line': 295, 'name': 'result_repr', 'value': None, 'valueSrc': 'mark_safe', 'isInput': False, 'args': ['strstr']}"
Django-E-Commerce-masterviews.py,"{'type': 'variable', 'line': 66, 'name': 'f.title', 'value': None, 'valueSrc': 'mark_safe', 'isInput': False, 'args': ['f.title']}"
Django-E-Commerce-masterviews.py,"{'type': 'variable', 'line': 67, 'name': 'f.content', 'value': None, 'valueSrc': 'mark_safe', 'isInput': False, 'args': ['f.content']}"
Django-E-Commerce-masterutils.py,"{'type': 'function_def', 'line': 67, 'name': 'parse_rst', 'args': ['text', 'default_reference_context', 'thing_being_parsed'], 'defaults': [None], 'return': 'mark_safe', 'returnArgs': ['parts[fragment]']}"
Django-E-Commerce-masteradmin.py,"{'type': 'function_call', 'line': 338, 'name': 'choices.append', 'args': ['pk', 'val', 'mark_safe'], 'keywords': [], 'hasInputs': False}"
Django-E-Commerce-masterforms.py,"{'type': 'function_def', 'line': 33, 'name': '_get_level_indicator', 'args': ['self', 'obj'], 'defaults': [], 'return': 'mark_safe', 'returnArgs': ['conditional_escapelevel']}"
Django-E-Commerce-masterforms.py,"{'type': 'function_def', 'line': 37, 'name': 'label_from_instance', 'args': ['self', 'obj'], 'defaults': [], 'return': 'mark_safe', 'returnArgs': ['level_indicator conditional_escape']}"
Django-E-Commerce-mastermptt_admin.py,"{'type': 'variable', 'line': 96, 'name': 'result_repr', 'value': None, 'valueSrc': 'mark_safe', 'isInput': False, 'args': ['result_repr']}"
Django-E-Commerce-mastermptt_admin.py,"{'type': 'variable', 'line': 116, 'name': 'result_repr', 'value': None, 'valueSrc': 'mark_safe', 'isInput': False, 'args': ['&nbsp;']}"
Django-E-Commerce-mastermptt_admin.py,"{'type': 'variable', 'line': 117, 'name': 'row_class', 'value': None, 'valueSrc': 'mark_safe', 'isInput': False, 'args': [' class=""%s""']}"
Django-E-Commerce-mastermptt_admin.py,"{'type': 'variable', 'line': 122, 'name': 'padding_attr', 'value': None, 'valueSrc': 'mark_safe', 'isInput': False, 'args': [' style=""padding-%s:%spx""']}"
Django-E-Commerce-mastermptt_admin.py,"{'type': 'variable', 'line': 177, 'name': 'result_repr', 'value': None, 'valueSrc': 'mark_safe', 'isInput': False, 'args': ['force_strforce_str']}"
Django-E-Commerce-mastermptt_tags.py,"{'type': 'variable', 'line': 260, 'name': 'context[children]', 'value': None, 'valueSrc': 'mark_safe', 'isInput': False, 'args': ['None.join']}"
Django-E-Commerce-masterwidgets.py,"{'type': 'function_def', 'line': 111, 'name': 'render', 'args': ['self', 'name', 'value', 'attrs', 'renderer'], 'defaults': [None, None], 'return': 'mark_safe', 'returnArgs': ['renderer.render']}"
Django-E-Commerce-master__init__.py,"{'type': 'function_def', 'line': 49, 'name': 'thumbnail_field', 'args': ['self', 'obj'], 'defaults': [], 'return': 'mark_safe', 'returnArgs': ['None.format']}"
django-jquery-file-upload-masterupload_tags.py,"{'type': 'function_def', 'line': 7, 'name': 'upload_js', 'args': [], 'defaults': [], 'return': 'mark_safe', 'returnArgs': ['\n<!-- The template to display files available for upload -->\n<script id=""template-upload"" type=""text/x-tmpl"">\n{% for (var i=0, file; file=o.files[i]; i++) { %}\n    <tr class=""template-upload fade"">\n        <td>\n            <span class=""preview""></span>\n        </td>\n        <td>\n            <p class=""name"">{%=file.name%}</p>\n            {% if (file.error) { %}\n                <div><span class=""label label-important"">{%=locale.fileupload.error%}</span> {%=file.error%}</div>\n            {% } %}\n        </td>\n        <td>\n            <p class=""size"">{%=o.formatFileSize(file.size)%}</p>\n            {% if (!o.files.error) { %}\n                <div class=""progress progress-striped active"" role=""progressbar"" aria-valuemin=""0"" aria-valuemax=""100"" aria-valuenow=""0""><div class=""progress-bar progress-bar-success"" style=""width:0%;""></div></div>\n            {% } %}\n        </td>\n        <td>\n            {% if (!o.files.error && !i && !o.options.autoUpload) { %}\n                <button class=""btn btn-primary start"">\n                    <i class=""glyphicon glyphicon-upload""></i>\n                    <span>{%=locale.fileupload.start%}</span>\n                </button>\n            {% } %}\n            {% if (!i) { %}\n                <button class=""btn btn-warning cancel"">\n                    <i class=""glyphicon glyphicon-ban-circle""></i>\n                    <span>{%=locale.fileupload.cancel%}</span>\n                </button>\n            {% } %}\n        </td>\n    </tr>\n{% } %}\n</script>\n<!-- The template to display files available for download -->\n<script id=""template-download"" type=""text/x-tmpl"">\n{% for (var i=0, file; file=o.files[i]; i++) { %}\n    <tr class=""template-download fade"">\n        <td>\n            <span class=""preview"">\n                {% if (file.thumbnailUrl) { %}\n                    <a href=""{%=file.url%}"" title=""{%=file.name%}"" download=""{%=file.name%}"" data-gallery><img src=""{%=file.thumbnailUrl%}""></a>\n                {% } %}\n            </span>\n        </td>\n        <td>\n            <p class=""name"">\n                <a href=""{%=file.url%}"" title=""{%=file.name%}"" download=""{%=file.name%}"" {%=file.thumbnailUrl?\'data-gallery\':\'\'%}>{%=file.name%}</a>\n            </p>\n            {% if (file.error) { %}\n                <div><span class=""label label-important"">{%=locale.fileupload.error%}</span> {%=file.error%}</div>\n            {% } %}\n        </td>\n        <td>\n            <span class=""size"">{%=o.formatFileSize(file.size)%}</span>\n        </td>\n        <td>\n            <button class=""btn btn-danger delete"" data-type=""{%=file.deleteType%}"" data-url=""{%=file.deleteUrl%}""{% if (file.deleteWithCredentials) { %} data-xhr-fields=\'{""withCredentials"":true}\'{% } %}>\n                <i class=""glyphicon glyphicon-trash""></i>\n                <span>{%=locale.fileupload.destroy%}</span>\n            </button>\n            <input type=""checkbox"" name=""delete"" value=""1"" class=""toggle"">\n        </td>\n    </tr>\n{% } %}\n</script>\n']}"
