__init__.py,"{'type': 'variable', 'line': 99, 'name': 'content', 'value': None, 'valueSrc': 'yaml.load', 'isInput': False, 'args': ['response.text']}"
metadata_extractors.py,"{'type': 'variable', 'line': 200, 'name': 'meta', 'value': None, 'valueSrc': 'yaml.load', 'isInput': False, 'args': ['source_text']}"
galleries.py,"{'type': 'variable', 'line': 475, 'name': 'meta', 'value': None, 'valueSrc': 'yaml.load_all', 'isInput': False, 'args': ['meta_file']}"
fabfile.py,"{'type': 'variable', 'line': 17, 'name': 'data', 'value': None, 'valueSrc': 'yaml.load', 'isInput': False, 'args': ['documents_file']}"
views.py,"{'type': 'variable', 'line': 30, 'name': 'data', 'value': None, 'valueSrc': 'yaml.load', 'isInput': False, 'args': ['documents_file']}"
list_cpc_and_lpar.py,"{'type': 'variable', 'line': 35, 'name': 'hmccreds', 'value': None, 'valueSrc': 'yaml.load', 'isInput': False, 'args': ['fp']}"
list_free_crypto_domains.py,"{'type': 'variable', 'line': 35, 'name': 'hmccreds', 'value': None, 'valueSrc': 'yaml.load', 'isInput': False, 'args': ['fp']}"
show_os_messages.py,"{'type': 'variable', 'line': 38, 'name': 'hmccreds', 'value': None, 'valueSrc': 'yaml.load', 'isInput': False, 'args': ['fp']}"
mount_iso.py,"{'type': 'variable', 'line': 38, 'name': 'hmccreds', 'value': None, 'valueSrc': 'yaml.load', 'isInput': False, 'args': ['fp']}"
list_storage_groups.py,"{'type': 'variable', 'line': 35, 'name': 'hmccreds', 'value': None, 'valueSrc': 'yaml.load', 'isInput': False, 'args': ['fp']}"
async_operation_polling.py,"{'type': 'variable', 'line': 36, 'name': 'hmccreds', 'value': None, 'valueSrc': 'yaml.load', 'isInput': False, 'args': ['fp']}"
activation_profiles.py,"{'type': 'variable', 'line': 35, 'name': 'hmccreds', 'value': None, 'valueSrc': 'yaml.load', 'isInput': False, 'args': ['fp']}"
get_partial_and_full_properties.py,"{'type': 'variable', 'line': 37, 'name': 'hmccreds', 'value': None, 'valueSrc': 'yaml.load', 'isInput': False, 'args': ['fp']}"
jms_notifications.py,"{'type': 'variable', 'line': 40, 'name': 'hmccreds', 'value': None, 'valueSrc': 'yaml.load', 'isInput': False, 'args': ['fp']}"
metrics.py,"{'type': 'variable', 'line': 36, 'name': 'hmccreds', 'value': None, 'valueSrc': 'yaml.load', 'isInput': False, 'args': ['fp']}"
partition_lifecycle.py,"{'type': 'variable', 'line': 37, 'name': 'hmccreds', 'value': None, 'valueSrc': 'yaml.load', 'isInput': False, 'args': ['fp']}"
discover_storage_group.py,"{'type': 'variable', 'line': 37, 'name': 'hmccreds', 'value': None, 'valueSrc': 'yaml.load', 'isInput': False, 'args': ['fp']}"
lpar_operations.py,"{'type': 'variable', 'line': 37, 'name': 'hmccreds', 'value': None, 'valueSrc': 'yaml.load', 'isInput': False, 'args': ['fp']}"
get_inventory.py,"{'type': 'variable', 'line': 54, 'name': 'hmccreds', 'value': None, 'valueSrc': 'yaml.load', 'isInput': False, 'args': ['fp']}"
adapter_port_vswitch.py,"{'type': 'variable', 'line': 36, 'name': 'hmccreds', 'value': None, 'valueSrc': 'yaml.load', 'isInput': False, 'args': ['fp']}"
api_version.py,"{'type': 'variable', 'line': 35, 'name': 'hmccreds', 'value': None, 'valueSrc': 'yaml.load', 'isInput': False, 'args': ['fp']}"
serializers.py,"{'type': 'function_def', 'line': 506, 'name': 'from_yaml', 'args': ['self', 'content'], 'defaults': [], 'return': 'yaml.load', 'returnArgs': ['content']}"
model.py,"{'type': 'variable', 'line': 143, 'name': 'self.data', 'value': None, 'valueSrc': 'yaml.load', 'isInput': False, 'args': ['self.deps_file.read_all']}"
model.py,"{'type': 'variable', 'line': 226, 'name': 'conf', 'value': None, 'valueSrc': 'yaml.load', 'isInput': False, 'args': ['stream']}"
jinja.py,"{'type': 'function_call', 'line': 388, 'name': 'var.update', 'args': ['yaml.load'], 'keywords': [], 'hasInputs': False}"
meta.py,"{'type': 'function_call', 'line': 47, 'name': 'super.update', 'args': ['yaml.load'], 'keywords': [], 'hasInputs': False}"
conf.py,"{'type': 'variable', 'line': 21, 'name': 'conf', 'value': None, 'valueSrc': 'yaml.load', 'isInput': False, 'args': ['cfg']}"
dashboard.py,"{'type': 'variable', 'line': 475, 'name': 'myyaml', 'value': None, 'valueSrc': 'yaml.load', 'isInput': False, 'args': ['stream']}"
__main__.py,"{'type': 'variable', 'line': 234, 'name': 'config', 'value': None, 'valueSrc': 'yaml.load', 'isInput': False, 'args': ['config_file_contents']}"
__main__.py,"{'type': 'variable', 'line': 248, 'name': 'utils.secrets', 'value': None, 'valueSrc': 'yaml.load', 'isInput': False, 'args': ['secrets_file_contents']}"
__main__.py,"{'type': 'variable', 'line': 266, 'name': 'config', 'value': None, 'valueSrc': 'yaml.load', 'isInput': False, 'args': ['config_file_contents']}"
app_management.py,"{'type': 'variable', 'line': 478, 'name': 'new_config', 'value': None, 'valueSrc': 'yaml.load', 'isInput': False, 'args': ['config_file_contents']}"
dummyplugin.py,"{'type': 'variable', 'line': 30, 'name': 'self.config', 'value': None, 'valueSrc': 'yaml.load', 'isInput': False, 'args': ['config_file_contents']}"
meta.py,"{'type': 'function_call', 'line': 32, 'name': 'meta.update', 'args': ['yaml.load'], 'keywords': [], 'hasInputs': False}"
blogger2blogofile.py,"{'type': 'variable', 'line': 172, 'name': 'header', 'value': None, 'valueSrc': 'yaml.load', 'isInput': False, 'args': ['entry.blogofile_header']}"
blogger2blogofile.py,"{'type': 'variable', 'line': 184, 'name': 'header', 'value': None, 'valueSrc': 'yaml.load', 'isInput': False, 'args': ['entry.blogofile_header']}"
config.py,"{'type': 'variable', 'line': 19, 'name': 'config', 'value': None, 'valueSrc': 'yaml.load', 'isInput': False, 'args': ['stream']}"
scaffold.py,"{'type': 'variable', 'line': 131, 'name': 'yaml_data', 'value': None, 'valueSrc': 'yaml.load', 'isInput': False, 'args': ['file']}"
proposal_target_layer.py,"{'type': 'variable', 'line': 33, 'name': 'layer_params', 'value': None, 'valueSrc': 'yaml.load', 'isInput': False, 'args': ['self.param_str_']}"
proposal_layer.py,"{'type': 'variable', 'line': 33, 'name': 'layer_params', 'value': None, 'valueSrc': 'yaml.load', 'isInput': False, 'args': ['self.param_str_']}"
anchor_target_layer.py,"{'type': 'variable', 'line': 35, 'name': 'layer_params', 'value': None, 'valueSrc': 'yaml.load', 'isInput': False, 'args': ['self.param_str_']}"
proposal_target_layer.py,"{'type': 'variable', 'line': 31, 'name': 'layer_params', 'value': None, 'valueSrc': 'yaml.load', 'isInput': False, 'args': ['self.param_str_']}"
proposal_layer.py,"{'type': 'variable', 'line': 29, 'name': 'layer_params', 'value': None, 'valueSrc': 'yaml.load', 'isInput': False, 'args': ['self.param_str_']}"
anchor_target_layer.py,"{'type': 'variable', 'line': 33, 'name': 'layer_params', 'value': None, 'valueSrc': 'yaml.load', 'isInput': False, 'args': ['self.param_str_']}"
naptan.py,"{'type': 'variable', 'line': 70, 'name': 'self.tube_references', 'value': None, 'valueSrc': 'yaml.load', 'isInput': False, 'args': ['fd']}"
osm.py,"{'type': 'variable', 'line': 282, 'name': 'self._entity_types', 'value': None, 'valueSrc': 'yaml.load', 'isInput': False, 'args': ['fd']}"
osm.py,"{'type': 'variable', 'line': 304, 'name': 'self.identities', 'value': None, 'valueSrc': 'yaml.load', 'isInput': False, 'args': ['fd']}"
