bytes,b'--'
bytes,b';'
bytes,b'\r\n\r\n'
bytes,b'='
bytes,b'django.http.cookies'
bytes,b'\n'
bytes,b'-'
bytes,b'\x00'
bytes,b'0'
bytes,b'\x00'
bytes,b'\xff'
bytes,b'!'
bytes,b'!'
bytes,b'!'
bytes,b'NETSCAPE2.0'
bytes,"b','"
bytes,b'GIF'
bytes,b'\x00'
bytes,b'\x00'
bytes,b'\x00'
bytes,b'\x1a'
bytes,b''
bytes,b'\x00'
bytes,b'Exif\x00\x00'
bytes,b'BM'
bytes,b'\x00'
bytes,b'\x00'
bytes,b''
bytes,b'#%02X'
bytes,b'[ '
bytes,b' ]'
bytes,b'trailer\n'
bytes,b'[\\000\\011\\012\\014\\015\\040]'
bytes,b'*'
bytes,b'[\\000\\011\\012\\014\\015\\040]'
bytes,b'+'
bytes,b'trailer'
bytes,b'\\<\\<(.*\\>\\>)'
bytes,b'startxref'
bytes,b'([0-9]+)'
bytes,b'%%EOF'
bytes,b'$'
bytes,b'trailer'
bytes,b'\\<\\<(.*?\\>\\>)'
bytes,b'startxref'
bytes,b'([0-9]+)'
bytes,b'%%EOF'
bytes,"b""/([!-$&'*-.0-;=?-Z\\\\^-z|~]+)(?="""
bytes,b')'
bytes,b'\\<\\<'
bytes,b'\\>\\>'
bytes,b'null(?='
bytes,b')'
bytes,b'true(?='
bytes,b')'
bytes,b'false(?='
bytes,b')'
bytes,b'([-+]?[0-9]+)(?='
bytes,b')'
bytes,b'([-+]?([0-9]+\\.[0-9]*|[0-9]*\\.[0-9]+))(?='
bytes,b')'
bytes,b'\\['
bytes,b']'
bytes,b'\\<('
bytes,b'*)\\>'
bytes,b'\\('
bytes,b'([-+]?[0-9]+)'
bytes,b'([-+]?[0-9]+)'
bytes,b'R(?='
bytes,b')'
bytes,b'([-+]?[0-9]+)'
bytes,b'([-+]?[0-9]+)'
bytes,b'obj(?='
bytes,b')'
bytes,b'endobj(?='
bytes,b')'
bytes,b'('
bytes,b'%[^\\r\\n]*'
bytes,b')*'
bytes,b'stream\\r?\\n'
bytes,b'endstream(?='
bytes,b')'
bytes,b'xref'
bytes,b'([0-9]+)'
bytes,b'([0-9]+)'
bytes,b'\x00'
bytes,b'\x00'
bytes,b'\x00'
bytes,b'\x00'
bytes,b'TRUEVISION-XFILE.'
bytes,b'\x00'
bytes,b''
bytes,b'\x00\x01\x00'
bytes,b'\x00'
bytes,b'\x00'
bytes,b'\x00\x00\x00'
bytes,b'\x00'
bytes,b'\x00'
bytes,b'\x00\x00'
bytes,b'\x00'
bytes,b'Exif\x00\x00'
bytes,b'ICC Profile'
bytes,b'\x00\x00'
bytes,b'\xff'
bytes,b'#!'
bytes,b'_%s_factory'
bytes,b'xn--'
bytes,b'#!'
bytes,b'\n'
bytes,b' '
bytes,b'#!pythonw'
bytes,b'#!python'
bytes,b'multipart/form-data; boundary='
bytes,b'\x00'
bytes,b'\x1f\x8b\x08\x08'
bytes,b'\x00'
bytes,b'\x00'
bytes,b'\x00'
bytes,b'\x00'
bytes,b'\x00'
bytes,b'\xc7'
bytes,b'\xc8'
bytes,b'\xc9'
bytes,b'cc=0'
bytes,b'#!'
bytes,b'_%s_factory'
bytes,b'xn--'
bytes,b'#!'
bytes,b'\n'
bytes,b' '
bytes,b'#!pythonw'
bytes,b'#!python'
bytes,b'multipart/form-data; boundary='
bytes,b'\x00'
bytes,b'\x1f\x8b\x08\x08'
bytes,b'\x00'
bytes,b'\x00'
bytes,b'\x00'
bytes,b'\x00'
bytes,b'\x00'
bytes,b'\xc7'
bytes,b'\xc8'
bytes,b'\xc9'
bytes,b'cc=0'
bytes,b'\n--'
bytes,b'--'
bytes,b'\r\n--'
bytes,b'--\r\n'
bytes,b'/thumbs/'
bytes,b't'
bytes,b'g'
bytes,b'a'
bytes,b'a'
bytes,b''
bytes,b''
bytes,b'xn--'
bytes,b'<title>'
bytes,b'</title>'
bytes,b'<!DOCTYPE html>\n'
bytes,b'\x01\x02\x03\x04'
bytes,b'\x82~\x01\x04'
bytes,b'\x01\x02\x03\x04'
bytes,b'\x82\x7f\x00\x00\x00\x00\x00\x00\x01\x04'
bytes,b'::inet'
bytes,b'('
bytes,b')'
bytes,b'('
bytes,b' => '
bytes,b')'
bytes,b'hstore('
bytes,"b', '"
bytes,b')'
bytes,b'('
bytes,b')'
bytes,b'('
bytes,b')'
bytes,b'('
bytes,"b', '"
bytes,"b"", '"""
bytes,"b""')"""
bytes,"b""('d' => '"""
bytes,"b""')"""
bytes,"b""'"""
bytes,"b""'"""
bytes,b'#!'
bytes,b'_%s_factory'
bytes,b'xn--'
bytes,b'#!'
bytes,b'\n'
bytes,b' '
bytes,b'#!pythonw'
bytes,b'#!python'
bytes,b'multipart/form-data; boundary='
bytes,b'\x00'
bytes,b'\x1f\x8b\x08\x08'
bytes,b'\x00'
bytes,b'\x00'
bytes,b'\x00'
bytes,b'\x00'
bytes,b'\x00'
bytes,b'\xc7'
bytes,b'\xc8'
bytes,b'\xc9'
bytes,b'cc=0'
bytes,b'MySQL'
bytes,b'--'
bytes,b';'
bytes,b'\r\n\r\n'
bytes,b'='
bytes,b'django.http.cookies'
bytes,b'\n'
bytes,b'-'
bytes,b'\x00'
bytes,b'0'
bytes,b'\n--'
bytes,b'--'
bytes,b'\x00'
bytes,b'\xff'
bytes,b'!'
bytes,b'!'
bytes,b'!'
bytes,b'NETSCAPE2.0'
bytes,"b','"
bytes,b'GIF'
bytes,b'\x00'
bytes,b'\x00'
bytes,b'\x00'
bytes,b'\x1a'
bytes,b''
bytes,b'\x00'
bytes,b'BM'
bytes,b'\x00'
bytes,b'\x00'
bytes,b''
bytes,b'#%02X'
bytes,b'[ '
bytes,b' ]'
bytes,b'trailer\n'
bytes,b'[\\000\\011\\012\\014\\015\\040]'
bytes,b'*'
bytes,b'[\\000\\011\\012\\014\\015\\040]'
bytes,b'+'
bytes,b'trailer'
bytes,b'\\<\\<(.*\\>\\>)'
bytes,b'startxref'
bytes,b'([0-9]+)'
bytes,b'%%EOF'
bytes,b'$'
bytes,b'trailer'
bytes,b'\\<\\<(.*?\\>\\>)'
bytes,b'startxref'
bytes,b'([0-9]+)'
bytes,b'%%EOF'
bytes,"b""/([!-$&'*-.0-;=?-Z\\\\^-z|~]+)(?="""
bytes,b')'
bytes,b'\\<\\<'
bytes,b'\\>\\>'
bytes,b'null(?='
bytes,b')'
bytes,b'true(?='
bytes,b')'
bytes,b'false(?='
bytes,b')'
bytes,b'([-+]?[0-9]+)(?='
bytes,b')'
bytes,b'([-+]?([0-9]+\\.[0-9]*|[0-9]*\\.[0-9]+))(?='
bytes,b')'
bytes,b'\\['
bytes,b']'
bytes,b'\\<('
bytes,b'*)\\>'
bytes,b'\\('
bytes,b'([-+]?[0-9]+)'
bytes,b'([-+]?[0-9]+)'
bytes,b'R(?='
bytes,b')'
bytes,b'([-+]?[0-9]+)'
bytes,b'([-+]?[0-9]+)'
bytes,b'obj(?='
bytes,b')'
bytes,b'endobj(?='
bytes,b')'
bytes,b'('
bytes,b'%[^\\r\\n]*'
bytes,b')*'
bytes,b'stream\\r?\\n'
bytes,b'endstream(?='
bytes,b')'
bytes,b'xref'
bytes,b'([0-9]+)'
bytes,b'([0-9]+)'
bytes,b'\x00'
bytes,b'\x00'
bytes,b'\x00'
bytes,b'\x00'
bytes,b'TRUEVISION-XFILE.'
bytes,b'\x00'
bytes,b''
bytes,b'\x00\x01\x00'
bytes,b'\x00'
bytes,b'\x00'
bytes,b'\x00\x00\x00'
bytes,b'\x00'
bytes,b'\x00'
bytes,b'\x00\x00'
bytes,b'\x00'
bytes,b'ICC Profile'
bytes,b'\x00\x00'
bytes,b'\xff'
bytes,b'\x00'
bytes,b'\x00'
bytes,b'\x1c'
bytes,b'\x01'
bytes,b'\x00'
bytes,b'\x00'
bytes,b'\x00'
bytes,b'\n'
bytes,b'\x00'
bytes,b'\x01'
bytes,b'\x04'
bytes,b'\x03'
bytes,b'\x05'
bytes,b'\x05\x01\x00'
bytes,b'h'
bytes,b'u'
bytes,b'H'
bytes,b'T'
bytes,b'X'
bytes,b'h'
bytes,b'u'
bytes,b'X'
bytes,b'X'
bytes,b'U'
bytes,b'\x00'
bytes,b'u'
bytes,b'h'
bytes,b'u'
bytes,b's:8192:16:1:'
bytes,b'abcd'
bytes,b'abcd'
bytes,b'abcd'
bytes,b'abcd'
bytes,b'abcd'
bytes,b'abcd'
bytes,b'abcd'
bytes,b'abcd'
bytes,b'abcd'
bytes,b'abcd'
bytes,b'\x00'
bytes,b'a'
bytes,b'b'
bytes,b'c'
bytes,b'a'
bytes,b'b'
bytes,b'c'
bytes,b'\x00'
bytes,b'0'
bytes,b'0'
bytes,b'2'
bytes,b'deadbeef'
bytes,b'deadbeef'
bytes,b'1'
bytes,b'1'
bytes,b'1'
bytes,b'1'
bytes,b'1'
bytes,b'1'
bytes,b'1'
bytes,b'1'
bytes,b'0'
bytes,b'1'
bytes,b'1'
bytes,b'1'
bytes,b'1'
bytes,b'fake'
bytes,b'1'
bytes,b'1'
bytes,b'1'
bytes,b'1'
bytes,b'1'
bytes,b'1'
bytes,b'1'
bytes,b'1'
bytes,b'1'
bytes,b'1'
bytes,b'1'
bytes,b'1'
bytes,b'1'
bytes,b'1'
bytes,b'1'
bytes,b'1'
bytes,b'2'
bytes,b'1'
bytes,b'1'
bytes,b'2'
bytes,b'1'
bytes,b'1'
bytes,b'2'
bytes,b'1'
bytes,b'1'
bytes,b'1'
bytes,b'2'
bytes,b'3'
bytes,b'1'
bytes,b'1'
bytes,b'1'
bytes,b'2'
bytes,b'1'
bytes,b'1'
bytes,b'2'
bytes,b'1'
bytes,b'1'
bytes,b'2'
bytes,b'1'
bytes,b'1'
bytes,b'2'
bytes,b'1'
bytes,b'1'
bytes,b'1'
bytes,b'2'
bytes,b'1'
bytes,b'1'
bytes,b'2'
bytes,b'2'
bytes,b'1'
bytes,b'1'
bytes,b'2'
bytes,b'1'
bytes,b'1'
bytes,b'1'
bytes,b'2'
bytes,b'3'
bytes,b'1'
bytes,b'1'
bytes,b'2'
bytes,b'3'
bytes,b'1'
bytes,b'1'
bytes,b'2'
bytes,b'3'
bytes,b'1'
bytes,b'1'
bytes,b'2'
bytes,b'3'
bytes,b'1'
bytes,b'1'
bytes,b'2'
bytes,b'3'
bytes,b'1'
bytes,b'1'
bytes,b'1'
bytes,b'1'
bytes,b'1'
bytes,b'1'
bytes,b'1'
bytes,b'1'
bytes,b'1'
bytes,b'1'
bytes,b'2'
bytes,b'1'
bytes,b'f'
bytes,b'f'
bytes,b'd'
bytes,b'e'
bytes,b'd'
bytes,b'e'
bytes,b'1'
bytes,b'1'
bytes,b'1'
bytes,b'1'
bytes,b'2'
bytes,b'2'
bytes,b'2'
bytes,b'2'
bytes,b'==='
bytes,b'\x00'
bytes,b'\xad'
bytes,b'\x00'
bytes,b'\x00'
bytes,b'\x00'
bytes,b'\x00'
bytes,b'\x1f\x8b\x08\x08'
bytes,b'\x00'
bytes,b'\x00'
bytes,b'\x00'
bytes,b'\x00'
bytes,b'\x00'
bytes,b'0'
bytes,b'1'
bytes,b'%'
bytes,b'${'
bytes,b'}'
bytes,b'$'
bytes,b'\x00'
bytes,b'\x00'
bytes,b'<~'
bytes,b'~'
bytes,b'#!'
bytes,b'_%s_factory'
bytes,b'#!'
bytes,b'\n'
bytes,b' '
bytes,b'#!pythonw'
bytes,b'#!python'
bytes,b'multipart/form-data; boundary='
bytes,b'\x00'
bytes,b'\x1f\x8b\x08\x08'
bytes,b'\x00'
bytes,b'\x00'
bytes,b'\x00'
bytes,b'\x00'
bytes,b'\x00'
bytes,b'cc=0'
bytes,b'--'
bytes,b';'
bytes,b'\r\n\r\n'
bytes,b'='
bytes,b'django.http.cookies'
bytes,b'.'
bytes,b'\n'
bytes,b'-'
bytes,b'='
bytes,b'#!'
bytes,b'*'
bytes,b'\x00'
bytes,b'\xff'
bytes,b'!'
bytes,b'!'
bytes,b'NETSCAPE2.0'
bytes,"b','"
bytes,b'GIF'
bytes,b'\x00'
bytes,b'\x00'
bytes,b'\x00'
bytes,b'****'
bytes,b'\x00'
bytes,b'\x1a'
bytes,b'BM'
bytes,b'\x00'
bytes,b'\x00'
bytes,b''
bytes,b'\x00'
bytes,b'\x00'
bytes,b'\x00'
bytes,b'\x00'
bytes,b''
bytes,b'\x00\x01\x00'
bytes,b'\x00'
bytes,b'\x00'
bytes,b'\x00\x00\x00'
bytes,b'\x00'
bytes,b'\x00'
bytes,b'\x00\x00'
bytes,b'\x00'
bytes,b'\xff'
bytes,b'ICC Profile'
bytes,b'\x00\x00'
bytes,b'\r\n'
bytes,b'xn--'
bytes,b'.'
bytes,b'/* Generated by https://mcss.mosra.cz/documentation/doxygen/. Do not edit. */\n'
bytes,"b""Search.load('"""
bytes,"b""');\n"""
bytes,b'#'
bytes,b'='
bytes,b'.'
bytes,b'.'
bytes,b'::inet'
bytes,b'('
bytes,b')'
bytes,b'('
bytes,b' => '
bytes,b')'
bytes,b'hstore('
bytes,"b', '"
bytes,b')'
bytes,b'('
bytes,b')'
bytes,b'('
bytes,b')'
bytes,b'('
bytes,"b', '"
bytes,"b"", '"""
bytes,"b""')"""
bytes,"b""('d' => '"""
bytes,"b""')"""
bytes,"b""'"""
bytes,"b""'"""
bytes,b'#!'
bytes,b'_%s_factory'
bytes,b'#!'
bytes,b'\n'
bytes,b' '
bytes,b'#!pythonw'
bytes,b'#!python'
bytes,b'multipart/form-data; boundary='
bytes,b'\x00'
bytes,b'\x1f\x8b\x08\x08'
bytes,b'\x00'
bytes,b'\x00'
bytes,b'\x00'
bytes,b'\x00'
bytes,b'\x00'
bytes,b'cc=0'
bytes,b'\x00'
bytes,b'$'
bytes,b'$'
bytes,b'$'
bytes,b'='
bytes,b'#!'
bytes,b'\n--'
bytes,b'--'
bytes,b'--'
bytes,b'--'
bytes,"b'""'"
bytes,"b'""'"
bytes,b';'
bytes,b'='
bytes,b'\xef\xbb\xbf'
bytes,b'|'
bytes,b'|'
bytes,b'!'
bytes,"b'<?xml version=""1.0"" encoding=""utf-8""?>\n<root>'"
bytes,b'0'
bytes,b'</root>'
bytes,b'%s:%s'
bytes,b'a'
bytes,b'::inet'
bytes,b'('
bytes,b')'
bytes,b'('
bytes,b' => '
bytes,b')'
bytes,b'hstore('
bytes,"b', '"
bytes,b')'
bytes,b'('
bytes,b')'
bytes,b'('
bytes,b')'
bytes,b'('
bytes,"b', '"
bytes,"b"", '"""
bytes,"b""')"""
bytes,b'='
bytes,b'.'
bytes,b':'
bytes,b'='
bytes,b'.'
bytes,b'#!'
bytes,b'_%s_factory'
bytes,b'xn--'
bytes,b'#!'
bytes,b'\n'
bytes,b' '
bytes,b'#!pythonw'
bytes,b'#!python'
bytes,b'multipart/form-data; boundary='
bytes,b'\x00'
bytes,b'\x1f\x8b\x08\x08'
bytes,b'\x00'
bytes,b'\x00'
bytes,b'\x00'
bytes,b'\x00'
bytes,b'\x00'
bytes,b'\xc7'
bytes,b'\xc8'
bytes,b'\xc9'
bytes,b'cc=0'
bytes,b'#!'
bytes,b'_%s_factory'
bytes,b'xn--'
bytes,b'#!'
bytes,b'\n'
bytes,b' '
bytes,b'#!pythonw'
bytes,b'#!python'
bytes,b'multipart/form-data; boundary='
bytes,b'\x00'
bytes,b'\x1f\x8b\x08\x08'
bytes,b'\x00'
bytes,b'\x00'
bytes,b'\x00'
bytes,b'\x00'
bytes,b'\x00'
bytes,b'\xc7'
bytes,b'\xc8'
bytes,b'\xc9'
bytes,b'cc=0'
bytes,b'\x00'
bytes,b'\x01'
bytes,b'\x05'
bytes,b'\x00'
bytes,b'\x02'
bytes,b'\x00'
bytes,b'\x03'
bytes,b'\x00'
bytes,b'\x03'
bytes,b'\x00\x00\x00\x00'
bytes,b'\x04'
bytes,b'\x00'
bytes,b'\x02'
bytes,b'\x00'
bytes,b'\x05'
bytes,b'\x07'
bytes,b'\x08'
bytes,b'\t'
bytes,b'\n'
bytes,b'\x0f'
bytes,b'\x11'
bytes,b'\x13'
bytes,b'\xff'
bytes,b'\x7f'
bytes,b'\x00'
bytes,b'\x00\x00\x00\x00\x00\x00\x00\x00'
bytes,b'--'
bytes,b';'
bytes,b'\r\n\r\n'
bytes,b'='
bytes,b'django.http.cookies'
bytes,b'\n'
bytes,b'-'
bytes,b'\x00'
bytes,b'0'
bytes,b'xn--'
bytes,b'.'
bytes,b'.'
bytes,b'\x00'
bytes,b'\xff'
bytes,b'!'
bytes,b'!'
bytes,b'!'
bytes,b'NETSCAPE2.0'
bytes,"b','"
bytes,b'GIF'
bytes,b'\x00'
bytes,b'\x00'
bytes,b'\x00'
bytes,b'\x1a'
bytes,b''
bytes,b'\x00'
bytes,b'Exif\x00\x00'
bytes,b'BM'
bytes,b'\x00'
bytes,b'\x00'
bytes,b''
bytes,b'#%02X'
bytes,b'[ '
bytes,b' ]'
bytes,b'trailer\n'
bytes,b'[\\000\\011\\012\\014\\015\\040]'
bytes,b'*'
bytes,b'[\\000\\011\\012\\014\\015\\040]'
bytes,b'+'
bytes,b'trailer'
bytes,b'\\<\\<(.*\\>\\>)'
bytes,b'startxref'
bytes,b'([0-9]+)'
bytes,b'%%EOF'
bytes,b'$'
bytes,b'trailer'
bytes,b'\\<\\<(.*?\\>\\>)'
bytes,b'startxref'
bytes,b'([0-9]+)'
bytes,b'%%EOF'
bytes,"b""/([!-$&'*-.0-;=?-Z\\\\^-z|~]+)(?="""
bytes,b')'
bytes,b'\\<\\<'
bytes,b'\\>\\>'
bytes,b'null(?='
bytes,b')'
bytes,b'true(?='
bytes,b')'
bytes,b'false(?='
bytes,b')'
bytes,b'([-+]?[0-9]+)(?='
bytes,b')'
bytes,b'([-+]?([0-9]+\\.[0-9]*|[0-9]*\\.[0-9]+))(?='
bytes,b')'
bytes,b'\\['
bytes,b']'
bytes,b'\\<('
bytes,b'*)\\>'
bytes,b'\\('
bytes,b'([-+]?[0-9]+)'
bytes,b'([-+]?[0-9]+)'
bytes,b'R(?='
bytes,b')'
bytes,b'([-+]?[0-9]+)'
bytes,b'([-+]?[0-9]+)'
bytes,b'obj(?='
bytes,b')'
bytes,b'endobj(?='
bytes,b')'
bytes,b'('
bytes,b'%[^\\r\\n]*'
bytes,b')*'
bytes,b'stream\\r?\\n'
bytes,b'endstream(?='
bytes,b')'
bytes,b'xref'
bytes,b'([0-9]+)'
bytes,b'([0-9]+)'
bytes,b'\x00'
bytes,b'\x00'
bytes,b'\x00'
bytes,b'\x00'
bytes,b'TRUEVISION-XFILE.'
bytes,b'\x00'
bytes,b''
bytes,b'\x00\x01\x00'
bytes,b'\x00'
bytes,b'\x00'
bytes,b'\x00\x00\x00'
bytes,b'\x00'
bytes,b'\x00'
bytes,b'\x00\x00'
bytes,b'\x00'
bytes,b'Exif\x00\x00'
bytes,b'ICC Profile'
bytes,b'\x00\x00'
bytes,b'\xff'
bytes,b':'
bytes,b' '
bytes,b'\n'
bytes,b'%f\n'
bytes,b'1.312 foo'
bytes,b' \n1.534 bar\n4.444 qux'
bytes,"b'skip,skip,2001-01-01'"
bytes,"b',1.0,skip'"
bytes,"b'test1,testNonethe'"
bytes,"b',test3\n'"
bytes,"b'norm1,norm2,norm3\n'"
bytes,b'testNonethe'
bytes,b'testNonethe'
bytes,"b'test1,testNonethe'"
bytes,"b',test3\n'"
bytes,"b'norm1,norm2,norm3\n'"
bytes,b'testNonethe'
bytes,"b'test1,testNonethe'"
bytes,"b',test3\n'"
bytes,"b'0,testNonethe'"
bytes,"b""cnumpy\ndtype\np0\n(S'M8'\np1\nI0\nI1\ntp2\nRp3\n"""
bytes,"b""(I4\nS'<'\np4\nNNNI-1\nI-1\nI0\n((dp5\n(S'D'\np6\n"""
bytes,b'I7\nI1\nI1\ntp7\ntp8\ntp9\nb.'
bytes,"b""cnumpy\ndtype\np0\n(S'M8'\np1\nI0\nI1\ntp2\nRp3\n"""
bytes,"b""(I4\nS'<'\np4\nNNNI-1\nI-1\nI0\n((dp5\n(S'W'\np6\n"""
bytes,b'I1\nI1\nI1\ntp7\ntp8\ntp9\nb.'
bytes,"b""cnumpy\ndtype\np0\n(S'M8'\np1\nI0\nI1\ntp2\nRp3\n"""
bytes,"b""(I4\nS'>'\np4\nNNNI-1\nI-1\nI0\n((dp5\n(S'us'\np6\n"""
bytes,b'I1\nI1\nI1\ntp7\ntp8\ntp9\nb.'
bytes,b'a'
bytes,b'\x00'
bytes,b'\x00'
bytes,b'\xff\xff'
bytes,b'abcdefghijklmnop'
bytes,b'a'
bytes,b'a'
bytes,b'abcdefg'
bytes,b'def'
bytes,b'abc'
bytes,b''
bytes,b'\xff'
bytes,b'\x00'
bytes,b'\x00'
bytes,b'\x11'
bytes,b'\x00\x00\x00\x00\x00\x00\x00\x00'
bytes,b'\x00\x00\x00\x00\xc2\xea\x81`'
bytes,"b',A,B'"
bytes,"b'one,1,4'"
bytes,"b'two,2,5'"
bytes,"b'three,3,6'"
bytes,"b'int,str_lf'"
bytes,"b'1,abc'"
bytes,"b'2,""d\nef""'"
bytes,"b'3,""g\nh\n\ni""'"
bytes,"b'int,str_crlf'"
bytes,"b'1,abc'"
bytes,"b'2,""d\r\nef""'"
bytes,"b'3,""g\r\nh\r\n\r\ni""'"
bytes,"b'""'"
bytes,b'\xd8B'
bytes,b'\xc8\x01#B'
bytes,b'\xc9\x00\x01#EB'
bytes,b'\xd8B'
bytes,b'\xc8\x01#B'
bytes,b'\xc9\x00\x01#EB'
bytes,b'x'
bytes,b'x'
bytes,b'\xd9'
bytes,b'x'
bytes,b'\xd9'
bytes,b'\xd9'
bytes,b'x'
bytes,b'\xd9'
bytes,b'x'
bytes,b'x'
bytes,b'x'
bytes,b'\xd6B'
bytes,b'\xd7B'
bytes,b'\xd8B'
bytes,b'\xc7\xffB'
bytes,b'\xc8\x01\x00B'
bytes,b'\xc8\xff\xffB'
bytes,b'\xc9\x00\x01\x00\x00B'
bytes,b' '
bytes,b'a'
bytes,b'a'
bytes,b'\xca'
bytes,b'\xcb'
bytes,b'.'
bytes,b'\x00\x00\x00\x01'
bytes,b'n='
bytes,"b',r='"
bytes,"b'c=biws,r='"
bytes,b'p='
bytes,b' '
bytes,b'--'
bytes,b'--'
bytes,"b'""'"
bytes,"b'""'"
bytes,b';'
bytes,b'='
bytes,b'\xef\xbb\xbf'
bytes,b'%x\r\n%s\r\n'
bytes,b'|'
bytes,b'|'
bytes,b'!'
bytes,b'\n'
bytes,b':'
bytes,b'--'
bytes,b'--'
bytes,b'--'
bytes,b'url('
bytes,b'/\\2)'
bytes,b'a'
bytes,b'a'
bytes,"b'<?xml version=""1.0"" encoding=""UTF-8""?>\n'"
bytes,b'\n'
bytes,b'\n'
bytes,b'\n'
bytes,b'='
bytes,b'.'
bytes,b'.'
bytes,b'--'
bytes,b'--'
bytes,"b'""'"
bytes,"b'""'"
bytes,b';'
bytes,b'='
bytes,b'x'
bytes,b'x'
bytes,"b'--foo\r\nContent-Disposition: form-data; name=""test""\r\nContent-Transfer-Encoding: base64\r\n\r\n'"
bytes,b'\r\n--foo--'
bytes,b'x'
bytes,b'Werkzeug/'
bytes,b'foo'
bytes,b'|'
bytes,b'|'
bytes,b'!'
bytes,b'#!'
bytes,b'_%s_factory'
bytes,b'xn--'
bytes,b'#!'
bytes,b'\n'
bytes,b' '
bytes,b'#!pythonw'
bytes,b'#!python'
bytes,b'multipart/form-data; boundary='
bytes,b'\x00'
bytes,b'\x1f\x8b\x08\x08'
bytes,b'\x00'
bytes,b'\x00'
bytes,b'\x00'
bytes,b'\x00'
bytes,b'\x00'
bytes,b'\xc7'
bytes,b'\xc8'
bytes,b'\xc9'
bytes,b'cc=0'
bytes,b'\xff'
bytes,b'\x00'
bytes,b'\x00'
bytes,"b'<?xml version=""1.0"" encoding=""UTF-8""?><foo></foo>'"
bytes,"b'<?xml version=""1.0"" encoding=""UTF-8""?><foo>&broken</foo>'"
bytes,"b'<?xml version=""1.0"" encoding=""utf-8""?>\n<Autodiscover xmlns=""http://schemas.microsoft.com/exchange/autodiscover/responseschema/2006"">\n    <Response xmlns=""http://schemas.microsoft.com/exchange/autodiscover/outlook/responseschema/2006a"">\n        <User>\n            <AutoDiscoverSMTPAddress>%s</AutoDiscoverSMTPAddress>\n        </User>\n        <Account>\n            <AccountType>email</AccountType>\n            <Action>settings</Action>\n            <Protocol>\n                <Type>EXPR</Type>\n                <EwsUrl>%s</EwsUrl>\n            </Protocol>\n        </Account>\n    </Response>\n</Autodiscover>'"
bytes,"b'<?xml version=""1.0"" encoding=""utf-8""?>\n<Autodiscover xmlns=""http://schemas.microsoft.com/exchange/autodiscover/responseschema/2006"">\n    <Response xmlns=""http://schemas.microsoft.com/exchange/autodiscover/outlook/responseschema/2006a"">\n        <Account>\n            <Action>redirectAddr</Action>\n            <RedirectAddr>redirect_me@%s</RedirectAddr>\n        </Account>\n    </Response>\n</Autodiscover>'"
bytes,"b'<?xml version=""1.0"" encoding=""utf-8""?>\n<Autodiscover xmlns=""http://schemas.microsoft.com/exchange/autodiscover/responseschema/2006"">\n    <Response xmlns=""http://schemas.microsoft.com/exchange/autodiscover/outlook/responseschema/2006a"">\n        <User>\n            <AutoDiscoverSMTPAddress>redirected@%s</AutoDiscoverSMTPAddress>\n        </User>\n        <Account>\n            <AccountType>email</AccountType>\n            <Action>settings</Action>\n            <Protocol>\n                <Type>EXPR</Type>\n                <EwsUrl>https://redirected.%s/EWS/Exchange.asmx</EwsUrl>\n            </Protocol>\n        </Account>\n    </Response>\n</Autodiscover>'"
bytes,b'='
bytes,b'\x01\x02'
bytes,b'\x03.'
bytes,b'\x04'
bytes,b'\x02.'
bytes,b'\x01\x02'
bytes,b'\x03.'
bytes,b'\x04'
bytes,b'\x02.'
bytes,b'https://'
bytes,b':'
bytes,b'(http:|https:)?//([a-z0-9\\.]*[a-z0-9]{56})\\.'
bytes,b'http://'
bytes,b'\x00'
bytes,b'1'
bytes,b'\x01'
bytes,b'\x01'
bytes,b'\x01'
bytes,b'\x00'
bytes,b'\x01'
bytes,b'\x00'
bytes,b'\x01'
bytes,b'\x00'
bytes,b'\x01'
bytes,b'\x00'
bytes,b'\x00'
bytes,b'\x00'
bytes,b'\x00'
bytes,b'\x00'
bytes,b'hellostart'
bytes,b'helloend'
bytes,b'\x00'
bytes,b'\x01'
bytes,b'\x00'
bytes,b'\x01'
bytes,b'\x00'
bytes,b'\x01'
bytes,b'\x00\x01\x00\x01\x00\x01'
bytes,b'\x00\x01'
bytes,b'\x01\x00'
bytes,b'\x00'
bytes,b'\x01'
bytes,b'\x00'
bytes,b'\x01'
bytes,b'A'
bytes,b'A'
bytes,b'B'
bytes,b'Hello'
bytes,b'Hello'
bytes,b'Test'
bytes,b'Test'
bytes,b'Test'
bytes,b'Test'
bytes,b'\x80'
bytes,b'\x00'
bytes,b'\x01'
bytes,b'\x00'
bytes,b'\x02'
bytes,b'\x04'
bytes,b'([^-\\*])(border-radius|box-shadow|appearance|transition|animation|box-sizing|'
bytes,b'backface-visibility|transform|filter|perspective|animation-[a-z-]+): (.*?)([;}])'
bytes,b'\\1: -webkit-\\2(\\3);'
bytes,b'\\1: -moz-\\2(\\3);'
bytes,b'\\1: -o-\\2(\\3);'
bytes,b'\\1: -ms-\\2(\\3);'
bytes,b'\\1: \\2(\\3);'
bytes,b'\x00'
bytes,b'\x80'
bytes,b'\n/* ---- %s ---- */\n\n'
bytes,"b""alert('%s compile error: %s');"""
bytes,b'%s\r\n'
bytes,b'one\ntwo\nthree\nfour\nfive\nsix'
bytes,b''
bytes,b'\x18Bitcoin Signed Message:\n'
bytes,b'\x00'
bytes,"b""\x91\xab=\x17\xe3\xa5\n\x9d\x89\xe6?\xd3\x0b\x92\xbe\x7fS6\xb0;({\xb9Fxz\x83\xa9\xd6*'f\xf0\xf2F\x18\xf4\xc4\xbe\x1eb\xe0&\xfb\x03\x9a \xef\x96\xf4IR\x94\x81}\x10'\xff\xaam\x1fp\xe6\x1e\xad|[\xef\x02x\x16\xa8\x00\xda\x176DO\xb5\x8a\x80~\xf4\xc9`;xHg?~:h\xeb\x14\xa5"""
bytes,b'w\x05\x01\xf8\x8a&\xed\xe5\xc0J \xef\x87yi\xe9a\xeb\x11\xfc\x13\xb7\x8a\xafAKc=\xa0\xd4\xf8o'
bytes,b'\x19Ethereum Signed Message:\n'
bytes,b'T'
bytes,b'L'
bytes,b'D'
bytes,b'S'
bytes,b'P'
bytes,b'l'
bytes,b'q'
bytes,b'i'
bytes,b'Z'
bytes,b'Z'
bytes,b'Z'
bytes,b'Z'
bytes,b'Z'
bytes,b'f'
bytes,b'w'
bytes,b'v'
bytes,b'a'
bytes,b'\x00'
bytes,b'd'
bytes,b'b'
bytes,b'a'
bytes,b'\x00'
bytes,b'B'
bytes,"b""!#$%&'()-@^_`{}~+,.;=[]"""
bytes,b'\\/'
bytes,b'_?@$()<>'
bytes,b'\x00'
bytes,b'\x00'
bytes,b'\x00'
bytes,b'ord%d'
bytes,b':'
bytes,"b'<?xml version=""1.0"" encoding=""utf-8""?>\n<root>'"
bytes,b'0'
bytes,b'</root>'
bytes,b'0'
bytes,b'FONT'
bytes,b'\x00'
bytes,b'#'
bytes,"b'<[^>]*\\said\\s*=\\s*[\'""]%s[\'""][^>]*>'"
bytes,b'>%dL'
bytes,"b'<style type=""text/css"">\n'"
bytes,b'\n</style>\n'
bytes,"b'recindex=""%05d""'"
bytes,b'</%s>'
bytes,b'%010d'
bytes,b'IDXT'
bytes,b'IDXT'
bytes,b'\x00'
bytes,b'\x00'
bytes,b'\xff'
bytes,b'\x00'
bytes,b'\x00'
bytes,b'\xff'
bytes,b'\x00'
bytes,b'\x00'
bytes,b'\x00'
bytes,"b'<span class=""AmznBigTextBlock"">'"
bytes,b'</span>'
bytes,b'\x00'
bytes,b'FDST'
bytes,b'>'
bytes,b'IDXT'
bytes,b'\x00'
bytes,b'\x00'
bytes,b'\xff'
bytes,b'\x00'
bytes,b'TAGX'
bytes,b'IDXT'
bytes,b'\x00'
bytes,b'calibre:%s'
bytes,b'%dx%d'
bytes,b'\x00'
bytes,b'a'
bytes,b'\x00'
bytes,b'\x00\x00'
bytes,b'\x00'
bytes,b'\x00'
bytes,b'#!'
bytes,b'--'
bytes,b';'
bytes,b'\r\n\r\n'
bytes,b'='
bytes,b'django.http.cookies'
bytes,b'\n'
bytes,b'-'
bytes,b'\x00'
bytes,b'0'
bytes,b'xn--'
bytes,b'\x00'
bytes,b'\xff'
bytes,b'!'
bytes,b'!'
bytes,b'!'
bytes,b'NETSCAPE2.0'
bytes,"b','"
bytes,b'GIF'
bytes,b'\x00'
bytes,b'\x00'
bytes,b'\x00'
bytes,b'\x1a'
bytes,b''
bytes,b'\x00'
bytes,b'Exif\x00\x00'
bytes,b'BM'
bytes,b'\x00'
bytes,b'\x00'
bytes,b''
bytes,b'%d %d\n'
bytes,b'%010d %05d n \n'
bytes,b'%010d %05d f \n'
bytes,b'#%02X'
bytes,b'[ '
bytes,b' ]'
bytes,b'<%s>'
bytes,b'trailer\n'
bytes,b'\nstartxref\n%d\n%%%%EOF'
bytes,b'[\\000\\011\\012\\014\\015\\040]'
bytes,b'*'
bytes,b'[\\000\\011\\012\\014\\015\\040]'
bytes,b'+'
bytes,b'trailer'
bytes,b'\\<\\<(.*\\>\\>)'
bytes,b'startxref'
bytes,b'([0-9]+)'
bytes,b'%%EOF'
bytes,b'$'
bytes,b'trailer'
bytes,b'\\<\\<(.*?\\>\\>)'
bytes,b'startxref'
bytes,b'([0-9]+)'
bytes,b'%%EOF'
bytes,"b""/([!-$&'*-.0-;=?-Z\\\\^-z|~]+)(?="""
bytes,b')'
bytes,b'\\<\\<'
bytes,b'\\>\\>'
bytes,b'null(?='
bytes,b')'
bytes,b'true(?='
bytes,b')'
bytes,b'false(?='
bytes,b')'
bytes,b'([-+]?[0-9]+)(?='
bytes,b')'
bytes,b'([-+]?([0-9]+\\.[0-9]*|[0-9]*\\.[0-9]+))(?='
bytes,b')'
bytes,b'\\['
bytes,b']'
bytes,b'\\<('
bytes,b'*)\\>'
bytes,b'\\('
bytes,b'([-+]?[0-9]+)'
bytes,b'([-+]?[0-9]+)'
bytes,b'R(?='
bytes,b')'
bytes,b'([-+]?[0-9]+)'
bytes,b'([-+]?[0-9]+)'
bytes,b'obj(?='
bytes,b')'
bytes,b'endobj(?='
bytes,b')'
bytes,b'('
bytes,b'%[^\\r\\n]*'
bytes,b')*'
bytes,b'stream\\r?\\n'
bytes,b'endstream(?='
bytes,b')'
bytes,b'xref'
bytes,b'([0-9]+)'
bytes,b'([0-9]+)'
bytes,b'\x00'
bytes,b'\x00'
bytes,b'\x00'
bytes,b'\x00'
bytes,b'TRUEVISION-XFILE.'
bytes,b'\x00'
bytes,b'q %d 0 0 %d 0 0 cm /image Do Q\n'
bytes,b''
bytes,b'\x00\x01\x00'
bytes,b'\x00'
bytes,b'\x00'
bytes,b'\x00\x00\x00'
bytes,b'\x00'
bytes,b'\x00'
bytes,b'\x00\x00'
bytes,b'\x00'
bytes,b'Exif\x00\x00'
bytes,b'ICC Profile'
bytes,b'\x00\x00'
bytes,b'\xff'
bytes,"b'<?xml version=""1.0"" encoding=""utf-8""?>\n<root>'"
bytes,b'0'
bytes,b'</root>'
bytes,b'\xc3\xa9'
bytes,b' '
bytes,b'%'
bytes,b' '
bytes,b' '
bytes,b' NEXT'
bytes,b' '
bytes,b'\x00'
bytes,b'\x01'
bytes,b'\x05'
bytes,b'\x00'
bytes,b'\x02'
bytes,b'\x00'
bytes,b'\x03'
bytes,b'\x00'
bytes,b'\x03'
bytes,b'\x00\x00\x00\x00'
bytes,b'\x04'
bytes,b'\x00'
bytes,b'\x02'
bytes,b'\x00'
bytes,b'\x05'
bytes,b'\x05'
bytes,b'\x10\x00\x00\x00\x04'
bytes,b'\x07'
bytes,b'\x08'
bytes,b'\t'
bytes,b'\n'
bytes,b'\x0f'
bytes,b'\x11'
bytes,b'\x13'
bytes,b'\xff'
bytes,b'\x7f'
bytes,b'\x00'
bytes,b'\x00\x00\x00\x00\x00\x00\x00\x00'
bytes,b'\x00'
bytes,"b'critical,'"
bytes,b'#!'
bytes,b'_%s_factory'
bytes,b'xn--'
bytes,b'#!'
bytes,b'\n'
bytes,b' '
bytes,b'#!pythonw'
bytes,b'#!python'
bytes,b'multipart/form-data; boundary='
bytes,b'\x00'
bytes,b'\x1f\x8b\x08\x08'
bytes,b'\x00'
bytes,b'\x00'
bytes,b'\x00'
bytes,b'\x00'
bytes,b'\x00'
bytes,b'\xc7'
bytes,b'\xc8'
bytes,b'\xc9'
bytes,b'cc=0'
bytes,b'xn--'
bytes,b'\r\n--'
bytes,b'--'
bytes,b':/?#[]@'
bytes,b'%'
bytes,b'Basic '
bytes,b' '
bytes,b' HTTP/1.1\r\n'
bytes,b'HTTP/1.1 '
bytes,b' '
bytes,b'\r\n'
bytes,b':'
bytes,b'CONNECT '
bytes,b' HTTP/1.1\r\n'
bytes,b'Basic '
bytes,b'Basic '
bytes,b' '
bytes,b': '
bytes,b'\n'
bytes,b'_data'
bytes,b'_time'
bytes,b'_time'
bytes,b'_data'
bytes,b'.'
bytes,b'.'
bytes,b'.'
bytes,b'\x00'
bytes,b'\x00\x00'
bytes,b'x'
bytes,b'\x01f\x03isi\x04arpa\x00\x03foo\xc0\x14\x03bar\xc0 '
bytes,b'\xda9\xa3\xee^kK\r'
bytes,b'\x02\x01'
bytes,b'\x08hmac-md5\x07sig-alg\x03reg\x03int\x00\x00\x00ZUq/\x00\x05\x00\x10'
bytes,b'\x00*\x00\x00\x00\x00'
bytes,"b""\x0bhmac-sha256\x00\x00\x01\x0c\xec\x93'\x00\x05\x00\x10"""
bytes,b'\x01\x00\x00\x00\x00\x00\x00\x01\x00\x00\x00\x00'
bytes,b'\x01\x00\x04\x00\x00\x00\x00\x01\x00\x00\x00\x00'
bytes,b'\x00\x00)\x02\x00\x03\x04\x80\x00'
bytes,b'\x00\x14\x00\x01\x00\tfoobarbaz\x00\x02\x00\x03qux'
bytes,b'xxxx'
bytes,b'\x07example\x03com\x00'
bytes,b'\x00\x05\x00\x01\x00\x02\x00\x00'
bytes,b'\x00\x07\x00\x01\x00\x02\x00\x00'
bytes,b'\x00\x14\x00\x01\x00\tfoobarbaz\x00\x02\x00\x03qux'
bytes,b'nonexistent.prefix-'
bytes,b'nonexistent.prefix-'
bytes,b'mail.'
bytes,b'www.'
bytes,b' doesNotMatter'
bytes,b'*'
bytes,b'E\x00'
bytes,b'\x00\x01\x00\x00@\x11'
bytes,b'\x00'
bytes,b'123'
bytes,b'hello world:'
bytes,b'hello world:'
bytes,b'tun0'
bytes,b'\x00'
bytes,b'x'
bytes,b'x'
bytes,b'y'
bytes,b'x'
bytes,b'y'
bytes,b'T'
bytes,b'\x07'
bytes,b'\x00\x1a'
bytes,b'\xde\xad'
bytes,b'\xbe\xef'
bytes,b'T'
bytes,b'\x07'
bytes,b'\x00\x1a'
bytes,b'\xde\xad'
bytes,b'\xbe\xef'
bytes,b'T'
bytes,b'\x07'
bytes,b'\x00\x1a'
bytes,b'\xde\xad'
bytes,b'\xbe\xef'
bytes,b'T'
bytes,b'\x07'
bytes,b'\x00\x1a'
bytes,b'\xde\xad'
bytes,b'\xbe\xef'
bytes,b'T'
bytes,b'\x07'
bytes,b'\x00\x1a'
bytes,b'\xde\xad'
bytes,b'\xbe\xef'
bytes,b'T'
bytes,b'\x07'
bytes,b'\x00\x1a'
bytes,b'\xde\xad'
bytes,b'\xbe\xef'
bytes,b'T'
bytes,b'\x07'
bytes,b'\x00\x1a'
bytes,b'\xde\xad'
bytes,b'\xbe\xef'
bytes,b'T'
bytes,b'\x07'
bytes,b'\x00\x1a'
bytes,b'\xde\xad'
bytes,b'\xbe\xef'
bytes,b'T'
bytes,b'\x07'
bytes,b'\x00\x1a'
bytes,b'\xde\xad'
bytes,b'\xbe\xef'
bytes,b'message'
bytes,b''
bytes,b'}'
bytes,b'~'
bytes,b'\x7f'
bytes,b'\x00'
bytes,b'\x01'
bytes,b'\x02'
bytes,b'~'
bytes,b'\x7f'
bytes,b'\x01'
bytes,b'\x02'
bytes,b'\x03'
bytes,b'\x7f'
bytes,b'\x85'
bytes,b'helloworld'
bytes,"b""<stream:stream xmlns:stream='etherx' xmlns='jabber'>\n"""
bytes,"b""  <message to='bar'>"""
bytes,"b""    <x xmlns='xdelay'>some&amp;data&gt;</x>"""
bytes,b'  </message>'
bytes,b'</stream:stream>'
bytes,"b""<iq type='get' id='"""
bytes,"b""'/>"""
bytes,"b""<iq id='"""
bytes,"b""' type='get'/>"""
bytes,b'<handshake>'
bytes,b'</handshake>'
bytes,b'\x00'
bytes,b'\x00'
bytes,b'='
bytes,b'='
bytes,b':'
bytes,b':'
bytes,b':'
bytes,b'AUTHENTICATE:'
bytes,b'\n'
bytes,b'.lock'
bytes,b'x'
bytes,b'y'
bytes,b'x'
bytes,b'y'
bytes,b'X'
bytes,b'Y'
bytes,b'lalala'
bytes,b'1234567890'
bytes,b'\x00'
bytes,"b'hello, world'"
bytes,b'Foo'
bytes,b'_trial_temp_old'
bytes,b':'
bytes,b':'
bytes,b':'
bytes,b':'
bytes,b'GET'
bytes,b':'
bytes,b'GET'
bytes,b':'
bytes,b':'
bytes,b':'
bytes,b':'
bytes,b':'
bytes,b':'
bytes,b':'
bytes,b':'
bytes,b':'
bytes,b':'
bytes,b':'
bytes,b'foo-'
bytes,b'foo-'
bytes,b'long nonce '
bytes,b':'
bytes,b'\n'
bytes,b':'
bytes,b'\n'
bytes,b':'
bytes,b'\n'
bytes,b' dingle dongle '
bytes,b'\n'
bytes,"b'zip,zap,'"
bytes,"b',zup,'"
bytes,b'\n'
bytes,b'goodbye world!'
bytes,b'fooBAR'
bytes,b'\x00'
bytes,b'fooBAZ\x00'
bytes,b'localhost\x00'
bytes,b'fooBAZ\x00'
bytes,b'failinghost\x00'
bytes,b'fooBAR'
bytes,b'\x00'
bytes,b'fooBAR'
bytes,b'\x00'
bytes,b'fooBAR'
bytes,b'\x00'
bytes,b'fooBAR'
bytes,b'\x00'
bytes,b'fooBAZ\x00'
bytes,b'localhost\x00'
bytes,b'fooBAZ\x00'
bytes,b'failinghost\x00'
bytes,b'fooBAR'
bytes,b'\x00'
bytes,b'fooBAR'
bytes,b'\x00'
bytes,b'fooBAR'
bytes,b'\x00'
bytes,b'fooBAR'
bytes,b'\x00'
bytes,b'\x00'
bytes,b'\n'
bytes,b'\n'
bytes,b'x'
bytes,b'line content'
bytes,b'\r\n'
bytes,b'\r\n'
bytes,b'x'
bytes,b'x'
bytes,b'x'
bytes,b'x'
bytes,b'x'
bytes,b'x'
bytes,b'x'
bytes,b'x'
bytes,b'x'
bytes,b'x'
bytes,b'xyz'
bytes,b'abc'
bytes,b'123'
bytes,b'1 RuntimeError: '
bytes,b'\\u2022'
bytes,b'b'
bytes,b'X'
bytes,b'X'
bytes,b'one: '
bytes,b'\n'
bytes,b'two: '
bytes,b'\n'
bytes,b'three: '
bytes,b'\n'
bytes,b'x'
bytes,b'x'
bytes,b'done 127.0.0.1'
bytes,b'Hello '
bytes,b'1234567'
bytes,"b""there's no place like home!\n"""
bytes,b'0123456879'
bytes,b'x'
bytes,"b'\x00\x00Hello, world!'"
bytes,b'H'
bytes,b'\x00t'
bytes,b'\x00\x04'
bytes,b'\x00\x06'
bytes,b'Received: '
bytes,b'\n\t'
bytes,b'\n\t'
bytes,b' auth='
bytes,b' helo='
bytes,b'from '
bytes,b' (['
bytes,b']'
bytes,b'by '
bytes,b' with '
bytes,b' ('
bytes,b')'
bytes,b'for <'
bytes,b'> '
bytes,b' '
bytes,b' '
bytes,b' '
bytes,b' '
bytes,b'+OK '
bytes,b'\r\n'
bytes,b'-ERR '
bytes,b'IMPLEMENTATION '
bytes,b' USER'
bytes,b'EXPIRE '
bytes,b' USER'
bytes,b'LOGIN-DELAY '
bytes,b'SASL '
bytes,b'+ '
bytes,b'Authenticated login for '
bytes,b'Invalid message-number: '
bytes,b' '
bytes,b'Invalid message-number: '
bytes,b' '
bytes,b' '
bytes,b'_end'
bytes,b'_continue'
bytes,"b']\\\\(){%*""'"
bytes,b'BAD Server error: '
bytes,b'Illegal syntax: '
bytes,b'Illegal operation: '
bytes,b'Illegal mailbox name: '
bytes,b'Illegal syntax: '
bytes,b'Illegal operation: '
bytes,b'Illegal mailbox name: '
bytes,b'Server error: '
bytes,b'(?P<atom>['
bytes,b']+)( (?P<rest>.*$)|$)'
bytes,b'\\'
bytes,b'[CAPABILITY '
bytes,b'] '
bytes,b'+ '
bytes,b'CAPABILITY '
bytes,b'Server error: '
bytes,b'Authentication failed: '
bytes,b'Server error: '
bytes,b'NAMESPACE '
bytes,b' failed: Server error'
bytes,b' EXISTS'
bytes,b' RECENT'
bytes,b'FLAGS ('
bytes,b')'
bytes,b'[UIDVALIDITY '
bytes,b']'
bytes,b'['
bytes,b'] '
bytes,b' successful'
bytes,b' completed'
bytes,b'STATUS '
bytes,b' ('
bytes,b')'
bytes,b'STATUS '
bytes,b' failed: '
bytes,b' EXISTS'
bytes,b'APPEND failed: '
bytes,b'CHECK failed: '
bytes,b'CLOSE failed: '
bytes,b' EXPUNGE'
bytes,b'EXPUNGE failed: '
bytes,b'SEARCH '
bytes,b'SEARCH '
bytes,b'SEARCH failed: '
bytes,b'ENVELOPE '
bytes,b'FLAGS '
bytes,b'('
bytes,b')'
bytes,b'+0000'
bytes,b'+'
bytes,b'INTERNALDATE '
bytes,b'RFC822.HEADER '
bytes,b'RFC822.SIZE '
bytes,b'UID '
bytes,b'BODYSTRUCTURE '
bytes,b' '
bytes,b' '
bytes,b' '
bytes,b' '
bytes,b'BODY '
bytes,b'* '
bytes,b' FETCH ('
bytes,b'FETCH failed: '
bytes,b' UID '
bytes,b' FETCH (FLAGS ('
bytes,b')'
bytes,b')'
bytes,b'Server error: '
bytes,b'Server error: '
bytes,b'COPY failed:'
bytes,b' FETCH (FLAGS ('
bytes,b'))'
bytes,b' EXISTS'
bytes,b' RECENT'
bytes,b'\n'
bytes,b' ('
bytes,b')'
bytes,b'.SILENT'
bytes,b'{'
bytes,b'}\r\n'
bytes,b'('
bytes,b')'
bytes,b'\r\n--'
bytes,b'\r\n'
bytes,b'\r\n--'
bytes,b'--\r\n'
bytes,b'.'
bytes,b'{'
bytes,b'}\r\n'
bytes,b'+'
bytes,b'-'
bytes,b'&'
bytes,b'-'
bytes,b' '
bytes,b'\x00'
bytes,b'\x00'
bytes,"b'( # A string of\n                           (?:""[^""]*"" # quoted string\n                           |\\\\. # backslash-escaped characted\n                           |'"
bytes,b' # atom character\n                           )+|.) # or any single character'
bytes,b' Timeout. Try talking faster next time!'
bytes,b' NO UCE NO UBE NO RELAY PROBES'
bytes,b' Hello '
bytes,"b', nice to meet you'"
bytes,"b'(""[^""]*""|\\\\.|'"
bytes,"b'|[@.,:])+'"
bytes,b'\\s*FROM:\\s*(?P<path><> # Empty <>\n                          |<'
bytes,b'> # <addr>\n                          |'
bytes,b' # addr\n                          )\\s*(\\s(?P<opts>.*))? # Optional WS + ESMTP options\n                          $'
bytes,b'\\s*TO:\\s*(?P<path><'
bytes,b'> # <addr>\n                          |'
bytes,b' # addr\n                          )\\s*(\\s(?P<opts>.*))? # Optional WS + ESMTP options\n                          $'
bytes,b'Cannot receive from specified address '
bytes,b': '
bytes,b'Received: '
bytes,b'\n\t'
bytes,b'\n\t'
bytes,b' helo='
bytes,b'from '
bytes,b' (['
bytes,b']'
bytes,b')'
bytes,b'by %s with %s (%s)'
bytes,b'for %s; %s'
bytes,b'>>> '
bytes,b'<<< '
bytes,b'HELO '
bytes,b'MAIL FROM:'
bytes,b'RCPT TO:'
bytes,b'[%s]'
bytes,b'EHLO '
bytes,b'AUTH %s %s'
bytes,b'AUTH '
bytes,b'AUTH PLAIN '
bytes,b' ESMTP'
bytes,b' '
bytes,b' Hello '
bytes,"b', nice to meet you\n'"
bytes,b': '
bytes,b' '
bytes,b'RETR '
bytes,b'\r\n'
bytes,b'First line of '
bytes,b'.\r\n'
bytes,b'Second line of '
bytes,b'.\r\n'
bytes,b'{119}\r\nFrom: sender@host\r\nTo: recipient@domain\r\nSubject: booga booga boo\r\nContent-Type: text/plain\r\n\r\n'
bytes,"b'{239}\r\nFrom: sender@host\r\nTo: recipient@domain\r\nSubject: booga booga boo\r\nContent-Type: multipart/alternative; boundary=""xyz""\r\n\r\n\r\n--xyz\r\nSubject: this is subject text\r\nContent-Type: text/plain\r\n\r\n'"
bytes,b'\r\n--xyz--\r\n'
bytes,"b'{354}\r\nFrom: sender@host\r\nTo: recipient@domain\r\nSubject: booga booga boo\r\nContent-Type: multipart/alternative; boundary=""xyz""\r\n\r\n\r\n--xyz\r\nSubject: this is subject text\r\nContent-Type: text/plain\r\n\r\n'"
bytes,b'\r\n--xyz\r\nSubject: <b>this is subject</b>\r\nContent-Type: text/html\r\n\r\n'
bytes,b'\r\n--xyz--\r\n'
bytes,"b'{341}\r\nFrom: sender@host\r\nTo: recipient@domain\r\nSubject: booga booga boo\r\nContent-Type: multipart/alternative; boundary=""----=aaaaaaaaaaaaaaaaaaaaaaaaaaaaaaaa""\r\n\r\n\r\n------=aaaaaaaaaaaaaaaaaaaaaaaaaaaaaaaa\r\nSubject: this is subject text\r\nContent-Type: text/plain\r\n\r\n'"
bytes,b'\r\n------=aaaaaaaaaaaaaaaaaaaaaaaaaaaaaaaa--\r\n'
bytes,b'{237}\r\nFrom: sender@host\r\nTo: recipient@domain\r\nSubject: booga booga boo\r\nContent-Type: multipart/alternative; boundary=xyz\r\n\r\n\r\n--xyz\r\nSubject: this is subject text\r\nContent-Type: text/plain\r\n\r\n'
bytes,b'\r\n--xyz--\r\n'
bytes,b'x'
bytes,b'y'
bytes,b'z'
bytes,b'{'
bytes,b'}'
bytes,b'\r\n'
bytes,b'(BODY.PEEK[HEADER.FIELDS.NOT (subject bcc cc)] {'
bytes,b'}\r\n'
bytes,b')'
bytes,b'001 BAD Illegal syntax:'
bytes,b' Too many arguments for command: '
bytes,b'\r\n'
bytes,b'\r\n'
bytes,b'\x00'
bytes,b'\x00'
bytes,b'0001 '
bytes,b' foobox\r\n'
bytes,b'not ('
bytes,b'\r\n'
bytes,b'0001 OK [READ-ONLY] '
bytes,b' completed\r\n'
bytes,b'* SEARCH '
bytes,b'0001 FETCH 10 BODY['
bytes,b' ()]\r\n'
bytes,b'* 10 FETCH (BODY['
bytes,"b' ()] """")'"
bytes,b'0001 STORE 3 '
bytes,b' (\\Read \\Seen)\r\n'
bytes,b'0001 STORE 3 '
bytes,b' (\\Read \\Seen)\r\n'
bytes,b'0001 STORE 3 '
bytes,b' (\\Read \\Seen)\r\n'
bytes,b'x'
bytes,b'x'
bytes,b'x'
bytes,b'x'
bytes,b'\n'
bytes,b'\n'
bytes,b'.'
bytes,b'\r\n'
bytes,b'alice'
bytes,b'@example.com'
bytes,b'334 '
bytes,b'\r\n'
bytes,b'334 '
bytes,b'\r\n'
bytes,b'334 '
bytes,b'\r\n'
bytes,b'334 '
bytes,b'AUTH LOGIN '
bytes,b'\r\n'
bytes,b'334 '
bytes,b'\r\n'
bytes,b'AUTH LOGIN '
bytes,b'\r\n'
bytes,b'334 '
bytes,b'\r\n'
bytes,b'250-AUTH LOGIN\r\n250 STARTTLS\r\n'
bytes,b'250 AUTH LOGIN\r\n'
bytes,b'\n'
bytes,b'+OK <moshez>\r\n+OK Authentication succeeded\r\n+OK \r\n1 0\r\n.\r\n+OK '
bytes,b'\r\nSubject: urgent\r\n\r\nSomeone set up us the bomb!\r\n.\r\n+OK \r\n'
bytes,b'\r\n'
bytes,b'\r\n'
bytes,b'\r\n'
bytes,b'-ERR bad protocol or server: POP3Error: '
bytes,b'%d'
bytes,"b'""'"
bytes,b':'
bytes,"b'""\n'"
bytes,b'#compdef '
bytes,"b'\n\n_arguments -s -A ""-*"" \\\n'"
bytes,b'\n'
bytes,b' '
bytes,"b'<span class=""py-src-'"
bytes,"b'"">'"
bytes,b'</span>'
bytes,b'x'
bytes,b'x'
bytes,b'.zip'
bytes,b'.zip'
bytes,b'0'
bytes,"b'hello, extra'"
bytes,b'Test fixture data: '
bytes,b'.\n'
bytes,b'-'
bytes,b'\r'
bytes,b'\n'
bytes,b' = object()'
bytes,b' = object()'
bytes,b' '
bytes,b' '
bytes,b'\x1b[1m'
bytes,b'\x1b[0m'
bytes,b' '
bytes,b'_'
bytes,b' '
bytes,b' '
bytes,b' '
bytes,b'\x1b['
bytes,b'\x1b[O'
bytes,b'A'
bytes,b'B'
bytes,b'C'
bytes,b'D'
bytes,b'E'
bytes,b'F'
bytes,b'H'
bytes,b'R'
bytes,b'R'
bytes,b'R'
bytes,b'R'
bytes,b'Z'
bytes,b'~'
bytes,b'~'
bytes,b'~'
bytes,b'\x1b['
bytes,b'A'
bytes,b'\x1b['
bytes,b'B'
bytes,b'\x1b['
bytes,b'C'
bytes,b'\x1b['
bytes,b'D'
bytes,b'\x1b['
bytes,b';'
bytes,b'H'
bytes,b'\x1b['
bytes,b'h'
bytes,b'\x1b[?'
bytes,b'h'
bytes,b'\x1b['
bytes,b'l'
bytes,b'\x1b[?'
bytes,b'l'
bytes,b'\x1b'
bytes,b'\x1b['
bytes,b'm'
bytes,b'\x1b['
bytes,b'P'
bytes,b'\x1b['
bytes,b'L'
bytes,b'\x1b['
bytes,b'M'
bytes,b'\x1b['
bytes,b';'
bytes,b'r'
bytes,b'\x1b'
bytes,b'\x1b['
bytes,b'\x1b['
bytes,b'\x1b['
bytes,b'h'
bytes,b'\x1b['
bytes,b'\x1b['
bytes,b'r'
bytes,b'\x1b['
bytes,b'r'
bytes,b'\x1b['
bytes,b'K'
bytes,b'\x1b['
bytes,b'J'
bytes,b'\x1b['
bytes,b'P'
bytes,b'\x1b['
bytes,b'L'
bytes,b'\x1b['
bytes,b'M'
bytes,b'\x1b['
bytes,b';'
bytes,b'R'
bytes,b'\x1b['
bytes,b'n'
bytes,b'\x1b#'
bytes,b'a'
bytes,b'\n'
bytes,b' != '
bytes,b'\x1b[2~'
bytes,b'first line'
bytes,b'xxxx\ndone'
bytes,b'\x1b[2~'
bytes,b'right line'
bytes,b'xx\ndone'
bytes,b'second line'
bytes,b'xxxx\ndone'
bytes,b'delete xxxx'
bytes,b'line\ndone'
bytes,b'third ine'
bytes,b'l\ndone'
bytes,b'fourth xine'
bytes,b'l\ndone'
bytes,b'\x1b[2~'
bytes,b'blah line'
bytes,b'home\ndone'
bytes,b'end '
bytes,b'line\ndone'
bytes,b'first line\n'
bytes,b'\ndone'
bytes,b'first line\n'
bytes,b'partial line'
bytes,b'\ndone'
bytes,b'first line\nsecond line\n'
bytes,b'\ndone'
bytes,b'\x99'
bytes,b'\xaa'
bytes,b'SSH-2.0-Twisted_'
bytes,b'extra'
bytes,b'\x00'
bytes,b'\x00'
bytes,b'\x99'
bytes,b'\x00'
bytes,"b""here's some stuff beforehand\nhere's some other stuff\n"""
bytes,b'\r\n'
bytes,b'\xff'
bytes,b'\x00'
bytes,b'\xff\x00\x00\x00\x00'
bytes,b'\x00\x00\x08\x00'
bytes,b'\x00'
bytes,b'\xff\x00\x00\x00\x00'
bytes,b'\x00\x00\x08\x00'
bytes,b'\xaa'
bytes,b'\x00\x00\x04\x00\x00\x00\x08\x00'
bytes,b'\x00\x00\x0c\x00'
bytes,b'\x99'
bytes,b'\xaa'
bytes,b'\x99'
bytes,b'\xaa'
bytes,b'\x00'
bytes,b'\x00'
bytes,b'\x00'
bytes,b'\x00'
bytes,b'\x00'
bytes,b'\x00'
bytes,b'127.0.0.1 '
bytes,b'\x00\x00\x01-\r\x00\x00\x01\x17'
bytes,b'\x00\x00\x00\t'
bytes,b'\x00\x00\x00\x00'
bytes,b'\n'
bytes,b'127.0.0.1 '
bytes,b'Transferred '
bytes,b'/testfile1 to '
bytes,"b'/test""file2'"
bytes,b'www.twistedmatrix.com ssh-rsa '
bytes,b'\n'
bytes,b'divmod.com ssh-rsa '
bytes,b'\n'
bytes,"b'www.twistedmatrix.com,198.49.126.131 ssh-rsa '"
bytes,b'\n'
bytes,b'|1|gJbSEPBG9ZSBoZpHNtZBD1bHKBA=|bQv+0Xa0dByrwkA1EB0E7Xop/Fo= ssh-rsa '
bytes,b'\n'
bytes,b' plain text comment.\n'
bytes,b' text following host/IP line\n'
bytes,b' plain text comment.\n'
bytes,b'\n# That was a blank line.\nThis is just unparseable.\n|1|This also unparseable.\n'
bytes,b'\n'
bytes,b'|'
bytes,b' ssh-rsa '
bytes,b'\n'
bytes,b'\n'
bytes,b'\x00\x02\x00\x00\x00\x00\x80\x00'
bytes,b'\x00\x00\x00\x00'
bytes,b'\xff'
bytes,b'\xff'
bytes,b'\xff'
bytes,b'\x00'
bytes,b'\x00\x00\x00\x01'
bytes,b'\x00\x00\x00\x02'
bytes,b'\x00\x00\x00\x02'
bytes,b'\x00\x00\x00\x01'
bytes,b'\x00\x00\x00\x00'
bytes,b'\x00\x00\x00\x00\x00\x00\x00\x01'
bytes,b'\x00\x00\x00\x00'
bytes,b'a'
bytes,b'\x00\x00\x00\x00'
bytes,b'a'
bytes,b'\x00\x00\x00\x01'
bytes,b'\x00\x00\x00\x00\x00\x00\x00\x00'
bytes,b'a'
bytes,b'\x00\x00\x00\x00\x00\x00\x00\x00'
bytes,b'a'
bytes,b'\x00\x00\x00\x01\x00\x00\x00\x00'
bytes,b'\x00\x00\x00\x00'
bytes,b'\x00'
bytes,b'\x00\x00\x00\x00'
bytes,b'\xff'
bytes,b'\x00\x00\x00\x00'
bytes,b'\xff'
bytes,b't1 '
bytes,b' foo\nt2 '
bytes,b' egg\n'
bytes,b'\x1b['
bytes,b'\x1b[2B'
bytes,b'\x1b['
bytes,b'h'
bytes,b'\x1b['
bytes,b'l'
bytes,b'1'
bytes,b'1'
bytes,b'1'
bytes,b'1'
bytes,b'1;1'
bytes,b';'
bytes,b'1'
bytes,b'2'
bytes,b'1'
bytes,b'2'
bytes,b'4'
bytes,b'5'
bytes,b'6'
bytes,b';'
bytes,b'r'
bytes,b'1;'
bytes,b'r'
bytes,b';1'
bytes,b'r'
bytes,b'1;2'
bytes,b'r'
bytes,b'6'
bytes,b'~'
bytes,b'data'
bytes,b'data'
bytes,b'data'
bytes,b'data'
bytes,b'a'
bytes,b'b'
bytes,b'a'
bytes,b'b'
bytes,b'c'
bytes,b'a'
bytes,b'b'
bytes,b'c'
bytes,b'\xff'
bytes,b'\n'
bytes,b'\x00\x00\x00\x07ssh-foo'
bytes,b'\x00\x00\x00\x01\x01'
bytes,b'\n'
bytes,"b'Hello, world.'"
bytes,b'\n'
bytes,b'\n'
bytes,b'H'
bytes,b'\n'
bytes,b'\n'
bytes,b'H'
bytes,b'\n'
bytes,b'\n'
bytes,b'\n'
bytes,b'\n'
bytes,b'\n'
bytes,b'\n'
bytes,b'\n'
bytes,b'\n'
bytes,b'Hello'
bytes,b'\n'
bytes,b'World'
bytes,b'\n'
bytes,b'\n'
bytes,b'Hello'
bytes,b'\n'
bytes,b'\n'
bytes,b'\n'
bytes,b'\n'
bytes,b'\n'
bytes,b'\n'
bytes,b'\n'
bytes,b'\n'
bytes,b'\n'
bytes,b'Hello'
bytes,b'\n'
bytes,b'\n'
bytes,b'\n'
bytes,b'\n'
bytes,b'\n'
bytes,b'\n'
bytes,b'Hello'
bytes,b'\n'
bytes,b'\n'
bytes,b'\n'
bytes,b'\n'
bytes,b'Hello'
bytes,b'\n'
bytes,b'\n'
bytes,b'\n'
bytes,b'foo'
bytes,b'\xff'
bytes,b'\x00'
bytes,b'\x00'
bytes,b'\xff'
bytes,b'\x00'
bytes,b'\x00'
bytes,b'\x00'
bytes,b'\x01'
bytes,b'\x00'
bytes,b'\x00\x00\x00\x01'
bytes,b'\x00'
bytes,b'\x00'
bytes,b'\xff'
bytes,b'\x00'
bytes,b'\xff'
bytes,"b'  File ""<console>"", line 1, in '"
bytes,b'cancelled line'
bytes,b'done'
bytes,b' + 1'
bytes,b' + 1'
bytes,"b'rint ""hello""'"
bytes,b'\x01'
bytes,b'p'
bytes,"b'rint ""hello'"
bytes,b'\x01'
bytes,b'p'
bytes,b'\x05'
bytes,"b'""'"
bytes,b'\n'
bytes,b'\r'
bytes,b'\n'
bytes,b'\r'
bytes,b'But ono!'
bytes,b' an interrupt'
bytes,b'\x12hello world'
bytes,b'These are some bytes but soon'
bytes,b'\x12'
bytes,b'Some bytes are here'
bytes,b'and here'
bytes,b'\x12'
bytes,b'hello'
bytes,b'first part'
bytes,b'last part'
bytes,b'\x12'
bytes,b'surrounding bytes'
bytes,b'to spice things up'
bytes,b'\x12'
bytes,b'\x12'
bytes,b'surrounding bytes'
bytes,b'to spice things up'
bytes,b'\x12'
bytes,b'\x19'
bytes,b'padding'
bytes,b'trailer'
bytes,b'\x19'
bytes,b'\x91'
bytes,b'header'
bytes,b'padding'
bytes,b'\x91'
bytes,b')'
bytes,b'fiddle dee'
bytes,b')'
bytes,b')'
bytes,b'fiddle dum '
bytes,b')'
bytes,b'G'
bytes,b'dum de dum'
bytes,b'tra la la'
bytes,b'G'
bytes,b'dum de dum'
bytes,b'tra la la'
bytes,b'V'
bytes,b'tra la la'
bytes,b'dum de dum'
bytes,b'V'
bytes,b'tra la la'
bytes,b'dum de dum'
bytes,b'B'
bytes,b'B'
bytes,b'B'
bytes,b'B'
bytes,b'B'
bytes,b'B'
bytes,b'B'
bytes,b'B'
bytes,b'$'
bytes,b'$'
bytes,b'def'
bytes,b'g'
bytes,b'x'
bytes,b'x'
bytes,b'y'
bytes,b'\x00'
bytes,b'z'
bytes,b'Qx'
bytes,b'\n'
bytes,b'ecdsa-sha2-nistp'
bytes,b'~'
bytes,b''
bytes,"b'DEK-Info: DES-EDE3-CBC,'"
bytes,b'\n'
bytes,b'\x00'
bytes,b'\x00'
bytes,b'\x00'
bytes,b'Twisted_'
bytes,b'\r\n'
bytes,b'bad version '
bytes,b'\x00'
bytes,"b""don't have service """
bytes,b''
bytes,b'extended '
bytes,b' failed'
bytes,b'\xff'
bytes,b'\x00'
bytes,b'\x01'
bytes,b'\x01'
bytes,b'\xff'
bytes,b'\x00'
bytes,b'\x00'
bytes,b'\x00'
bytes,b'<SSHChannel '
bytes,b' (lw '
bytes,b' rw '
bytes,b')>'
bytes,b' '
bytes,b'Command '
bytes,b' failed: '
bytes,b'\r\n'
bytes,b'\r\n'
bytes,b' '
bytes,b''
bytes,b'stats '
bytes,b'delete '
bytes,b'\n'
bytes,b'Login: '
bytes,b'\n'
bytes,b'%x'
bytes,"b'%d:%s,'"
bytes,b' '
bytes,b'\x00'
bytes,b'\x01'
bytes,b'/home/tests/mysockets/sock'
bytes,b'\x00'
bytes,b'/home/tests/mysockets/sock'
bytes,b'\x00'
bytes,b'\r\n\r\n\x00\r\nQUIT\n!1\x00\xd8'
bytes,b'\x00'
bytes,b'HTTP/1.1 / GET'
bytes,b'HTTP/1.1 / GET'
bytes,b'some bytes'
bytes,b'some bytes'
bytes,b'123456890'
bytes,b'hello world'
bytes,b'x\nx'
bytes,b'x'
bytes,b'x'
bytes,b'\r\nr'
bytes,b'x'
bytes,b'x'
bytes,b'x'
bytes,b'x'
bytes,b'x'
bytes,b'x'
bytes,b'x'
bytes,b'\r\nr'
bytes,b'x'
bytes,b'x'
bytes,b'\r\nr'
bytes,b'a'
bytes,b'b'
bytes,b'b'
bytes,b'x'
bytes,b'a'
bytes,b'b'
bytes,b'c'
bytes,b'a'
bytes,b'b'
bytes,b'b'
bytes,b'b'
bytes,b'b'
bytes,b'b'
bytes,b'b'
bytes,b'/'
bytes,b'/'
bytes,b'?'
bytes,b' '
bytes,"b'=""'"
bytes,b'</'
bytes,b'>'
bytes,b'<html><head><title>web.Server Traceback (most recent call last)</title></head><body><b>web.Server Traceback (most recent call last):</b>\n\n'
bytes,b'\n\n</body></html>\n'
bytes,b'/'
bytes,b'/'
bytes,b'/'
bytes,b'/'
bytes,b'HTTP_'
bytes,b'\\A[%s]+\\Z'
bytes,b'/'
bytes,b':'
bytes,b':'
bytes,b'='
bytes,b'bytes='
bytes,b'-'
bytes,b'#'
bytes,b':'
bytes,b'['
bytes,b']'
bytes,b'\r\n--'
bytes,b'--\r\n'
bytes,b'='
bytes,b'; Expires='
bytes,b'; Domain='
bytes,b'; Path='
bytes,b'; Max-Age='
bytes,b'; Comment='
bytes,b'; Secure'
bytes,b'; HttpOnly'
bytes,b':'
bytes,b'\n'
bytes,b' '
bytes,b' '
bytes,b'\r\n'
bytes,b' '
bytes,b' to '
bytes,b' to '
bytes,b' to '
bytes,b'='
bytes,"b'""'"
bytes,"b'""'"
bytes,b'==='
bytes,b'://'
bytes,b'/'
bytes,b'x'
bytes,b'y'
bytes,b'x'
bytes,b'y'
bytes,b'x'
bytes,b'y'
bytes,b'x'
bytes,b'y'
bytes,b'x'
bytes,b'y'
bytes,b'<span>'
bytes,b'</span>'
bytes,b'<span>'
bytes,b'</span>'
bytes,b'<span>'
bytes,b'</span>'
bytes,b'abcde-'
bytes,b' '
bytes,b' '
bytes,b'\r\n'
bytes,b':'
bytes,b'HTTP/1.1 200 OK'
bytes,b'HTTP/1.1 200 OK'
bytes,b'X-Foo:bar'
bytes,b'X-Foo: bar'
bytes,b' baz'
bytes,b'\tquux'
bytes,b'X-Bar:'
bytes,b'X-Foo:'
bytes,b'HTTP/1.1 200 OK'
bytes,b'X-Foo: bar'
bytes,b'X-Foo: baz'
bytes,b'x'
bytes,b'x'
bytes,b'y'
bytes,b'x'
bytes,b'y'
bytes,b'HTTP/1.1 103 Early Hints\r\nServer: socketserver/1.0.0\r\nLink: </other/styles.css>; rel=preload; as=style\r\nLink: </other/action.js>; rel=preload; as=script\r\n\r\n'
bytes,b'HTTP/1.1 103 Early Hints\r\nServer: socketserver/1.0.0\r\nLink: </other/styles.css>; rel=preload; as=style\r\nLink: </other/action.js>; rel=preload; as=script\r\n\r\n'
bytes,b'a'
bytes,b'HTTP/1.1 200 OK\r\nX-Foo: '
bytes,b'\r\nX-Ignored: ignored\r\n\r\n'
bytes,b'x'
bytes,b'x'
bytes,b'y'
bytes,b'GET'
bytes,b' /foo HTTP/1.1\r\nConnection: close\r\nContent-Length: 0\r\nHost: example.com\r\n\r\n'
bytes,b'x'
bytes,b'x'
bytes,b'x'
bytes,b'x'
bytes,b'x'
bytes,b'10\r\n'
bytes,b'x'
bytes,b'\r\n'
bytes,b':'
bytes,b'Basic '
bytes,b'Basic '
bytes,b'Basic '
bytes,b'GET%s'
bytes,b'GET%s'
bytes,b'http://twisted%s.invalid/OK'
bytes,b'http://twisted%s.invalid/OK'
bytes,b'http://twisted.invalid/OK%s'
bytes,b'http://twisted.invalid/OK%s'
bytes,b'0123456789'
bytes,b'\r\n'
bytes,b':5144'
bytes,b'a'
bytes,b'a'
bytes,b'abc'
bytes,b'0123456789'
bytes,b'a'
bytes,b'b'
bytes,b'c'
bytes,b'\r\n--'
bytes,b'\n'
bytes,b'bytes='
bytes,b'bytes='
bytes,b'content2'
bytes,b'cgi output'
bytes,b'01'
bytes,b'02'
bytes,b'If-Modified-Since: '
bytes,b'If-Not-Match: '
bytes,b'\r\n'
bytes,b'\r\n'
bytes,b'\r\n'
bytes,b'\r\n'
bytes,b'GET '
bytes,b' HTTP/1.1\r\nAccept: text/html\r\n\r\n'
bytes,b'/'
bytes,b'HTTP/1.0 '
bytes,b' '
bytes,b': '
bytes,b' /foo HTTP/1.0'
bytes,b'http://example.com'
bytes,"b""'''\n"""
bytes,b'\n'
bytes,"b""'''\n"""
bytes,b'x'
bytes,b'x'
bytes,b'y'
bytes,b'y'
bytes,b'x'
bytes,b'y'
bytes,b'x'
bytes,b'x'
bytes,b'x'
bytes,b'x'
bytes,b''
bytes,b'GET / HTTP/1.0\nAuthorization: Basic '
bytes,b'\n\n'
bytes,"b'-----------------------------738837029596785559389649595\nContent-Disposition: form-data; name=""uploadedfile""; filename=""test""\nContent-Type: application/octet-stream\n\nabasdfg\n-----------------------------738837029596785559389649595--\n'"
bytes,b'GET / HTTP/1.0\nAuthorization: Basic '
bytes,b'\n\n'
bytes,b':'
bytes,b'Set-Cookie: '
bytes,b'\r\n'
bytes,b'HTTP/'
bytes,b'\x80'
bytes,b'\xa6YY\xa6'
bytes,b'\x00'
bytes,b'\x00'
bytes,b'\x00'
bytes,b'\x04'
bytes,b'ecdsa-sha2-'
bytes,b'\x00'
bytes,b'\x00'
bytes,b'.'
bytes,b'\x00\x00\x00\x01'
bytes,b'n='
bytes,"b',r='"
bytes,"b'c=biws,r='"
bytes,b'p='
bytes,b' '
bytes,b'([BIIZ)L%s;'
bytes,b'([BII)L%s;'
bytes,"b'<?xml version=""1.0"" encoding=""UTF-8""?>'"
bytes,b'--'
bytes,b''
bytes,b'\r\n'
bytes,b'--'
bytes,b'\r\n'
bytes,b'%'
bytes,"b'--BOUNDARY\r\nContent-Disposition: form-data; name=""file""; filename=""bytes""\r\nContent-Type: application/x-falcon\r\n\r\n'"
bytes,b'123456789abcdef\n'
bytes,"b'\r\n--BOUNDARY\r\nContent-Disposition: form-data; name=""empty""\r\nContent-Type: text/plain\r\n\r\n\r\n--BOUNDARY--\r\n'"
bytes,"b'--boundary\r\nContent-Disposition: form-data; name=""lorem1""; filename=""bytes1""\r\nContent-Type: text/plain\r\n\r\n'"
bytes,"b'\r\n--boundary\r\nContent-Disposition: form-data; name=""empty""\r\nContent-Type: text/plain\r\n\r\n\r\n--boundary\r\nContent-Disposition: form-data; name=""lorem2""; filename=""bytes1""\r\nContent-Type: text/plain\r\n\r\n'"
bytes,b'\r\n--boundary--\r\n'
bytes,"b'--BOUNDARY\r\nContent-Disposition: form-data; name=""text""\r\nContent-Type: text/plain; '"
bytes,"b'\r\n--BOUNDARY\r\nContent-Disposition: form-data; name=""empty""\r\nContent-Type: text/plain\r\n\r\n\r\n--BOUNDARY--\r\n'"
bytes,b'123456789ABCDEF\n'
bytes,b'--boundary1234567890--'
bytes,b'123456789ABCDEF\n'
bytes,b'--boundary1234567890--'
bytes,b'123456789ABCDEF\n'
bytes,b'--boundary1234567890--'
bytes,b'B'
bytes,b'123456789ABCDEF\n'
bytes,b'-boundary-like-'
bytes,b'--some junk--\n'
bytes,b'\n'
bytes,b'-boundary-like-'
bytes,"b'Hello, world!\nA line.\n\nA longer line... \n'"
bytes,b'SPAM '
bytes,b'\n'
bytes,b'\n'
bytes,b'q='
bytes,b'123456789ABCDEF\n'
bytes,b'--boundary1234567890--'
bytes,b'123456789ABCDEF\n'
bytes,b'--boundary1234567890--'
bytes,b'123456789ABCDEF\n'
bytes,b'--boundary1234567890--'
bytes,b'1'
bytes,b'333'
bytes,b'2'
bytes,b'444'
bytes,b'123456789ABCDEF\n'
bytes,b'-boundary-like-'
bytes,b'--some junk--\n'
bytes,b'\n'
bytes,b'-boundary-like-'
bytes,b'123456798'
bytes,b'123456798'
bytes,b'98'
bytes,b'123456798'
bytes,b'='
bytes,b'.'
bytes,b'.'
bytes,b'--'
bytes,b'--'
bytes,"b'""'"
bytes,"b'""'"
bytes,b';'
bytes,b'='
bytes,b'\xef\xbb\xbf'
bytes,b'|'
bytes,b'|'
bytes,b'!'
bytes,b'\x0e\xb0\x11Z\x1d\x1f\n\x10|\xf76\xa6\xf5'
bytes,b'\x7f\xf4\x97\x82U]\x81R\x05#^\xe8\x1c\xd19'
bytes,b';\x1a\xb8!=\xf0\x14#\x83\x11\xd5\x0b\x0f'
bytes,b'a'
bytes,b'a'
bytes,b'a'
bytes,b'a'
bytes,b'a'
bytes,b'a'
bytes,b'\xc2\x00'
bytes,b';\r\n'
