10980172.py,"{""type"": ""function_def"", ""line"": 15, ""name"": ""ping"", ""args"": [""addr"", ""timeout"", ""number"", ""data""], ""defaults"": [1, 1,  - Expecting value: line 1 column 120 (char 119)"
10192468.py,"{""type"": ""variable"", ""line"": 56, ""name"": ""rdata"", ""value"":  - Expecting value: line 1 column 60 (char 59)"
3f22c5ed5dabf1815f16efa8fa53d476.py,"{""type"": ""comparison"", ""line"": 110, ""pairs"": [[""str1"",  - Expecting value: line 1 column 56 (char 55)"
4257326.py,"{""type"": ""function_call"", ""line"": 68, ""name"": ""self.t.write"", ""args"": [ - Expecting value: line 1 column 72 (char 71)"
560052.py,"{""type"": ""variable"", ""line"": 62, ""name"": ""author"", ""value"":  - Expecting value: line 1 column 61 (char 60)"
45fd4bfb6f376d1b6c13.py,"{""type"": ""variable"", ""line"": 15, ""name"": ""file_list"", ""value"": null, ""valueSrc"": ""parsed.get.get"", ""isInput"": false, ""args"": [ - Expecting value: line 1 column 127 (char 126)"
bc8649d647240ef14311.py,"{""type"": ""variable"", ""line"": 10, ""name"": ""rv"", ""value"":  - Expecting value: line 1 column 57 (char 56)"
1651121.py,"{""type"": ""variable"", ""line"": 95, ""name"": ""delimiter"", ""value"": null, ""valueSrc"": ""data.find"", ""isInput"": false, ""args"": [ - Expecting value: line 1 column 122 (char 121)"
e23fd428a2da6ab43ed2.py,"{""type"": ""variable"", ""line"": 6, ""name"": ""self.buffer"", ""value"":  - Expecting value: line 1 column 65 (char 64)"
f054064ede8c9e781ed8.py,"{""type"": ""variable"", ""line"": 34, ""name"": ""encoded"", ""value"": null, ""valueSrc"": ""base64.b64encode.rstrip"", ""isInput"": false, ""args"": [ - Expecting value: line 1 column 134 (char 133)"
4090682.py,"{""type"": ""variable"", ""line"": 21, ""name"": ""z"", ""value"":  - Expecting value: line 1 column 56 (char 55)"
6b572512ef53cfc6bf949afdc8eb6720.py,"{""type"": ""variable"", ""line"": 21, ""name"": ""z"", ""value"":  - Expecting value: line 1 column 56 (char 55)"
5277346.py,"{""type"": ""variable"", ""line"": 28, ""name"": ""buf"", ""value"":  - Expecting value: line 1 column 58 (char 57)"
23e1ec416bf884dcd7f0e635ce5f2724.py,"{""type"": ""function_call"", ""line"": 87, ""name"": ""fd.write"", ""args"": [ - Expecting value: line 1 column 68 (char 67)"
4febf298232a6fd86871df25d4dc00dd.py,"{""type"": ""function_call"", ""line"": 46, ""name"": ""request.setHeader"", ""args"": [ - Expecting value: line 1 column 77 (char 76)"
6614702.py,"{""type"": ""function_call"", ""line"": 8, ""name"": ""model.objects.filter"", ""args"": [ - Expecting value: line 1 column 79 (char 78)"
62ff47bef7f894e92ed5.py,"{""type"": ""comparison"", ""line"": 52, ""pairs"": [[""file_obj.read"",  - Expecting value: line 1 column 64 (char 63)"
5600529.py,"{""type"": ""variable"", ""line"": 62, ""name"": ""author"", ""value"":  - Expecting value: line 1 column 61 (char 60)"
5794494.py,"{""type"": ""variable"", ""line"": 36, ""name"": ""css"", ""value"":  - Expecting value: line 1 column 58 (char 57)"
1728255.py,"{""type"": ""variable"", ""line"": 36, ""name"": ""css"", ""value"":  - Expecting value: line 1 column 58 (char 57)"
7637559.py,"{""type"": ""variable"", ""line"": 18, ""name"": ""data"", ""value"":  - Expecting value: line 1 column 59 (char 58)"
fc90e3ddbc5c60c698d07b3df30004c8.py,"{""type"": ""function_call"", ""line"": 27, ""name"": ""resp.write"", ""args"": [ - Expecting value: line 1 column 70 (char 69)"
8513781.py,"{""type"": ""function_call"", ""line"": 12, ""name"": ""notify"", ""args"": [ - Expecting value: line 1 column 66 (char 65)"
8054226.py,"{""type"": ""variable"", ""line"": 32, ""name"": ""USB_BUFFER"", ""value"":  - Expecting value: line 1 column 65 (char 64)"
b82da1cb8f3afe5ccb643f87e2f853b0.py,"{""type"": ""variable"", ""line"": 14, ""name"": ""body"", ""value"": null, ""valueSrc"": ""response.body.replace.replace"", ""isInput"": false, ""args"": [ - Expecting value: line 1 column 137 (char 136)"
97814f57ac85af7128bf.py,"{""type"": ""variable"", ""line"": 35, ""name"": ""ordinal"", ""value"":  - Expecting value: line 1 column 62 (char 61)"
85d70bf53e207bab3775.py,"{""type"": ""variable"", ""line"": 29, ""name"": ""raw"", ""value"":  - Expecting value: line 1 column 58 (char 57)"
2665853.py,"{""type"": ""function_def"", ""line"": 15, ""name"": ""__init__"", ""args"": [""self"", ""string""], ""defaults"": [ - Expecting value: line 1 column 99 (char 98)"
6953749.py,"{""type"": ""function_def"", ""line"": 15, ""name"": ""__init__"", ""args"": [""self"", ""string""], ""defaults"": [ - Expecting value: line 1 column 99 (char 98)"
7285154.py,"{""type"": ""variable"", ""line"": 12, ""name"": ""m"", ""value"": null, ""valueSrc"": ""re.match"", ""isInput"": false, ""args"": [ - Expecting value: line 1 column 113 (char 112)"
35faae3e7f89f629a94e.py,"{""type"": ""list"", ""line"": 138, ""name"": ""cmd"", ""value"": null, ""valueSrc"": ""initialization"", ""isInput"": false, ""values"": [ - Expecting value: line 1 column 120 (char 119)"
64cf037c55c0d42196762c0ccacc7380.py,"{""type"": ""variable"", ""line"": 52, ""name"": ""SHELL_SCRIPT"", ""value"":  - Expecting value: line 1 column 67 (char 66)"
a1312d211c110ff3855d.py,"{""type"": ""function_call"", ""line"": 57, ""name"": ""self.tn.write"", ""args"": [ - Expecting value: line 1 column 73 (char 72)"
83a39d9328788372677a.py,"{""type"": ""function_call"", ""line"": 57, ""name"": ""self.tn.write"", ""args"": [ - Expecting value: line 1 column 73 (char 72)"
d6b88ff07100530e1521f0150004cf9e.py,"{""type"": ""variable"", ""line"": 17, ""name"": ""s"", ""value"": null, ""valueSrc"": ""s.ljust"", ""isInput"": false, ""args"": [""m"",  - Expecting value: line 1 column 117 (char 116)"
9667052.py,"{""type"": ""variable"", ""line"": 35, ""name"": ""padChar"", ""value"":  - Expecting value: line 1 column 62 (char 61)"
8f9980999ed43246b9b2.py,"{""type"": ""variable"", ""line"": 16, ""name"": ""MAGIC"", ""value"":  - Expecting value: line 1 column 60 (char 59)"
079b36898d39eeb1824977c6c2f6d51e.py,"{""type"": ""variable"", ""line"": 59, ""name"": ""original"", ""value"": null, ""valueSrc"": ""BytesIO"", ""isInput"": false, ""args"": [ - Expecting value: line 1 column 119 (char 118)"
59a413ae2ed4141d2037.py,"{""type"": ""variable"", ""line"": 12, ""name"": ""NEGATIVE_INFINITY"", ""value"":  - Expecting value: line 1 column 72 (char 71)"
7665915.py,"{""type"": ""comparison"", ""line"": 28, ""pairs"": [[""buf"",  - Expecting value: line 1 column 54 (char 53)"
e01710f5176cc97c9b5b.py,"{""type"": ""variable"", ""line"": 81, ""name"": ""ffprobe_output"", ""value"":  - Expecting value: line 1 column 69 (char 68)"
a412efaad8714fb6ed70.py,"{""type"": ""comparison"", ""line"": 48, ""pairs"": [[ - Expecting value: line 1 column 47 (char 46)"
2129ad95f7aeeb68d7df.py,"{""type"": ""function_call"", ""line"": 9, ""name"": ""stream.read_until"", ""args"": [ - Expecting value: line 1 column 76 (char 75)"
fe197b5578fc60457835abaef0c16bfd.py,"{""type"": ""variable"", ""line"": 17, ""name"": ""self.buffer"", ""value"":  - Expecting value: line 1 column 66 (char 65)"
b296b02e730cd4c469bf.py,"{""type"": ""variable"", ""line"": 78, ""name"": ""engine"", ""value"": null, ""valueSrc"": ""create_engine"", ""isInput"": false, ""args"": [ - Expecting value: line 1 column 123 (char 122)"
954e2ea06d2200487522.py,"{""type"": ""variable"", ""line"": 46, ""name"": ""page"", ""value"":  - Expecting value: line 1 column 59 (char 58)"
4565147.py,"{""type"": ""function_obj"", ""line"": 100, ""objName"": ""find_server"", ""funcName"": ""re.compile"", ""args"": [ - Expecting value: line 1 column 100 (char 99)"
d0bb1f94cda69a5e7c96d1742cc5adca.py,"{""type"": ""variable"", ""line"": 14, ""name"": ""body"", ""value"": null, ""valueSrc"": ""response.body.replace.replace"", ""isInput"": false, ""args"": [ - Expecting value: line 1 column 137 (char 136)"
34ffc56283273e1e904e8dc50491a7a6.py,"{""type"": ""comparison"", ""line"": 464, ""pairs"": [[""magic"",  - Expecting value: line 1 column 57 (char 56)"
ca26e97f1f7b4a41f3bd.py,"{""type"": ""variable"", ""line"": 57, ""name"": ""games"", ""value"":  - Expecting value: line 1 column 60 (char 59)"
5eaefdbf6107f5253d86.py,"{""type"": ""variable"", ""line"": 34, ""name"": ""o"", ""value"":  - Expecting value: line 1 column 56 (char 55)"
8e3913358a7996eab9b96bd57fc59df2.py,"{""type"": ""variable"", ""line"": 18, ""name"": ""reg"", ""value"":  - Expecting value: line 1 column 58 (char 57)"
258d544bbd1ba401232ae83a11bd8857.py,"{""type"": ""function_def"", ""line"": 9, ""name"": ""__init__"", ""args"": [""self"", ""infile"", ""outfile"", ""EI"", ""EJ"", ""P"", ""N"", ""F"", ""rless"", ""init_chr""], ""defaults"": [11, 4, 1, 0, 0, 0,  - Expecting value: line 1 column 176 (char 175)"
775697.py,"{""type"": ""function_def"", ""line"": 12, ""name"": ""bulk_action"", ""args"": [""request"", ""t""], ""defaults"": [], ""return"": ""render_to_response"", ""returnArgs"": [ - Expecting value: line 1 column 150 (char 149)"
3ff4278c609ce223ebb4fc300c5edd0f.py,"{""type"": ""variable"", ""line"": 23, ""name"": ""SFPWAContextRef"", ""value"": null, ""valueSrc"": ""objc.createOpaquePointerType"", ""isInput"": false, ""args"": [""SFPWAContextRef"",  - Expecting value: line 1 column 166 (char 165)"
631413ac7a4a4c645a94.py,"{""type"": ""variable"", ""line"": 8, ""name"": ""urlpatterns"", ""value"": null, ""valueSrc"": ""patterns"", ""isInput"": false, ""args"": ["""", ""url"",  - Expecting value: line 1 column 133 (char 132)"
fcd51ecae50f00c91e69.py,"{""type"": ""variable"", ""line"": 6, ""name"": ""X_batch"", ""value"":  - Expecting value: line 1 column 61 (char 60)"
ad91a3b4a0a6900fedef.py,"{""type"": ""function_call"", ""line"": 33, ""name"": ""self.imap.send"", ""args"": [ - Expecting value: line 1 column 74 (char 73)"
e2609c8f8f23c722b955c0499068a2ca.py,"{""type"": ""variable"", ""line"": 62, ""name"": ""filter_header"", ""value"":  - Expecting value: line 1 column 68 (char 67)"
27dcc624b639c2626137.py,"{""type"": ""list"", ""line"": 6, ""name"": ""MDATA_LIST"", ""value"": null, ""valueSrc"": ""initialization"", ""isInput"": false, ""values"": [ - Expecting value: line 1 column 125 (char 124)"
7312782.py,"{""type"": ""variable"", ""line"": 4, ""name"": ""total"", ""value"":  - Expecting value: line 1 column 59 (char 58)"
0c77ce6c2b84af70644d81802892c289.py,"{""type"": ""variable"", ""line"": 398, ""name"": ""buf"", ""value"":  - Expecting value: line 1 column 59 (char 58)"
7bf157202c17681d62667a006eb15abd.py,"{""type"": ""function_call"", ""line"": 112, ""name"": ""parts.append"", ""args"": [ - Expecting value: line 1 column 73 (char 72)"
6493234.py,"{""type"": ""variable"", ""line"": 6, ""name"": ""z"", ""value"":  - Expecting value: line 1 column 55 (char 54)"
6cb1dfbe8a124e1ca5af.py,"{""type"": ""comparison"", ""line"": 85, ""pairs"": [[""ch"",  - Expecting value: line 1 column 53 (char 52)"
3989337.py,"{""type"": ""variable"", ""line"": 110, ""name"": ""X"", ""value"":  - Expecting value: line 1 column 57 (char 56)"
9266862.py,"{""type"": ""function_call"", ""line"": 1, ""name"": ""uwsgi.websocket_handshake"", ""args"": [ - Expecting value: line 1 column 84 (char 83)"
a06477775f18c11b4517.py,"{""type"": ""function_def"", ""line"": 26, ""name"": ""puti"", ""args"": [""self"", ""i""], ""defaults"": [], ""return"": ""self.libc.printf"", ""returnArgs"": [ - Expecting value: line 1 column 138 (char 137)"
c510b82a6ad828c3c5d3.py,"{""type"": ""variable"", ""line"": 24, ""name"": ""hexstr"", ""value"":  - Expecting value: line 1 column 61 (char 60)"
0e7d366d2e3623c5bb95.py,"{""type"": ""variable"", ""line"": 6, ""name"": ""CMSDecoderRef"", ""value"": null, ""valueSrc"": ""objc.createOpaquePointerType"", ""isInput"": false, ""args"": [""CMSDecoderRef"",  - Expecting value: line 1 column 161 (char 160)"
1b42a20c8f3eb9bb7cb8.py,"{""type"": ""variable"", ""line"": 168, ""name"": ""message"", ""value"": null, ""valueSrc"": ""self.trUtf8"", ""isInput"": false, ""args"": [ - Expecting value: line 1 column 123 (char 122)"
30eda05ca36ee9f9f190067538b0ae04.py,"{""type"": ""variable"", ""line"": 23, ""name"": ""watch_dir"", ""value"":  - Expecting value: line 1 column 64 (char 63)"
2f539ab54321578872934bc48c02cc93.py,"{""type"": ""variable"", ""line"": 13, ""name"": ""WAIT_FOR_HEADER"", ""value"":  - Expecting value: line 1 column 70 (char 69)"
5895501.py,"{""type"": ""variable"", ""line"": 23, ""name"": ""relatives"", ""value"":  - Expecting value: line 1 column 64 (char 63)"
f940f98fbbac84d35e8d.py,"{""type"": ""variable"", ""line"": 23, ""name"": ""relatives"", ""value"":  - Expecting value: line 1 column 64 (char 63)"
1544273.py,"{""type"": ""variable"", ""line"": 23, ""name"": ""relatives"", ""value"":  - Expecting value: line 1 column 64 (char 63)"
2bc82e704f810b4b96dda4188646256b.py,"{""type"": ""variable"", ""line"": 38, ""name"": ""optifine_downloadx_re"", ""value"": null, ""valueSrc"": ""re.compile"", ""isInput"": false, ""args"": [ - Expecting value: line 1 column 135 (char 134)"
e8a82f71c13ae54f886fbf94f0606073.py,"{""type"": ""variable"", ""line"": 16, ""name"": ""crc"", ""value"":  - Expecting value: line 1 column 58 (char 57)"
e47bff34b68adb3cf6bd4845c4bed448.py,"{""type"": ""function_call"", ""line"": 137, ""name"": ""remote.write"", ""args"": [ - Expecting value: line 1 column 73 (char 72)"
77b478f35f93f64ac640.py,"{""type"": ""variable"", ""line"": 23, ""name"": ""WLM_2008_ID"", ""value"":  - Expecting value: line 1 column 66 (char 65)"
7bd4e4bd0a00ac9076986148afc06507.py,"{""type"": ""function_call"", ""line"": 27, ""name"": ""file_metadata.write"", ""args"": [ - Expecting value: line 1 column 79 (char 78)"
5944478.py,"{""type"": ""function_call"", ""line"": 33, ""name"": ""self.write"", ""args"": [ - Expecting value: line 1 column 70 (char 69)"
10980172.py,"{""type"": ""function_def"", ""line"": 15, ""name"": ""ping"", ""args"": [""addr"", ""timeout"", ""number"", ""data""], ""defaults"": [1, 1,  - Expecting value: line 1 column 120 (char 119)"
10192468.py,"{""type"": ""variable"", ""line"": 56, ""name"": ""rdata"", ""value"":  - Expecting value: line 1 column 60 (char 59)"
3f22c5ed5dabf1815f16efa8fa53d476.py,"{""type"": ""comparison"", ""line"": 110, ""pairs"": [[""str1"",  - Expecting value: line 1 column 56 (char 55)"
4257326.py,"{""type"": ""function_call"", ""line"": 68, ""name"": ""self.t.write"", ""args"": [ - Expecting value: line 1 column 72 (char 71)"
560052.py,"{""type"": ""variable"", ""line"": 62, ""name"": ""author"", ""value"":  - Expecting value: line 1 column 61 (char 60)"
45fd4bfb6f376d1b6c13.py,"{""type"": ""variable"", ""line"": 15, ""name"": ""file_list"", ""value"": null, ""valueSrc"": ""parsed.get.get"", ""isInput"": false, ""args"": [ - Expecting value: line 1 column 127 (char 126)"
bc8649d647240ef14311.py,"{""type"": ""variable"", ""line"": 10, ""name"": ""rv"", ""value"":  - Expecting value: line 1 column 57 (char 56)"
1651121.py,"{""type"": ""variable"", ""line"": 95, ""name"": ""delimiter"", ""value"": null, ""valueSrc"": ""data.find"", ""isInput"": false, ""args"": [ - Expecting value: line 1 column 122 (char 121)"
e23fd428a2da6ab43ed2.py,"{""type"": ""variable"", ""line"": 6, ""name"": ""self.buffer"", ""value"":  - Expecting value: line 1 column 65 (char 64)"
f054064ede8c9e781ed8.py,"{""type"": ""variable"", ""line"": 34, ""name"": ""encoded"", ""value"": null, ""valueSrc"": ""base64.b64encode.rstrip"", ""isInput"": false, ""args"": [ - Expecting value: line 1 column 134 (char 133)"
4090682.py,"{""type"": ""variable"", ""line"": 21, ""name"": ""z"", ""value"":  - Expecting value: line 1 column 56 (char 55)"
6b572512ef53cfc6bf949afdc8eb6720.py,"{""type"": ""variable"", ""line"": 21, ""name"": ""z"", ""value"":  - Expecting value: line 1 column 56 (char 55)"
5277346.py,"{""type"": ""variable"", ""line"": 28, ""name"": ""buf"", ""value"":  - Expecting value: line 1 column 58 (char 57)"
23e1ec416bf884dcd7f0e635ce5f2724.py,"{""type"": ""function_call"", ""line"": 87, ""name"": ""fd.write"", ""args"": [ - Expecting value: line 1 column 68 (char 67)"
4febf298232a6fd86871df25d4dc00dd.py,"{""type"": ""function_call"", ""line"": 46, ""name"": ""request.setHeader"", ""args"": [ - Expecting value: line 1 column 77 (char 76)"
6614702.py,"{""type"": ""function_call"", ""line"": 8, ""name"": ""model.objects.filter"", ""args"": [ - Expecting value: line 1 column 79 (char 78)"
62ff47bef7f894e92ed5.py,"{""type"": ""comparison"", ""line"": 52, ""pairs"": [[""file_obj.read"",  - Expecting value: line 1 column 64 (char 63)"
5600529.py,"{""type"": ""variable"", ""line"": 62, ""name"": ""author"", ""value"":  - Expecting value: line 1 column 61 (char 60)"
5794494.py,"{""type"": ""variable"", ""line"": 36, ""name"": ""css"", ""value"":  - Expecting value: line 1 column 58 (char 57)"
1728255.py,"{""type"": ""variable"", ""line"": 36, ""name"": ""css"", ""value"":  - Expecting value: line 1 column 58 (char 57)"
7637559.py,"{""type"": ""variable"", ""line"": 18, ""name"": ""data"", ""value"":  - Expecting value: line 1 column 59 (char 58)"
fc90e3ddbc5c60c698d07b3df30004c8.py,"{""type"": ""function_call"", ""line"": 27, ""name"": ""resp.write"", ""args"": [ - Expecting value: line 1 column 70 (char 69)"
8513781.py,"{""type"": ""function_call"", ""line"": 12, ""name"": ""notify"", ""args"": [ - Expecting value: line 1 column 66 (char 65)"
8054226.py,"{""type"": ""variable"", ""line"": 32, ""name"": ""USB_BUFFER"", ""value"":  - Expecting value: line 1 column 65 (char 64)"
b82da1cb8f3afe5ccb643f87e2f853b0.py,"{""type"": ""variable"", ""line"": 14, ""name"": ""body"", ""value"": null, ""valueSrc"": ""response.body.replace.replace"", ""isInput"": false, ""args"": [ - Expecting value: line 1 column 137 (char 136)"
97814f57ac85af7128bf.py,"{""type"": ""variable"", ""line"": 35, ""name"": ""ordinal"", ""value"":  - Expecting value: line 1 column 62 (char 61)"
85d70bf53e207bab3775.py,"{""type"": ""variable"", ""line"": 29, ""name"": ""raw"", ""value"":  - Expecting value: line 1 column 58 (char 57)"
2665853.py,"{""type"": ""function_def"", ""line"": 15, ""name"": ""__init__"", ""args"": [""self"", ""string""], ""defaults"": [ - Expecting value: line 1 column 99 (char 98)"
6953749.py,"{""type"": ""function_def"", ""line"": 15, ""name"": ""__init__"", ""args"": [""self"", ""string""], ""defaults"": [ - Expecting value: line 1 column 99 (char 98)"
7285154.py,"{""type"": ""variable"", ""line"": 12, ""name"": ""m"", ""value"": null, ""valueSrc"": ""re.match"", ""isInput"": false, ""args"": [ - Expecting value: line 1 column 113 (char 112)"
35faae3e7f89f629a94e.py,"{""type"": ""list"", ""line"": 138, ""name"": ""cmd"", ""value"": null, ""valueSrc"": ""initialization"", ""isInput"": false, ""values"": [ - Expecting value: line 1 column 120 (char 119)"
64cf037c55c0d42196762c0ccacc7380.py,"{""type"": ""variable"", ""line"": 52, ""name"": ""SHELL_SCRIPT"", ""value"":  - Expecting value: line 1 column 67 (char 66)"
a1312d211c110ff3855d.py,"{""type"": ""function_call"", ""line"": 57, ""name"": ""self.tn.write"", ""args"": [ - Expecting value: line 1 column 73 (char 72)"
83a39d9328788372677a.py,"{""type"": ""function_call"", ""line"": 57, ""name"": ""self.tn.write"", ""args"": [ - Expecting value: line 1 column 73 (char 72)"
d6b88ff07100530e1521f0150004cf9e.py,"{""type"": ""variable"", ""line"": 17, ""name"": ""s"", ""value"": null, ""valueSrc"": ""s.ljust"", ""isInput"": false, ""args"": [""m"",  - Expecting value: line 1 column 117 (char 116)"
9667052.py,"{""type"": ""variable"", ""line"": 35, ""name"": ""padChar"", ""value"":  - Expecting value: line 1 column 62 (char 61)"
8f9980999ed43246b9b2.py,"{""type"": ""variable"", ""line"": 16, ""name"": ""MAGIC"", ""value"":  - Expecting value: line 1 column 60 (char 59)"
079b36898d39eeb1824977c6c2f6d51e.py,"{""type"": ""variable"", ""line"": 59, ""name"": ""original"", ""value"": null, ""valueSrc"": ""BytesIO"", ""isInput"": false, ""args"": [ - Expecting value: line 1 column 119 (char 118)"
59a413ae2ed4141d2037.py,"{""type"": ""variable"", ""line"": 12, ""name"": ""NEGATIVE_INFINITY"", ""value"":  - Expecting value: line 1 column 72 (char 71)"
7665915.py,"{""type"": ""comparison"", ""line"": 28, ""pairs"": [[""buf"",  - Expecting value: line 1 column 54 (char 53)"
e01710f5176cc97c9b5b.py,"{""type"": ""variable"", ""line"": 81, ""name"": ""ffprobe_output"", ""value"":  - Expecting value: line 1 column 69 (char 68)"
a412efaad8714fb6ed70.py,"{""type"": ""comparison"", ""line"": 48, ""pairs"": [[ - Expecting value: line 1 column 47 (char 46)"
2129ad95f7aeeb68d7df.py,"{""type"": ""function_call"", ""line"": 9, ""name"": ""stream.read_until"", ""args"": [ - Expecting value: line 1 column 76 (char 75)"
fe197b5578fc60457835abaef0c16bfd.py,"{""type"": ""variable"", ""line"": 17, ""name"": ""self.buffer"", ""value"":  - Expecting value: line 1 column 66 (char 65)"
b296b02e730cd4c469bf.py,"{""type"": ""variable"", ""line"": 78, ""name"": ""engine"", ""value"": null, ""valueSrc"": ""create_engine"", ""isInput"": false, ""args"": [ - Expecting value: line 1 column 123 (char 122)"
954e2ea06d2200487522.py,"{""type"": ""variable"", ""line"": 46, ""name"": ""page"", ""value"":  - Expecting value: line 1 column 59 (char 58)"
4565147.py,"{""type"": ""function_obj"", ""line"": 100, ""objName"": ""find_server"", ""funcName"": ""re.compile"", ""args"": [ - Expecting value: line 1 column 100 (char 99)"
d0bb1f94cda69a5e7c96d1742cc5adca.py,"{""type"": ""variable"", ""line"": 14, ""name"": ""body"", ""value"": null, ""valueSrc"": ""response.body.replace.replace"", ""isInput"": false, ""args"": [ - Expecting value: line 1 column 137 (char 136)"
34ffc56283273e1e904e8dc50491a7a6.py,"{""type"": ""comparison"", ""line"": 464, ""pairs"": [[""magic"",  - Expecting value: line 1 column 57 (char 56)"
ca26e97f1f7b4a41f3bd.py,"{""type"": ""variable"", ""line"": 57, ""name"": ""games"", ""value"":  - Expecting value: line 1 column 60 (char 59)"
5eaefdbf6107f5253d86.py,"{""type"": ""variable"", ""line"": 34, ""name"": ""o"", ""value"":  - Expecting value: line 1 column 56 (char 55)"
8e3913358a7996eab9b96bd57fc59df2.py,"{""type"": ""variable"", ""line"": 18, ""name"": ""reg"", ""value"":  - Expecting value: line 1 column 58 (char 57)"
258d544bbd1ba401232ae83a11bd8857.py,"{""type"": ""function_def"", ""line"": 9, ""name"": ""__init__"", ""args"": [""self"", ""infile"", ""outfile"", ""EI"", ""EJ"", ""P"", ""N"", ""F"", ""rless"", ""init_chr""], ""defaults"": [11, 4, 1, 0, 0, 0,  - Expecting value: line 1 column 176 (char 175)"
775697.py,"{""type"": ""function_def"", ""line"": 12, ""name"": ""bulk_action"", ""args"": [""request"", ""t""], ""defaults"": [], ""return"": ""render_to_response"", ""returnArgs"": [ - Expecting value: line 1 column 150 (char 149)"
3ff4278c609ce223ebb4fc300c5edd0f.py,"{""type"": ""variable"", ""line"": 23, ""name"": ""SFPWAContextRef"", ""value"": null, ""valueSrc"": ""objc.createOpaquePointerType"", ""isInput"": false, ""args"": [""SFPWAContextRef"",  - Expecting value: line 1 column 166 (char 165)"
631413ac7a4a4c645a94.py,"{""type"": ""variable"", ""line"": 8, ""name"": ""urlpatterns"", ""value"": null, ""valueSrc"": ""patterns"", ""isInput"": false, ""args"": ["""", ""url"",  - Expecting value: line 1 column 133 (char 132)"
fcd51ecae50f00c91e69.py,"{""type"": ""variable"", ""line"": 6, ""name"": ""X_batch"", ""value"":  - Expecting value: line 1 column 61 (char 60)"
ad91a3b4a0a6900fedef.py,"{""type"": ""function_call"", ""line"": 33, ""name"": ""self.imap.send"", ""args"": [ - Expecting value: line 1 column 74 (char 73)"
e2609c8f8f23c722b955c0499068a2ca.py,"{""type"": ""variable"", ""line"": 62, ""name"": ""filter_header"", ""value"":  - Expecting value: line 1 column 68 (char 67)"
27dcc624b639c2626137.py,"{""type"": ""list"", ""line"": 6, ""name"": ""MDATA_LIST"", ""value"": null, ""valueSrc"": ""initialization"", ""isInput"": false, ""values"": [ - Expecting value: line 1 column 125 (char 124)"
7312782.py,"{""type"": ""variable"", ""line"": 4, ""name"": ""total"", ""value"":  - Expecting value: line 1 column 59 (char 58)"
0c77ce6c2b84af70644d81802892c289.py,"{""type"": ""variable"", ""line"": 398, ""name"": ""buf"", ""value"":  - Expecting value: line 1 column 59 (char 58)"
7bf157202c17681d62667a006eb15abd.py,"{""type"": ""function_call"", ""line"": 112, ""name"": ""parts.append"", ""args"": [ - Expecting value: line 1 column 73 (char 72)"
6493234.py,"{""type"": ""variable"", ""line"": 6, ""name"": ""z"", ""value"":  - Expecting value: line 1 column 55 (char 54)"
6cb1dfbe8a124e1ca5af.py,"{""type"": ""comparison"", ""line"": 85, ""pairs"": [[""ch"",  - Expecting value: line 1 column 53 (char 52)"
3989337.py,"{""type"": ""variable"", ""line"": 110, ""name"": ""X"", ""value"":  - Expecting value: line 1 column 57 (char 56)"
9266862.py,"{""type"": ""function_call"", ""line"": 1, ""name"": ""uwsgi.websocket_handshake"", ""args"": [ - Expecting value: line 1 column 84 (char 83)"
a06477775f18c11b4517.py,"{""type"": ""function_def"", ""line"": 26, ""name"": ""puti"", ""args"": [""self"", ""i""], ""defaults"": [], ""return"": ""self.libc.printf"", ""returnArgs"": [ - Expecting value: line 1 column 138 (char 137)"
c510b82a6ad828c3c5d3.py,"{""type"": ""variable"", ""line"": 24, ""name"": ""hexstr"", ""value"":  - Expecting value: line 1 column 61 (char 60)"
0e7d366d2e3623c5bb95.py,"{""type"": ""variable"", ""line"": 6, ""name"": ""CMSDecoderRef"", ""value"": null, ""valueSrc"": ""objc.createOpaquePointerType"", ""isInput"": false, ""args"": [""CMSDecoderRef"",  - Expecting value: line 1 column 161 (char 160)"
1b42a20c8f3eb9bb7cb8.py,"{""type"": ""variable"", ""line"": 168, ""name"": ""message"", ""value"": null, ""valueSrc"": ""self.trUtf8"", ""isInput"": false, ""args"": [ - Expecting value: line 1 column 123 (char 122)"
30eda05ca36ee9f9f190067538b0ae04.py,"{""type"": ""variable"", ""line"": 23, ""name"": ""watch_dir"", ""value"":  - Expecting value: line 1 column 64 (char 63)"
2f539ab54321578872934bc48c02cc93.py,"{""type"": ""variable"", ""line"": 13, ""name"": ""WAIT_FOR_HEADER"", ""value"":  - Expecting value: line 1 column 70 (char 69)"
5895501.py,"{""type"": ""variable"", ""line"": 23, ""name"": ""relatives"", ""value"":  - Expecting value: line 1 column 64 (char 63)"
f940f98fbbac84d35e8d.py,"{""type"": ""variable"", ""line"": 23, ""name"": ""relatives"", ""value"":  - Expecting value: line 1 column 64 (char 63)"
1544273.py,"{""type"": ""variable"", ""line"": 23, ""name"": ""relatives"", ""value"":  - Expecting value: line 1 column 64 (char 63)"
2bc82e704f810b4b96dda4188646256b.py,"{""type"": ""variable"", ""line"": 38, ""name"": ""optifine_downloadx_re"", ""value"": null, ""valueSrc"": ""re.compile"", ""isInput"": false, ""args"": [ - Expecting value: line 1 column 135 (char 134)"
e8a82f71c13ae54f886fbf94f0606073.py,"{""type"": ""variable"", ""line"": 16, ""name"": ""crc"", ""value"":  - Expecting value: line 1 column 58 (char 57)"
e47bff34b68adb3cf6bd4845c4bed448.py,"{""type"": ""function_call"", ""line"": 137, ""name"": ""remote.write"", ""args"": [ - Expecting value: line 1 column 73 (char 72)"
77b478f35f93f64ac640.py,"{""type"": ""variable"", ""line"": 23, ""name"": ""WLM_2008_ID"", ""value"":  - Expecting value: line 1 column 66 (char 65)"
7bd4e4bd0a00ac9076986148afc06507.py,"{""type"": ""function_call"", ""line"": 27, ""name"": ""file_metadata.write"", ""args"": [ - Expecting value: line 1 column 79 (char 78)"
5944478.py,"{""type"": ""function_call"", ""line"": 33, ""name"": ""self.write"", ""args"": [ - Expecting value: line 1 column 70 (char 69)"
