15-minute-apps-master,8
2019_Python_Web_Dev-master,3
Amazon-Flipkart-Price-Comparison-Engine-master,6
AmazonDjangoShop-master,1
AndroidGCMTutorial-master,56
ArchiveBot-master,36
AsyncAWS-master,5
Automatic_tagging_of_clothing_in_E-Commerce-master,1
Big-Basket-Delivery-Slots-master,3
BillCipher-master,53
BizzMe-master,5
Building-RESTful-Python-Web-Services-master,57
Building-Serverless-Python-Web-Services-with-Zappa-master,11
Bus-Reservation-System-master,863
CCXTSharp-master,2
Cactus_Refactored-master,13
Catsup-master,7
Comparative-Analysis-Review-System-master,3
Django-E-Commerce-master,520
Django-Ecommerce-master,8
Django-eCommerce-tutorial-manascode-master,1
Dynatrace-hybris-eCommerce-Fastpack-master,3
E-Commerce-API-Python-master,981
E-Commerce-Condiments-shop-master,13
E-Commerce-Website-master,1045
E-commerce-Site-Created-Using-Django-1.11.1-master,4
E-commerce-Website-CS50--master,1
Ecommerce-Product-price-monitoring-tool-using-Data-Analytics-Web-scraping-master,2
Eel-master,5
Emotion-Analysis-master,3
Flask-Building-Python-Web-Services-master,65
Flask-MonitoringDashboard-master,4
Flask-Scaffold-master,30
FlaskApiEcommerce-master,17
FreeDiscovery-master,20
Frobshop-master,1
GarminPlotter-master,3
GeoHealthCheck-master,26
GithubSpeedUp-master,1
HanTTS-master,2
Hands-On-RESTful-Python-Web-Services-Second-Edition-master,44
HawkScan-master,61
Instagram-Crawler-master,2
J-Kart-master,5
Juxtaposition-Generator-master,2
Kart-master,13
KeenClient-Python-master,10
KindleEar-master,213
Lexos-master,40
LinkedRW-master,13
Look4Face-master,6
MachineLearning-DeepLearning-NLP-LeetCode-StatisticalLearningMethod-TensorFlow-master,8
MechanicalSoup-master,8
MicroSite-master,10
Mini-E-commerce-webapp-dummy--master,1
MyAwesomeCart-master,1
Nuitka-develop,840
OWSLib-master,39
Product-Info-Crawler-master,1
PureBlog-master,7
PyDSWS-master,3
PyExPool-master,22
PyFlask_2k18-master,4
Python-Django-Complete-Real-Estate-Website-master,973
Rakathon-master,6
Redfin-master,1
Rest-Shop-master,4
RoboBull-master,2
SFECommerce-master,13
ShopCrawler-master,22
Tor2web-master,17
Tor_Spider-master,2
Try-Django-1.11-master,4
UdemyCourseGrabber-master,3
Variable-Delivery-Cost-Finder-master,4
Web-Scraping-master,2
Web-Scrapping-E-commerce-websites-master,1
Web2Executable-master,21
Webshell-Sniper-master,6
Wooey-master,20
ZeroNet-py3,105
addons-server-master,122
amazon-reviews-analysis-master,3
app-service-web-python-get-started-master,4
appdaemon-dev,71
appengine-flask-skeleton-master,142
appier-master,21
archweb-master,18
asyncmicroservices-master,3
atheme-web-master,2
augur-master,47
awis-master,1
aws-serverless-shopping-cart-master,1
aws_py-master,36
bballfast-master,4
beg-django-e-commerce-master,15
bioservices-master,101
bitcurator-access-webtools-master,4
blogofile-plugins,29
boto-develop,148
braspag-master,5
brother_ql_web-master,4
buyandsell-master,1
calllog211-master,99
cartoonify-master,20
cassiopeia-master,86
ccxt-master,566
certidude-master,42
certsrv-master,1
chapullmarket-master,2
chipy.org-master,7
city-scrapers-main,9
cntk-python-web-service-on-azure-master,39
cookiecutter-django-shop-master,7
cp-barebone-movie-app-final-master,1
create-aio-app-master,1
crypto-whale-watching-app-master,5
d6tflow-master,2
dark-fantasy-hack-tool-master,3
datastore-ndb-python-master,27
dev-dash-dev-dash,4
django-admin-bootstrapped-master,3
django-auditlog-master,7
django-avatar-master,2
django-basic-apps-master,4
django-calaccess-raw-data-master,6
django-changuito-master,3
django-chartit-master,4
django-cors-headers-master,1
django-crispy-forms-master,8
django-cron-master,4
django-dtg-store-manager-master,5
django-ecommerce-wagtail-master,3
django-form-designer-master,3
django-friendship-master,1
django-hvad-master,23
django-jquery-file-upload-master,2
django-machina-master,12
django-notifications-master,1
django-oscar-demo-master,4
django-oscar-master,51
django-post_office-master,6
django-react-ecommerce-master,2
django-recaptcha-develop-master,1
django-rest-auth-master,8
django-rq-master,7
django-salesman-master,5
django-schedule-master,5
django-scheduler-develop,4
django-simple-shop-master,8
django-stockroom-master,5
django-tables2-master,15
django-tastypie-master,12
django-tutorial-v2-master,2
djangocon_2015_talk-master,2
djangogirls-master,21
djangopackages-master,14
doorstep-master,13
dpt-rp1-py-master,3
e-commerce-2_django-master,13
e-commerce-web-scraper-master,4
eCommerce-Database-main,268
ebook-viewer-master,6
ecommerce-master,47
ecommerce_api-master,20
ecommerce_website_development-master,2
elimage-master,2
ella-master,14
enlighten-master,14
esky-master,26
eventbrite-master,2228
evohome-client-master,5
exchangelib-master,32
eyeD3-master,16
ezpadova-master,6
face_merge_master-master,3
face_recognition-master,4
falcon-master,23
fapws2-master,2
featureserver-master,48
flask-app-blueprint-master,4
flask-website-master,2
fosswebsite-master,7
gae-secure-scaffold-python3-master,1
google-maps-services-python-master,1
grabfeed-master,1
hendrix-master,12
hyde-master,27
hydroshare-develop,470
ibptws-master,2
idempierewsc-python-master,2
inscriptis-master,2
ipython-master,227
is_wordpress-master,1
ivy-master,10
joeahand-master,3
jquery.pyproxy-master,3
k8s-tutorial-python-master,1
key-presser-via-python-server-master,1
lbry-sdk-master,130
ldapcherry-master,13
learn_python3_spider-master,733
librato-python-web-master,7
loggers-master,6
m.css-master,105
major-scrapy-spiders-master,1
mep-django-master,24
merchant-master,20
microblog-master,6
mindboggle-master,16
minimal-django-file-upload-example-master,6
mollyproject-master,50
moodle_api.py-master,2
morvanzhou.github.io-master,2
movie-center-master,2
moviegeek-master,16
mtmonkey-master,1
news-fetch-master,1
nikola-master,53
nsepy-master,2
nycpython.com-master,1
onlineShop-master,1
opensale-master,36
openscoring-python-master,2
oscar-wagtail-demo-master,6
pacu-master,13
panel-master,29
pbtk-master,6
pdf-miner-master,3
pepy-master,3
personfinder-master,38
pets-master,2
picoweb-master,11
pinax-stripe-master,3
practNLPTools-lite-master,6
prestapyt-master,1
price-of-chair-new-master,59
project-dream-team-three-master,1
project-dream-team-two-master,1
prosopopee-master,2
pulumi-aws-master,12
py-gsxws-master,6
pySphere-master,39
pyacoustid-master,2
pyaiot-master,6
pyanalytics-master,2
pycsw-master,20
pycv-master,5
pyredminews-master,4
pyspider-master,58
pyspread-master,47
python-allrecipes-master,2
python-amazon-mws-develop,6
python-atws-master,14
python-bulk-email-verifier-master,2
python-devicecloud-master,2
python-for-entrepreneurs-course-demos-master,1
python-ftr-master,4
python-master,10
python-media-crawler-master,31
python-plantuml-master,2
python-selenium-scrap-bs4-master,3
python-tbk-master,6
python-verisure-master,15
python-zhmcclient-master,134
python_webservices_library-master,3
pythoncommerce-master,2
pytrth-master,2
pywebcopy-master,27
pywebdriver-master,3
pywebsitechanges-master,2
pywps-master,8
rasa-site-bot-master,5
rdio-python-master,1
reconspider-master,24
redis-hashring-master,1
renrenPhotosBackup-master,4
requests-racer-master,6
rest_gae-master,1
restfull-web-service-python-tornado-master,2
robostrippy-master,1
sNeeds-master,58
saleor-custom-master,56
saleor-master,43
santricity-webapi-pythonsdk-master,1114
sci-wms-master,19
scrapenhl2-master,24
security-growler-master,12
shadowreader-master,8
shopify_django_app-master,1
shuup-master,196
simple_ecommerce-master,1
simpleauth-master,1
site-master,2
slickr-master,1
social-commerce-project-master,4
soul-manga-master,5
speed-camera-master,6
suds-master,17
swish-python-master,1
terminal-leetcode-master,38
thefuck-master,23
toopher-python-master,6
tornado-aws-master,1
twitter-for-bigquery-master,99
us-sales-tax-rates-master,1
video-service-flask-master,4
vidscraper-develop,20
vision-web-service-master,5
wagtail-snipcart-master,3
wagtail-torchbox-master,11
wappalyzer-python-master,3
waterbutler-develop,30
watson-framework-master,1
weatherlink-python-master,4
webkiller-master,11
websauna-master,58
webservice-py-master,5
websockify-master,6
weiquncrawler-master,59
weshop-master,2
white-master,29
whitenoise-master,8
wishlists-master,27
wtfpython-web-master,1
zester-master,1
zinc-python-master,2
