reconspider-masterupdater.py,"{'type': 'function_call', 'line': 39, 'name': 'os.system', 'args': ['git clone --quiet https://github.com/bhavsec/reconspider %s', 'currentPath'], 'keywords': [], 'hasInputs': False}"
reconspider-masterupdater.py,"{'type': 'function_call', 'line': 40, 'name': 'os.system', 'args': ['cp -r %s/%s/* %s && rm -r %s/%s/ 2>/dev/null', 'path', 'currentPath', 'path', 'path', 'currentPath'], 'keywords': [], 'hasInputs': False}"
pyspider-masterrun.py,"{'type': 'variable', 'line': 432, 'name': '_phantomjs', 'value': None, 'valueSrc': 'subprocess.Popen', 'isInput': False, 'args': ['list']}"
pyspider-masterrun.py,"{'type': 'variable', 'line': 455, 'name': '_phantomjs', 'value': None, 'valueSrc': 'subprocess.Popen', 'isInput': False, 'args': ['list']}"
pyspider-masterrun.py,"{'type': 'variable', 'line': 475, 'name': '_puppeteer', 'value': None, 'valueSrc': 'subprocess.Popen', 'isInput': False, 'args': [['node', 'puppeteer_fetcher', 'str']]}"
pyspider-masterrun.py,"{'type': 'variable', 'line': 498, 'name': '_puppeteer', 'value': None, 'valueSrc': 'subprocess.Popen', 'isInput': False, 'args': [['node', 'puppeteer_fetcher', 'str']]}"
E-Commerce-Website-masterversion.py,"{'type': 'variable', 'line': 80, 'name': 'git_log', 'value': None, 'valueSrc': 'subprocess.Popen', 'isInput': False, 'args': ['git log --pretty=format:%ct --quiet -1 HEAD'], 'funcKeywords': [['universal_newlines', True]]}"
E-Commerce-Website-masterImageShow.py,"{'type': 'function_call', 'line': 101, 'name': 'os.system', 'args': ['self.get_command', 'file'], 'keywords': [], 'hasInputs': False}"
E-Commerce-Website-masterImageShow.py,"{'type': 'function_call', 'line': 139, 'name': 'subprocess.Popen', 'args': ['im=$(cat);open -a /Applications/Preview.app $im;sleep 20;rm -f $im'], 'keywords': [['shell', True], ['stdin', None]], 'hasInputs': False}"
E-Commerce-Website-masterImageShow.py,"{'type': 'function_call', 'line': 179, 'name': 'subprocess.Popen', 'args': ['im=$(cat);', 'self.get_command_ex', ' $im;rm -f $im'], 'keywords': [['shell', True], ['stdin', None]], 'hasInputs': False}"
E-Commerce-Website-mastermisc.py,"{'type': 'variable', 'line': 713, 'name': 'proc', 'value': None, 'valueSrc': 'subprocess.Popen', 'isInput': False, 'args': ['cmd'], 'funcKeywords': [['env', 'env']]}"
E-Commerce-Website-masterindex.py,"{'type': 'variable', 'line': 200, 'name': 'p', 'value': None, 'valueSrc': 'subprocess.Popen', 'isInput': False, 'args': [['self.gpg', '--status-fd', '2', '--no-tty']], 'funcKeywords': []}"
E-Commerce-Website-masterutil.py,"{'type': 'variable', 'line': 1737, 'name': 'p', 'value': None, 'valueSrc': 'subprocess.Popen', 'isInput': False, 'args': ['cmd'], 'funcKeywords': []}"
E-Commerce-Website-master_cmd.py,"{'type': 'variable', 'line': 31, 'name': 'parser', 'value': None, 'valueSrc': 'ArgumentParser', 'isInput': False, 'args': []}"
E-Commerce-Website-mastermisc.py,"{'type': 'variable', 'line': 713, 'name': 'proc', 'value': None, 'valueSrc': 'subprocess.Popen', 'isInput': False, 'args': ['cmd'], 'funcKeywords': [['env', 'env']]}"
E-Commerce-Website-masterindex.py,"{'type': 'variable', 'line': 200, 'name': 'p', 'value': None, 'valueSrc': 'subprocess.Popen', 'isInput': False, 'args': [['self.gpg', '--status-fd', '2', '--no-tty']], 'funcKeywords': []}"
E-Commerce-Website-masterutil.py,"{'type': 'variable', 'line': 1737, 'name': 'p', 'value': None, 'valueSrc': 'subprocess.Popen', 'isInput': False, 'args': ['cmd'], 'funcKeywords': []}"
E-Commerce-Website-master_cmd.py,"{'type': 'variable', 'line': 31, 'name': 'parser', 'value': None, 'valueSrc': 'ArgumentParser', 'isInput': False, 'args': []}"
E-Commerce-Website-masterpackage_index.py,"{'type': 'function_call', 'line': 870, 'name': 'os.system', 'args': ['svn checkout%s -q %s %s', ' --username=auth', 'url', 'filename'], 'keywords': [], 'hasInputs': False}"
E-Commerce-Website-masterpackage_index.py,"{'type': 'function_call', 'line': 896, 'name': 'os.system', 'args': ['git clone --quiet %s %s', 'url', 'filename.split'], 'keywords': [], 'hasInputs': False}"
E-Commerce-Website-masterpackage_index.py,"{'type': 'function_call', 'line': 900, 'name': 'os.system', 'args': ['(cd %s && git checkout --quiet %s)', 'filename.split', 'rev'], 'keywords': [], 'hasInputs': False}"
E-Commerce-Website-masterpackage_index.py,"{'type': 'function_call', 'line': 912, 'name': 'os.system', 'args': ['hg clone --quiet %s %s', 'url', 'filename.split'], 'keywords': [], 'hasInputs': False}"
E-Commerce-Website-masterpackage_index.py,"{'type': 'function_call', 'line': 916, 'name': 'os.system', 'args': ['(cd %s && hg up -C -r %s -q)', 'filename.split', 'rev'], 'keywords': [], 'hasInputs': False}"
HawkScan-masterhawkscan.py,"{'type': 'function_call', 'line': 191, 'name': 'os.system', 'args': ['git pull origin master > /dev/null 2>&1 > git_status.txt'], 'keywords': [], 'hasInputs': False}"
HawkScan-masterhawkscan.py,"{'type': 'function_call', 'line': 198, 'name': 'os.system', 'args': ['cd ../ && rm -rf HawkScan && git clone https://github.com/c0dejump/HawkScan.git'], 'keywords': [], 'hasInputs': False}"
HawkScan-masterhawkscan.py,"{'type': 'function_call', 'line': 201, 'name': 'os.system', 'args': ['rm -rf git_status.txt'], 'keywords': [], 'hasInputs': False}"
HawkScan-masterhawkscan.py,"{'type': 'function_call', 'line': 307, 'name': 'os.system', 'args': ['wafw00f {} > {}/waf.txt.format', 'url', 'directory'], 'keywords': [], 'hasInputs': False}"
HawkScan-masterhawkscan.py,"{'type': 'function_call', 'line': 579, 'name': 'os.system', 'args': ['rm {}.format', 'directory/errors.txt'], 'keywords': [], 'hasInputs': False}"
HawkScan-mastersetup.py,"{'type': 'function_call', 'line': 8, 'name': 'os.system', 'args': ['sudo pip install requests pyopenssl pprint queuelib fake_useragent python-whois argparse bs4 dnspython wafw00f python-whois sockets dryscrape'], 'keywords': [], 'hasInputs': False}"
HawkScan-mastersetup.py,"{'type': 'function_call', 'line': 11, 'name': 'os.system', 'args': ['sudo pip3 install requests pyopenssl pprint queuelib fake_useragent python-whois argparse bs4 dnspython wafw00f python-whois sockets dryscrape'], 'keywords': [], 'hasInputs': False}"
HawkScan-mastersetup.py,"{'type': 'function_call', 'line': 14, 'name': 'os.system', 'args': ['sudo pip install requests pyopenssl pprint queuelib fake_useragent python-whois argparse bs4 dnspython wafw00f python-whois sockets'], 'keywords': [], 'hasInputs': False}"
HawkScan-mastersetup.py,"{'type': 'function_call', 'line': 17, 'name': 'os.system', 'args': ['sudo pip3 install requests pyopenssl pprint queuelib fake_useragent python-whois argparse bs4 dnspython wafw00f python-whois sockets'], 'keywords': [], 'hasInputs': False}"
HawkScan-mastermini_scans.py,"{'type': 'function_call', 'line': 158, 'name': 'os.system', 'args': ['python tools/waybacktool/waybacktool.py pull --host {} | python tools/waybacktool/waybacktool.py check > {}/wayback.txt.format', 'url', 'directory'], 'keywords': [], 'hasInputs': False}"
doorstep-masterversion.py,"{'type': 'variable', 'line': 48, 'name': 'git_log', 'value': None, 'valueSrc': 'subprocess.Popen', 'isInput': False, 'args': ['git log --pretty=format:%ct --quiet -1 HEAD'], 'funcKeywords': [['universal_newlines', True]]}"
hydroshare-developtasks.py,"{'type': 'function_call', 'line': 117, 'name': 'os.system', 'args': ['fusermount -uz {local_name}.format'], 'keywords': [], 'hasInputs': False}"
hydroshare-developicommands.py,"{'type': 'variable', 'line': 172, 'name': 'proc', 'value': None, 'valueSrc': 'subprocess.Popen', 'isInput': False, 'args': [['cmdStr']], 'funcKeywords': [['env', 'myenv']]}"
hydroshare-developicommands.py,"{'type': 'variable', 'line': 200, 'name': 'proc', 'value': None, 'valueSrc': 'subprocess.Popen', 'isInput': False, 'args': [['cmdStr']], 'funcKeywords': [['env', 'myenv']]}"
hydroshare-developicommands.py,"{'type': 'variable', 'line': 244, 'name': 'proc', 'value': None, 'valueSrc': 'subprocess.Popen', 'isInput': False, 'args': [['cmdStr']], 'funcKeywords': [['env', 'myenv']]}"
hydroshare-developnc_dump.py,"{'type': 'variable', 'line': 65, 'name': 'process', 'value': None, 'valueSrc': 'subprocess.Popen', 'isInput': False, 'args': ['ncdump', '-h', 'nc_file_name'], 'funcKeywords': [['encoding', 'UTF-8']]}"
Tor_Spider-mastermain.py,"{'type': 'function_call', 'line': 17, 'name': 'os.system', 'args': ['delete'], 'keywords': [], 'hasInputs': False}"
Tor_Spider-masterTorScrapper.py,"{'type': 'function_call', 'line': 10, 'name': 'os.system', 'args': ['execute'], 'keywords': [], 'hasInputs': False}"
addons-server-masterwatcher.py,"{'type': 'function_call', 'line': 49, 'name': 'os.system', 'args': ['command'], 'keywords': [], 'hasInputs': False}"
addons-server-masterjingo_minify_helpers.py,"{'type': 'function_call', 'line': 140, 'name': 'subprocess.Popen', 'args': ['settings.LESS_BIN', 'path_src'], 'keywords': [['stdout', None]], 'hasInputs': False}"
addons-server-mastertasks.py,"{'type': 'variable', 'line': 454, 'name': 'process', 'value': None, 'valueSrc': 'subprocess.Popen', 'isInput': False, 'args': [['settings.ADDONS_LINTER_BIN', 'path', '--boring', '--output=json']], 'funcKeywords': [['shell', False]]}"
addons-server-masterutils.py,"{'type': 'variable', 'line': 611, 'name': 'process', 'value': None, 'valueSrc': 'subprocess.Popen', 'isInput': False, 'args': [['settings.PNGCRUSH_BIN', '-q', '-reduce', '-ow', 'src', 'tmp_path']], 'funcKeywords': [['stderr', None]]}"
addons-server-mastercompress_assets.py,"{'type': 'variable', 'line': 18, 'name': 'process', 'value': None, 'valueSrc': 'subprocess.Popen', 'isInput': False, 'args': ['command'], 'funcKeywords': [['universal_newlines', True]]}"
Wooey-mastertasks.py,"{'type': 'variable', 'line': 136, 'name': 'proc', 'value': None, 'valueSrc': 'subprocess.Popen', 'isInput': False, 'args': ['command'], 'funcKeywords': [['bufsize', 0]]}"
Wooey-mastercommand_line.py,"{'type': 'variable', 'line': 47, 'name': 'parser', 'value': None, 'valueSrc': 'ArgumentParser', 'isInput': False, 'args': [], 'funcKeywords': [['description', 'Create a Django project with a Wooey app included.']]}"
nikola-masterbasic_import.py,"{'type': 'function_call', 'line': 95, 'name': 'os.system', 'args': ['nikola init -q '], 'keywords': [], 'hasInputs': False}"
nikola-masterimport_po.py,"{'type': 'function_call', 'line': 12, 'name': 'os.system', 'args': ['tx pull -a'], 'keywords': [], 'hasInputs': False}"
white-masterserver.py,"{'type': 'variable', 'line': 33, 'name': 'parser', 'value': None, 'valueSrc': 'ArgumentParser', 'isInput': False, 'args': [], 'funcKeywords': [['usage', 'whited [options]']]}"
librato-python-web-masterlaunch.py,"{'type': 'variable', 'line': 88, 'name': None, 'value': None, 'valueSrc': 'subprocess.Popen', 'isInput': False, 'args': ['args']}"
websockify-masterwebsocketproxy.py,"{'type': 'variable', 'line': 327, 'name': None, 'value': None, 'valueSrc': 'subprocess.Popen', 'isInput': False, 'args': ['self.wrap_cmd'], 'funcKeywords': [['preexec_fn', '_subprocess_setup']]}"
pywebcopy-mastersetup.py,"{'type': 'function_call', 'line': 66, 'name': 'os.system', 'args': ['{0} setup.py sdist bdist_wheel --universal.format', 'sys.executable'], 'keywords': [], 'hasInputs': False}"
pywebcopy-mastersetup.py,"{'type': 'function_call', 'line': 69, 'name': 'os.system', 'args': ['twine upload dist/*'], 'keywords': [], 'hasInputs': False}"
pywebcopy-mastersetup.py,"{'type': 'function_call', 'line': 72, 'name': 'os.system', 'args': ['git init'], 'keywords': [], 'hasInputs': False}"
pywebcopy-mastersetup.py,"{'type': 'function_call', 'line': 73, 'name': 'os.system', 'args': ['git add .'], 'keywords': [], 'hasInputs': False}"
pywebcopy-mastersetup.py,"{'type': 'function_call', 'line': 76, 'name': 'os.system', 'args': ['git push origin master'], 'keywords': [], 'hasInputs': False}"
pywebcopy-mastersetup.py,"{'type': 'function_call', 'line': 79, 'name': 'os.system', 'args': ['git tag v{0}.format', 'VERSION'], 'keywords': [], 'hasInputs': False}"
pywebcopy-mastersetup.py,"{'type': 'function_call', 'line': 80, 'name': 'os.system', 'args': ['git push origin --tags'], 'keywords': [], 'hasInputs': False}"
pywebcopy-master__main__.py,"{'type': 'function_call', 'line': 62, 'name': 'os.system', 'args': ['{0} -m unittest {1}.format', 'sys.executable', 'self.__tests__'], 'keywords': [], 'hasInputs': False}"
Python-Django-Complete-Real-Estate-Website-mastermisc.py,"{'type': 'variable', 'line': 650, 'name': 'proc', 'value': None, 'valueSrc': 'subprocess.Popen', 'isInput': False, 'args': ['cmd'], 'funcKeywords': [['env', 'env']]}"
Python-Django-Complete-Real-Estate-Website-masterindex.py,"{'type': 'variable', 'line': 200, 'name': 'p', 'value': None, 'valueSrc': 'subprocess.Popen', 'isInput': False, 'args': [['self.gpg', '--status-fd', '2', '--no-tty']], 'funcKeywords': []}"
Python-Django-Complete-Real-Estate-Website-masterutil.py,"{'type': 'variable', 'line': 1736, 'name': 'p', 'value': None, 'valueSrc': 'subprocess.Popen', 'isInput': False, 'args': ['cmd'], 'funcKeywords': []}"
Python-Django-Complete-Real-Estate-Website-master_cmd.py,"{'type': 'variable', 'line': 34, 'name': 'parser', 'value': None, 'valueSrc': 'ArgumentParser', 'isInput': False, 'args': []}"
Python-Django-Complete-Real-Estate-Website-masterutils.py,"{'type': 'variable', 'line': 228, 'name': 'proc', 'value': None, 'valueSrc': 'subprocess.Popen', 'isInput': False, 'args': ['pt-fingerprint'], 'funcKeywords': [['close_fds', True]]}"
Python-Django-Complete-Real-Estate-Website-masterquery.py,"{'type': 'variable', 'line': 642, 'name': 'mysql', 'value': None, 'valueSrc': 'subprocess.Popen', 'isInput': False, 'args': ['settings_to_cmd_args'], 'funcKeywords': [['stdout', None]]}"
Python-Django-Complete-Real-Estate-Website-masterquery.py,"{'type': 'variable', 'line': 643, 'name': 'visual_explain', 'value': None, 'valueSrc': 'subprocess.Popen', 'isInput': False, 'args': ['pt-visual-explain', '-'], 'funcKeywords': [['stdout', None]]}"
Python-Django-Complete-Real-Estate-Website-mastercreation.py,"{'type': 'variable', 'line': 64, 'name': 'dump_proc', 'value': None, 'valueSrc': 'subprocess.Popen', 'isInput': False, 'args': ['self.connection.settings_dict'], 'funcKeywords': [['stdout', None]]}"
Python-Django-Complete-Real-Estate-Website-mastercreation.py,"{'type': 'variable', 'line': 65, 'name': 'load_proc', 'value': None, 'valueSrc': 'subprocess.Popen', 'isInput': False, 'args': ['self.get_test_db_clone_settings'], 'funcKeywords': [['stdout', None]]}"
Python-Django-Complete-Real-Estate-Website-masterversion.py,"{'type': 'variable', 'line': 80, 'name': 'git_log', 'value': None, 'valueSrc': 'subprocess.Popen', 'isInput': False, 'args': ['git log --pretty=format:%ct --quiet -1 HEAD'], 'funcKeywords': [['universal_newlines', True]]}"
Python-Django-Complete-Real-Estate-Website-masterpackage_index.py,"{'type': 'function_call', 'line': 867, 'name': 'os.system', 'args': ['svn checkout%s -q %s %s', ' --username=auth', 'url', 'filename'], 'keywords': [], 'hasInputs': False}"
Python-Django-Complete-Real-Estate-Website-masterpackage_index.py,"{'type': 'function_call', 'line': 893, 'name': 'os.system', 'args': ['git clone --quiet %s %s', 'url', 'filename.split'], 'keywords': [], 'hasInputs': False}"
Python-Django-Complete-Real-Estate-Website-masterpackage_index.py,"{'type': 'function_call', 'line': 897, 'name': 'os.system', 'args': ['(cd %s && git checkout --quiet %s)', 'filename.split', 'rev'], 'keywords': [], 'hasInputs': False}"
Python-Django-Complete-Real-Estate-Website-masterpackage_index.py,"{'type': 'function_call', 'line': 909, 'name': 'os.system', 'args': ['hg clone --quiet %s %s', 'url', 'filename.split'], 'keywords': [], 'hasInputs': False}"
Python-Django-Complete-Real-Estate-Website-masterpackage_index.py,"{'type': 'function_call', 'line': 913, 'name': 'os.system', 'args': ['(cd %s && hg up -C -r %s -q)', 'filename.split', 'rev'], 'keywords': [], 'hasInputs': False}"
Python-Django-Complete-Real-Estate-Website-masterImageShow.py,"{'type': 'function_call', 'line': 99, 'name': 'os.system', 'args': ['self.get_command', 'file'], 'keywords': [], 'hasInputs': False}"
Python-Django-Complete-Real-Estate-Website-masterImageShow.py,"{'type': 'function_call', 'line': 155, 'name': 'os.system', 'args': ['(%s %s; rm -f %s)&open -a /Applications/Preview.appquotequote'], 'keywords': [], 'hasInputs': False}"
lbry-sdk-mastercli.py,"{'type': 'variable', 'line': 170, 'name': 'root', 'value': None, 'valueSrc': 'ArgumentParser', 'isInput': False, 'args': ['lbrynet'], 'funcKeywords': [['allow_abbrev', False]]}"
lbry-sdk-masterfind_max_server_load.py,"{'type': 'variable', 'line': 103, 'name': 'parser', 'value': None, 'valueSrc': 'ArgumentParser', 'isInput': False, 'args': []}"
mindboggle-masterconf.py,"{'type': 'function_call', 'line': 25, 'name': 'os.system', 'args': ['bash api_build.sh'], 'keywords': [], 'hasInputs': False}"
webkiller-masterwebkiller.py,"{'type': 'function_call', 'line': 14, 'name': 'os.system', 'args': ['clear'], 'keywords': [], 'hasInputs': False}"
webkiller-masterwebkiller.py,"{'type': 'function_call', 'line': 24, 'name': 'os.system', 'args': ['clear'], 'keywords': [], 'hasInputs': False}"
webkiller-masterwebkiller.py,"{'type': 'function_call', 'line': 35, 'name': 'os.system', 'args': ['clear'], 'keywords': [], 'hasInputs': False}"
webkiller-masterwebkiller.py,"{'type': 'function_call', 'line': 46, 'name': 'os.system', 'args': ['clear'], 'keywords': [], 'hasInputs': False}"
webkiller-masterhelpp.py,"{'type': 'function_call', 'line': 7, 'name': 'os.system', 'args': ['clear'], 'keywords': [], 'hasInputs': False}"
Bus-Reservation-System-masterpilprint.py,"{'type': 'variable', 'line': 81, 'name': 'p', 'value': None, 'valueSrc': 'subprocess.Popen', 'isInput': False, 'args': [['lpr', '-P%s', 'a']], 'funcKeywords': [['stdin', None]]}"
Bus-Reservation-System-masteros.py,"{'type': 'variable', 'line': 940, 'name': 'proc', 'value': None, 'valueSrc': 'subprocess.Popen', 'isInput': False, 'args': ['cmd'], 'funcKeywords': [['bufsize', 'buffering']]}"
Bus-Reservation-System-masteros.py,"{'type': 'variable', 'line': 946, 'name': 'proc', 'value': None, 'valueSrc': 'subprocess.Popen', 'isInput': False, 'args': ['cmd'], 'funcKeywords': [['bufsize', 'buffering']]}"
Bus-Reservation-System-master__init__.py,"{'type': 'variable', 'line': 676, 'name': 'proc', 'value': None, 'valueSrc': 'subprocess.Popen', 'isInput': False, 'args': ['cmd'], 'funcKeywords': [['env', 'env']]}"
Bus-Reservation-System-masterindex.py,"{'type': 'variable', 'line': 199, 'name': 'p', 'value': None, 'valueSrc': 'subprocess.Popen', 'isInput': False, 'args': [['self.gpg', '--status-fd', '2', '--no-tty']], 'funcKeywords': []}"
Bus-Reservation-System-masterutil.py,"{'type': 'variable', 'line': 1580, 'name': 'p', 'value': None, 'valueSrc': 'subprocess.Popen', 'isInput': False, 'args': ['cmd'], 'funcKeywords': []}"
Bus-Reservation-System-master_cmd.py,"{'type': 'variable', 'line': 34, 'name': 'parser', 'value': None, 'valueSrc': 'ArgumentParser', 'isInput': False, 'args': []}"
Bus-Reservation-System-mastercreation.py,"{'type': 'variable', 'line': 48, 'name': 'dump_proc', 'value': None, 'valueSrc': 'subprocess.Popen', 'isInput': False, 'args': ['self.connection.settings_dict'], 'funcKeywords': [['stdout', None]]}"
Bus-Reservation-System-mastercreation.py,"{'type': 'variable', 'line': 49, 'name': 'load_proc', 'value': None, 'valueSrc': 'subprocess.Popen', 'isInput': False, 'args': ['self.get_test_db_clone_settings'], 'funcKeywords': [['stdout', None]]}"
Bus-Reservation-System-masterversion.py,"{'type': 'variable', 'line': 71, 'name': 'git_log', 'value': None, 'valueSrc': 'subprocess.Popen', 'isInput': False, 'args': ['git log --pretty=format:%ct --quiet -1 HEAD'], 'funcKeywords': [['universal_newlines', True]]}"
Bus-Reservation-System-masterwininst2wheel.py,"{'type': 'variable', 'line': 172, 'name': 'parser', 'value': None, 'valueSrc': 'ArgumentParser', 'isInput': False, 'args': []}"
Bus-Reservation-System-masteregg2wheel.py,"{'type': 'variable', 'line': 58, 'name': 'parser', 'value': None, 'valueSrc': 'ArgumentParser', 'isInput': False, 'args': []}"
Bus-Reservation-System-masterpackage_index.py,"{'type': 'function_call', 'line': 817, 'name': 'os.system', 'args': ['svn checkout%s -q %s %s', ' --username=auth', 'url', 'filename'], 'keywords': [], 'hasInputs': False}"
Bus-Reservation-System-masterpackage_index.py,"{'type': 'function_call', 'line': 843, 'name': 'os.system', 'args': ['git clone --quiet %s %s', 'url', 'filename.split'], 'keywords': [], 'hasInputs': False}"
Bus-Reservation-System-masterpackage_index.py,"{'type': 'function_call', 'line': 847, 'name': 'os.system', 'args': ['(cd %s && git checkout --quiet %s)', 'filename.split', 'rev'], 'keywords': [], 'hasInputs': False}"
Bus-Reservation-System-masterpackage_index.py,"{'type': 'function_call', 'line': 859, 'name': 'os.system', 'args': ['hg clone --quiet %s %s', 'url', 'filename.split'], 'keywords': [], 'hasInputs': False}"
Bus-Reservation-System-masterpackage_index.py,"{'type': 'function_call', 'line': 863, 'name': 'os.system', 'args': ['(cd %s && hg up -C -r %s >&-)', 'filename.split', 'rev'], 'keywords': [], 'hasInputs': False}"
Bus-Reservation-System-masterImageShow.py,"{'type': 'function_call', 'line': 100, 'name': 'os.system', 'args': ['self.get_command', 'file'], 'keywords': [], 'hasInputs': False}"
Bus-Reservation-System-masterImageShow.py,"{'type': 'function_call', 'line': 152, 'name': 'os.system', 'args': ['(%s %s; rm -f %s)&open -a /Applications/Preview.appquotequote'], 'keywords': [], 'hasInputs': False}"
Bus-Reservation-System-masterEpsImagePlugin.py,"{'type': 'variable', 'line': 62, 'name': 'gs', 'value': None, 'valueSrc': 'subprocess.Popen', 'isInput': False, 'args': ['gs', '--version'], 'funcKeywords': [['stdout', None]]}"
Bus-Reservation-System-masterEpsImagePlugin.py,"{'type': 'variable', 'line': 142, 'name': 'gs', 'value': None, 'valueSrc': 'subprocess.Popen', 'isInput': False, 'args': [['gs', '-q', '-g%dx%d', 'size', '-r%fx%f', 'res', '-dNOPAUSE', '-dSAFER', '-sDEVICE=ppmraw', '-sOutputFile=%s', 'outfile', '-c', '%d %d translate', '-f', 'infile']], 'funcKeywords': [['stdout', None]]}"
ipython-mastersetupbase.py,"{'type': 'function_call', 'line': 218, 'name': 'os.system', 'args': ['cmd'], 'keywords': [], 'hasInputs': False}"
ipython-mastersetupbase.py,"{'type': 'variable', 'line': 382, 'name': 'proc', 'value': None, 'valueSrc': 'subprocess.Popen', 'isInput': False, 'args': ['git rev-parse --short HEAD'], 'funcKeywords': [['shell', True]]}"
ipython-mastergithub_stats.py,"{'type': 'variable', 'line': 120, 'name': 'parser', 'value': None, 'valueSrc': 'ArgumentParser', 'isInput': False, 'args': []}"
ipython-mastertoollib.py,"{'type': 'variable', 'line': 30, 'name': 'stat', 'value': None, 'valueSrc': 'os.system', 'isInput': False, 'args': ['cmd']}"
ipython-masterlatextools.py,"{'type': 'variable', 'line': 170, 'name': 'proc', 'value': None, 'valueSrc': 'subprocess.Popen', 'isInput': False, 'args': ['kpsewhich', 'filename'], 'funcKeywords': [['stderr', None]]}"
ipython-mastereditorhooks.py,"{'type': 'variable', 'line': 55, 'name': 'proc', 'value': None, 'valueSrc': 'subprocess.Popen', 'isInput': False, 'args': ['cmd'], 'funcKeywords': [['shell', True]]}"
ipython-masterclipboard.py,"{'type': 'variable', 'line': 38, 'name': 'p', 'value': None, 'valueSrc': 'subprocess.Popen', 'isInput': False, 'args': ['pbpaste', '-Prefer', 'ascii'], 'funcKeywords': [['stdout', None]]}"
ipython-mastermagics.py,"{'type': 'function_call', 'line': 203, 'name': 'os.system', 'args': ['cls'], 'keywords': [], 'hasInputs': False}"
ipython-masterterminal.py,"{'type': 'function_call', 'line': 27, 'name': 'os.system', 'args': ['clear'], 'keywords': [], 'hasInputs': False}"
ipython-masterterminal.py,"{'type': 'function_call', 'line': 30, 'name': 'os.system', 'args': ['cls'], 'keywords': [], 'hasInputs': False}"
ipython-masterterminal.py,"{'type': 'variable', 'line': 100, 'name': 'ret', 'value': None, 'valueSrc': 'os.system', 'isInput': False, 'args': ['title ', 'title']}"
ipython-mastersysinfo.py,"{'type': 'variable', 'line': 128, 'name': 'p', 'value': None, 'valueSrc': 'subprocess.Popen', 'isInput': False, 'args': ['sysctl', '-n', 'hw.ncpu'], 'funcKeywords': [['stdout', None]]}"
ipython-master_process_common.py,"{'type': 'variable', 'line': 79, 'name': 'p', 'value': None, 'valueSrc': 'subprocess.Popen', 'isInput': False, 'args': ['cmd'], 'funcKeywords': [['close_fds', 'close_fds']]}"
ipython-masterinteractiveshell.py,"{'type': 'variable', 'line': 2489, 'name': 'ec', 'value': None, 'valueSrc': 'os.system', 'isInput': False, 'args': ['""pushd %s &&""%spath']}"
ipython-masterhooks.py,"{'type': 'variable', 'line': 79, 'name': 'proc', 'value': None, 'valueSrc': 'subprocess.Popen', 'isInput': False, 'args': ['%s %s %s', 'editor', 'linemark', 'filename'], 'funcKeywords': [['shell', True]]}"
ipython-masterpage.py,"{'type': 'variable', 'line': 214, 'name': 'proc', 'value': None, 'valueSrc': 'subprocess.Popen', 'isInput': False, 'args': ['pager_cmd'], 'funcKeywords': [['stderr', None]]}"
requests-racer-mastersetup.py,"{'type': 'function_call', 'line': 76, 'name': 'os.system', 'args': ['{0} setup.py sdist bdist_wheel --universal.format', 'sys.executable'], 'keywords': [], 'hasInputs': False}"
requests-racer-mastersetup.py,"{'type': 'function_call', 'line': 79, 'name': 'os.system', 'args': ['twine upload dist/*'], 'keywords': [], 'hasInputs': False}"
requests-racer-mastersetup.py,"{'type': 'function_call', 'line': 82, 'name': 'os.system', 'args': ['0.0.1', 'about'], 'keywords': [], 'hasInputs': False}"
requests-racer-mastersetup.py,"{'type': 'function_call', 'line': 83, 'name': 'os.system', 'args': ['git push --tags'], 'keywords': [], 'hasInputs': False}"
augur-masterfacade06analyze.py,"{'type': 'variable', 'line': 119, 'name': 'parents', 'value': None, 'valueSrc': 'subprocess.Popen', 'isInput': False, 'args': [""git --git-dir %s log --ignore-missing --pretty=format:'%%H' --since=%s"", 'repo_loc', 'start_date'], 'funcKeywords': [['shell', True]]}"
augur-masterfacade03analyzecommit.py,"{'type': 'variable', 'line': 241, 'name': 'git_log', 'value': None, 'valueSrc': 'subprocess.Popen', 'isInput': False, 'args': [""git --git-dir %s log -p -M %s -n1 --pretty=format:'author_name: %%an%%nauthor_email: %%ae%%nauthor_date:%%ai%%ncommitter_name: %%cn%%ncommitter_email: %%ce%%ncommitter_date: %%ci%%nparents: %%p%%nEndPatch' "", 'repo_loc', 'commit'], 'funcKeywords': [['shell', True]]}"
augur-mastersbom_populate.py,"{'type': 'variable', 'line': 80, 'name': 'proc', 'value': None, 'valueSrc': 'subprocess.Popen', 'isInput': False, 'args': ['dosocs2 generate ', 'str'], 'funcKeywords': [['stderr', 'PIPE']]}"
augur-mastersbom_populate.py,"{'type': 'variable', 'line': 86, 'name': 'pope', 'value': None, 'valueSrc': 'subprocess.Popen', 'isInput': False, 'args': ['dosocs2 print ', 'str', ' -T ', 'dsfile'], 'funcKeywords': [['stderr', 'PIPE']]}"
soul-manga-mastersoul_manga_spider.py,"{'type': 'function_call', 'line': 202, 'name': 'os.system', 'args': ['sqlite3 ../server/soul_manga.db "".read ../server/soul_manga.sql""'], 'keywords': [], 'hasInputs': False}"
soul-manga-mastercompress_image.py,"{'type': 'variable', 'line': 40, 'name': 'res', 'value': None, 'valueSrc': 'os.system', 'isInput': False, 'args': ['pngquant --force --speed 1 --verbose 256 --output  in_file']}"
soul-manga-mastercompress_image.py,"{'type': 'function_call', 'line': 55, 'name': 'os.system', 'args': ['cp -f in_file '], 'keywords': [], 'hasInputs': False}"
pywebsitechanges-masterwebsitechanges.py,"{'type': 'function_call', 'line': 214, 'name': 'os.system', 'args': ['npm i puppeteer'], 'keywords': [], 'hasInputs': False}"
pywebsitechanges-masterwebsitechanges.py,"{'type': 'function_call', 'line': 220, 'name': 'os.system', 'args': [""node index.js url new.png 'css'""], 'keywords': [], 'hasInputs': False}"
ebook-viewer-mastermain_window.py,"{'type': 'function_call', 'line': 250, 'name': 'os.system', 'args': ['ebook-convert ""', 'filename', '"" /tmp/easy-ebook-viewer-converted.epub --pretty-print'], 'keywords': [], 'hasInputs': False}"
ebook-viewer-mastercontent_provider.py,"{'type': 'function_call', 'line': 77, 'name': 'os.system', 'args': ['chmod 700 '], 'keywords': [], 'hasInputs': False}"
create-aio-app-mastermain.py,"{'type': 'function_call', 'line': 21, 'name': 'os.system', 'args': ['make help'], 'keywords': [], 'hasInputs': False}"
eyeD3-mastersetup.py,"{'type': 'function_call', 'line': 101, 'name': 'os.system', 'args': ['pip install ', 'reqs'], 'keywords': [], 'hasInputs': False}"
Big-Basket-Delivery-Slots-masterBB_slot.py,"{'type': 'function_call', 'line': 41, 'name': 'os.system', 'args': ['\n              osascript -e \'display notification ""{}"" with title ""{}""\'\n              .format', 'text', 'title'], 'keywords': [], 'hasInputs': False}"
Big-Basket-Delivery-Slots-masterBB_slot.py,"{'type': 'function_call', 'line': 44, 'name': 'os.system', 'args': ['say ""Slots for delivery available!""'], 'keywords': [], 'hasInputs': False}"
Big-Basket-Delivery-Slots-masterBB_slot.py,"{'type': 'function_call', 'line': 46, 'name': 'os.system', 'args': ['spd-say ""Slots for delivery available!""'], 'keywords': [], 'hasInputs': False}"
AndroidGCMTutorial-masterbottle.py,"{'type': 'variable', 'line': 2655, 'name': 'p', 'value': None, 'valueSrc': 'subprocess.Popen', 'isInput': False, 'args': ['args'], 'funcKeywords': [['env', 'environ']]}"
AndroidGCMTutorial-masterapp_gcm.py,"{'type': 'variable', 'line': 2655, 'name': 'p', 'value': None, 'valueSrc': 'subprocess.Popen', 'isInput': False, 'args': ['args'], 'funcKeywords': [['env', 'environ']]}"
python-zhmcclient-masterconf.py,"{'type': 'function_call', 'line': 130, 'name': 'os.system', 'args': ['git log --decorate --oneline |head -5'], 'keywords': [], 'hasInputs': False}"
weatherlink-python-mastersetup.py,"{'type': 'function_call', 'line': 36, 'name': 'os.system', 'args': ['git tag -a {version} -m ""Released version {version}."".format'], 'keywords': [], 'hasInputs': False}"
weatherlink-python-mastersetup.py,"{'type': 'function_call', 'line': 37, 'name': 'os.system', 'args': ['git push --tags'], 'keywords': [], 'hasInputs': False}"
terminal-leetcode-mastereditor.py,"{'type': 'function_call', 'line': 43, 'name': 'os.system', 'args': ['tmux split-window -h'], 'keywords': [], 'hasInputs': False}"
terminal-leetcode-mastereditor.py,"{'type': 'function_call', 'line': 45, 'name': 'os.system', 'args': [""tmux send-keys -t right '%s' C-medit_cmd""], 'keywords': [], 'hasInputs': False}"
E-Commerce-API-Python-mastereditor.py,"{'type': 'variable', 'line': 97, 'name': 'proc', 'value': None, 'valueSrc': 'subprocess.Popen', 'isInput': False, 'args': ['args'], 'funcKeywords': [['stdout', 'stdout']]}"
E-Commerce-API-Python-masterconfig.py,"{'type': 'variable', 'line': 412, 'name': 'parser', 'value': None, 'valueSrc': 'ArgumentParser', 'isInput': False, 'args': [], 'funcKeywords': [['prog', 'prog']]}"
E-Commerce-API-Python-master__init__.py,"{'type': 'variable', 'line': 665, 'name': 'proc', 'value': None, 'valueSrc': 'subprocess.Popen', 'isInput': False, 'args': ['cmd'], 'funcKeywords': [['env', 'env']]}"
E-Commerce-API-Python-masterdistro.py,"{'type': 'variable', 'line': 916, 'name': 'process', 'value': None, 'valueSrc': 'subprocess.Popen', 'isInput': False, 'args': ['lsb_release -a'], 'funcKeywords': [['stderr', None]]}"
E-Commerce-API-Python-masterindex.py,"{'type': 'variable', 'line': 201, 'name': 'p', 'value': None, 'valueSrc': 'subprocess.Popen', 'isInput': False, 'args': [['self.gpg', '--status-fd', '2', '--no-tty']], 'funcKeywords': []}"
E-Commerce-API-Python-masterutil.py,"{'type': 'variable', 'line': 1592, 'name': 'p', 'value': None, 'valueSrc': 'subprocess.Popen', 'isInput': False, 'args': ['cmd'], 'funcKeywords': []}"
E-Commerce-API-Python-master_cmd.py,"{'type': 'variable', 'line': 34, 'name': 'parser', 'value': None, 'valueSrc': 'ArgumentParser', 'isInput': False, 'args': []}"
E-Commerce-API-Python-masterwininst2wheel.py,"{'type': 'variable', 'line': 201, 'name': 'parser', 'value': None, 'valueSrc': 'ArgumentParser', 'isInput': False, 'args': []}"
E-Commerce-API-Python-masteregg2wheel.py,"{'type': 'variable', 'line': 74, 'name': 'parser', 'value': None, 'valueSrc': 'ArgumentParser', 'isInput': False, 'args': []}"
E-Commerce-API-Python-masterpackage_index.py,"{'type': 'function_call', 'line': 871, 'name': 'os.system', 'args': ['svn checkout%s -q %s %s', ' --username=auth', 'url', 'filename'], 'keywords': [], 'hasInputs': False}"
E-Commerce-API-Python-masterpackage_index.py,"{'type': 'function_call', 'line': 897, 'name': 'os.system', 'args': ['git clone --quiet %s %s', 'url', 'filename.split'], 'keywords': [], 'hasInputs': False}"
E-Commerce-API-Python-masterpackage_index.py,"{'type': 'function_call', 'line': 901, 'name': 'os.system', 'args': ['(cd %s && git checkout --quiet %s)', 'filename.split', 'rev'], 'keywords': [], 'hasInputs': False}"
E-Commerce-API-Python-masterpackage_index.py,"{'type': 'function_call', 'line': 913, 'name': 'os.system', 'args': ['hg clone --quiet %s %s', 'url', 'filename.split'], 'keywords': [], 'hasInputs': False}"
E-Commerce-API-Python-masterpackage_index.py,"{'type': 'function_call', 'line': 917, 'name': 'os.system', 'args': ['(cd %s && hg up -C -r %s -q)', 'filename.split', 'rev'], 'keywords': [], 'hasInputs': False}"
E-Commerce-API-Python-master_termui_impl.py,"{'type': 'variable', 'line': 323, 'name': 'c', 'value': None, 'valueSrc': 'subprocess.Popen', 'isInput': False, 'args': ['cmd'], 'funcKeywords': [['env', 'env']]}"
E-Commerce-API-Python-master_termui_impl.py,"{'type': 'function_call', 'line': 359, 'name': 'os.system', 'args': ['cmd', ' ""', 'filename', '""'], 'keywords': [], 'hasInputs': False}"
E-Commerce-API-Python-master_termui_impl.py,"{'type': 'variable', 'line': 403, 'name': 'c', 'value': None, 'valueSrc': 'subprocess.Popen', 'isInput': False, 'args': ['%s ""%s""', 'editor', 'filename'], 'funcKeywords': [['shell', True]]}"
E-Commerce-API-Python-master_termui_impl.py,"{'type': 'variable', 'line': 487, 'name': 'c', 'value': None, 'valueSrc': 'subprocess.Popen', 'isInput': False, 'args': ['xdg-open', 'url']}"
E-Commerce-API-Python-mastertermui.py,"{'type': 'function_call', 'line': 322, 'name': 'os.system', 'args': ['cls'], 'keywords': [], 'hasInputs': False}"
E-Commerce-API-Python-mastersvnwc.py,"{'type': 'variable', 'line': 865, 'name': 'popen', 'value': None, 'valueSrc': 'subprocess.Popen', 'isInput': False, 'args': ['svn log --xml %s %s %s ""%s""'], 'funcKeywords': [['shell', True]]}"
E-Commerce-API-Python-mastercmdexec.py,"{'type': 'variable', 'line': 15, 'name': 'process', 'value': None, 'valueSrc': 'subprocess.Popen', 'isInput': False, 'args': ['cmd'], 'funcKeywords': [['stderr', None]]}"
E-Commerce-API-Python-mastercmd.py,"{'type': 'variable', 'line': 27, 'name': 'parser', 'value': None, 'valueSrc': 'ArgumentParser', 'isInput': False, 'args': ['usage: %prog [FILENAME]']}"
pyacoustid-masteracoustid.py,"{'type': 'variable', 'line': 287, 'name': 'proc', 'value': None, 'valueSrc': 'subprocess.Popen', 'isInput': False, 'args': [['fpcalc', '-length', 'str', 'path']], 'funcKeywords': [['stderr', 'devnull']]}"
inscriptis-masterrun_benchmarking.py,"{'type': 'variable', 'line': 165, 'name': 'lynx', 'value': None, 'valueSrc': 'subprocess.Popen', 'isInput': False, 'args': ['cmd'], 'funcKeywords': [['stdout', None]]}"
djangogirls-masterbackup_postgres_to_s3.py,"{'type': 'function_call', 'line': 42, 'name': 'os.system', 'args': ['pg_dump_command'], 'keywords': [], 'hasInputs': False}"
djangogirls-masterbackup_postgres_to_s3.py,"{'type': 'function_call', 'line': 45, 'name': 'os.system', 'args': ['rm {}.format', 'db_file'], 'keywords': [], 'hasInputs': False}"
merchant-masterencrypt.py,"{'type': 'function_call', 'line': 23, 'name': 'os.system', 'args': ['travis encrypt %s=""%s"" --add env.global', 'k', 'v'], 'keywords': [], 'hasInputs': False}"
Web2Executable-mastercommand_line.py,"{'type': 'variable', 'line': 1103, 'name': 'proc', 'value': None, 'valueSrc': 'subprocess.Popen', 'isInput': False, 'args': [['upx_bin', '--lzma', '-{}.format', 'compression.value']], 'funcKeywords': [['startupinfo', 'startupinfo']]}"
Web2Executable-mastercommand_line.py,"{'type': 'variable', 'line': 1110, 'name': 'proc', 'value': None, 'valueSrc': 'subprocess.Popen', 'isInput': False, 'args': [['upx_bin', '--lzma', '-{}.format', 'compression.value']], 'funcKeywords': [['stdin', None]]}"
Web2Executable-mastercommand_line.py,"{'type': 'variable', 'line': 1323, 'name': 'proc', 'value': None, 'valueSrc': 'subprocess.Popen', 'isInput': False, 'args': ['command'], 'funcKeywords': [['stderr', None]]}"
Web2Executable-masterutils.py,"{'type': 'function_call', 'line': 212, 'name': 'subprocess.Popen', 'args': ['open', '\\\\?\\'], 'keywords': [], 'hasInputs': False}"
Web2Executable-masterutils.py,"{'type': 'function_call', 'line': 214, 'name': 'subprocess.Popen', 'args': ['xdg-open', '\\\\?\\'], 'keywords': [], 'hasInputs': False}"
archweb-masterpgp_import.py,"{'type': 'variable', 'line': 77, 'name': 'proc', 'value': None, 'valueSrc': 'subprocess.Popen', 'isInput': False, 'args': [['gpg2', '--no-default-keyring', '--keyring', 'keyring', '--with-colons', '--fixed-list-mode']], 'funcKeywords': [['stdout', None]]}"
archweb-mastermirrorcheck.py,"{'type': 'variable', 'line': 197, 'name': 'proc', 'value': None, 'valueSrc': 'subprocess.Popen', 'isInput': False, 'args': [['rsync', '--quiet', '--contimeout=%d', 'timeout', '--timeout=%d', 'timeout']], 'funcKeywords': [['stderr', None]]}"
hendrix-masterux.py,"{'type': 'variable', 'line': 46, 'name': None, 'value': None, 'valueSrc': 'subprocess.Popen', 'isInput': False, 'args': []}"
hendrix-masterux.py,"{'type': 'variable', 'line': 61, 'name': 'process', 'value': None, 'valueSrc': 'subprocess.Popen', 'isInput': False, 'args': []}"
Eel-master__main__.py,"{'type': 'variable', 'line': 6, 'name': 'parser', 'value': None, 'valueSrc': 'ArgumentParser', 'isInput': False, 'args': [], 'funcKeywords': [['description', '\nEel is a little Python library for making simple Electron-like offline HTML/JS GUI apps,\n with full access to Python capabilities and libraries.\n']]}"
eventbrite-mastermisc.py,"{'type': 'variable', 'line': 650, 'name': 'proc', 'value': None, 'valueSrc': 'subprocess.Popen', 'isInput': False, 'args': ['cmd'], 'funcKeywords': [['env', 'env']]}"
eventbrite-masterindex.py,"{'type': 'variable', 'line': 200, 'name': 'p', 'value': None, 'valueSrc': 'subprocess.Popen', 'isInput': False, 'args': [['self.gpg', '--status-fd', '2', '--no-tty']], 'funcKeywords': []}"
eventbrite-masterutil.py,"{'type': 'variable', 'line': 1736, 'name': 'p', 'value': None, 'valueSrc': 'subprocess.Popen', 'isInput': False, 'args': ['cmd'], 'funcKeywords': []}"
eventbrite-master_cmd.py,"{'type': 'variable', 'line': 34, 'name': 'parser', 'value': None, 'valueSrc': 'ArgumentParser', 'isInput': False, 'args': []}"
eventbrite-mastermisc.py,"{'type': 'variable', 'line': 878, 'name': 'proc', 'value': None, 'valueSrc': 'subprocess.Popen', 'isInput': False, 'args': ['cmd'], 'funcKeywords': [['env', 'env']]}"
eventbrite-masterindex.py,"{'type': 'variable', 'line': 200, 'name': 'p', 'value': None, 'valueSrc': 'subprocess.Popen', 'isInput': False, 'args': [['self.gpg', '--status-fd', '2', '--no-tty']], 'funcKeywords': []}"
eventbrite-masterutil.py,"{'type': 'variable', 'line': 1741, 'name': 'p', 'value': None, 'valueSrc': 'subprocess.Popen', 'isInput': False, 'args': ['cmd'], 'funcKeywords': []}"
eventbrite-master_cmd.py,"{'type': 'variable', 'line': 31, 'name': 'parser', 'value': None, 'valueSrc': 'ArgumentParser', 'isInput': False, 'args': []}"
eventbrite-master_orca.py,"{'type': 'variable', 'line': 1100, 'name': 'p', 'value': None, 'valueSrc': 'subprocess.Popen', 'isInput': False, 'args': ['executable_list'], 'funcKeywords': [['stderr', None]]}"
eventbrite-master_orca.py,"{'type': 'variable', 'line': 1169, 'name': 'p', 'value': None, 'valueSrc': 'subprocess.Popen', 'isInput': False, 'args': ['executable_list'], 'funcKeywords': [['stderr', None]]}"
eventbrite-master_orca.py,"{'type': 'variable', 'line': 1385, 'name': 'orca_state[proc]', 'value': None, 'valueSrc': 'subprocess.Popen', 'isInput': False, 'args': ['cmd_list'], 'funcKeywords': [['stdout', 'DEVNULL']]}"
eventbrite-masterutils.py,"{'type': 'variable', 'line': 222, 'name': 'proc', 'value': None, 'valueSrc': 'subprocess.Popen', 'isInput': False, 'args': ['pt-fingerprint'], 'funcKeywords': [['close_fds', True]]}"
eventbrite-masterquery.py,"{'type': 'variable', 'line': 629, 'name': 'mysql', 'value': None, 'valueSrc': 'subprocess.Popen', 'isInput': False, 'args': ['settings_to_cmd_args'], 'funcKeywords': [['stdout', None]]}"
eventbrite-masterquery.py,"{'type': 'variable', 'line': 630, 'name': 'visual_explain', 'value': None, 'valueSrc': 'subprocess.Popen', 'isInput': False, 'args': ['pt-visual-explain', '-'], 'funcKeywords': [['stdout', None]]}"
eventbrite-mastercomponent_generator.py,"{'type': 'variable', 'line': 74, 'name': 'proc', 'value': None, 'valueSrc': 'subprocess.Popen', 'isInput': False, 'args': ['cmd'], 'funcKeywords': [['shell', 'is_windows']]}"
eventbrite-masterversion.py,"{'type': 'variable', 'line': 80, 'name': 'git_log', 'value': None, 'valueSrc': 'subprocess.Popen', 'isInput': False, 'args': ['git log --pretty=format:%ct --quiet -1 HEAD'], 'funcKeywords': [['universal_newlines', True]]}"
eventbrite-masterImageShow.py,"{'type': 'function_call', 'line': 101, 'name': 'os.system', 'args': ['self.get_command', 'file'], 'keywords': [], 'hasInputs': False}"
eventbrite-masterImageShow.py,"{'type': 'function_call', 'line': 139, 'name': 'subprocess.Popen', 'args': ['im=$(cat);open -a /Applications/Preview.app $im;sleep 20;rm -f $im'], 'keywords': [['shell', True], ['stdin', None]], 'hasInputs': False}"
eventbrite-masterImageShow.py,"{'type': 'function_call', 'line': 179, 'name': 'subprocess.Popen', 'args': ['im=$(cat);', 'self.get_command_ex', ' $im;rm -f $im'], 'keywords': [['shell', True], ['stdin', None]], 'hasInputs': False}"
eventbrite-masterlib2def.py,"{'type': 'variable', 'line': 68, 'name': 'f', 'value': None, 'valueSrc': 'subprocess.Popen', 'isInput': False, 'args': ['nm_cmd'], 'funcKeywords': [['universal_newlines', True]]}"
eventbrite-mastermingw32ccompiler.py,"{'type': 'variable', 'line': 74, 'name': 'p', 'value': None, 'valueSrc': 'subprocess.Popen', 'isInput': False, 'args': ['gcc', '-dumpversion'], 'funcKeywords': [['stdout', None]]}"
eventbrite-mastermingw32ccompiler.py,"{'type': 'variable', 'line': 288, 'name': 'st', 'value': None, 'valueSrc': 'subprocess.Popen', 'isInput': False, 'args': ['objdump.exe', '-p', 'dll'], 'funcKeywords': [['stdout', None]]}"
eventbrite-mastermingw32ccompiler.py,"{'type': 'function_call', 'line': 475, 'name': 'subprocess.Popen', 'args': [['dlltool', '-d', 'def_file', '-l', 'out_file']], 'keywords': [], 'hasInputs': False}"
eventbrite-mastermingw32ccompiler.py,"{'type': 'variable', 'line': 517, 'name': 'status', 'value': None, 'valueSrc': 'os.system', 'isInput': False, 'args': ['dlltool --dllname ""%s"" --def ""%s"" --output-lib ""%s""args']}"
eventbrite-mastersystem_info.py,"{'type': 'variable', 'line': 307, 'name': 'p', 'value': None, 'valueSrc': 'subprocess.Popen', 'isInput': False, 'args': ['gcc', '-print-multiarch'], 'funcKeywords': [['stderr', 'tmp']]}"
eventbrite-masterexec_command.py,"{'type': 'variable', 'line': 292, 'name': 'proc', 'value': None, 'valueSrc': 'subprocess.Popen', 'isInput': False, 'args': ['command'], 'funcKeywords': [['universal_newlines', False]]}"
eventbrite-masterdiagnose.py,"{'type': 'function_call', 'line': 11, 'name': 'os.system', 'args': ['cmd'], 'keywords': [], 'hasInputs': False}"
eventbrite-masterclipboards.py,"{'type': 'variable', 'line': 12, 'name': 'p', 'value': None, 'valueSrc': 'subprocess.Popen', 'isInput': False, 'args': ['pbcopy', 'w'], 'funcKeywords': [['close_fds', True]]}"
eventbrite-masterclipboards.py,"{'type': 'variable', 'line': 16, 'name': 'p', 'value': None, 'valueSrc': 'subprocess.Popen', 'isInput': False, 'args': ['pbpaste', 'r'], 'funcKeywords': [['close_fds', True]]}"
eventbrite-masterclipboards.py,"{'type': 'variable', 'line': 52, 'name': 'p', 'value': None, 'valueSrc': 'subprocess.Popen', 'isInput': False, 'args': ['xclip', '-selection', 'c'], 'funcKeywords': [['close_fds', True]]}"
eventbrite-masterclipboards.py,"{'type': 'variable', 'line': 58, 'name': 'p', 'value': None, 'valueSrc': 'subprocess.Popen', 'isInput': False, 'args': ['xclip', '-selection', 'c', '-o'], 'funcKeywords': [['close_fds', True]]}"
eventbrite-masterclipboards.py,"{'type': 'variable', 'line': 69, 'name': 'p', 'value': None, 'valueSrc': 'subprocess.Popen', 'isInput': False, 'args': ['xsel', '-b', '-i'], 'funcKeywords': [['close_fds', True]]}"
eventbrite-masterclipboards.py,"{'type': 'variable', 'line': 75, 'name': 'p', 'value': None, 'valueSrc': 'subprocess.Popen', 'isInput': False, 'args': ['xsel', '-b', '-o'], 'funcKeywords': [['close_fds', True]]}"
eventbrite-masterclipboards.py,"{'type': 'variable', 'line': 86, 'name': 'p', 'value': None, 'valueSrc': 'subprocess.Popen', 'isInput': False, 'args': ['qdbus', 'org.kde.klipper', '/klipper', 'setClipboardContents', 'text.encode', 'utf-8'], 'funcKeywords': [['close_fds', True]]}"
eventbrite-masterclipboards.py,"{'type': 'variable', 'line': 100, 'name': 'p', 'value': None, 'valueSrc': 'subprocess.Popen', 'isInput': False, 'args': ['qdbus', 'org.kde.klipper', '/klipper', 'getClipboardContents'], 'funcKeywords': [['close_fds', True]]}"
eventbrite-master_termui_impl.py,"{'type': 'variable', 'line': 339, 'name': 'c', 'value': None, 'valueSrc': 'subprocess.Popen', 'isInput': False, 'args': ['cmd'], 'funcKeywords': [['env', 'env']]}"
eventbrite-master_termui_impl.py,"{'type': 'function_call', 'line': 382, 'name': 'os.system', 'args': ['cmd', ' ""', 'filename', '""'], 'keywords': [], 'hasInputs': False}"
eventbrite-master_termui_impl.py,"{'type': 'variable', 'line': 427, 'name': 'c', 'value': None, 'valueSrc': 'subprocess.Popen', 'isInput': False, 'args': ['%s ""%s""', 'editor', 'filename'], 'funcKeywords': [['shell', True]]}"
eventbrite-master_termui_impl.py,"{'type': 'variable', 'line': 519, 'name': 'c', 'value': None, 'valueSrc': 'subprocess.Popen', 'isInput': False, 'args': ['xdg-open', 'url']}"
eventbrite-mastertermui.py,"{'type': 'function_call', 'line': 367, 'name': 'os.system', 'args': ['cls'], 'keywords': [], 'hasInputs': False}"
speed-camera-mastersearch-speed.py,"{'type': 'function_call', 'line': 38, 'name': 'os.system', 'args': ['clear'], 'keywords': [], 'hasInputs': False}"
speed-camera-mastersearch-speed.py,"{'type': 'function_call', 'line': 229, 'name': 'os.system', 'args': ['clear'], 'keywords': [], 'hasInputs': False}"
speed-camera-masterwebserver.py,"{'type': 'variable', 'line': 99, 'name': 'df', 'value': None, 'valueSrc': 'subprocess.Popen', 'isInput': False, 'args': ['df', '-h', 'drive_mnt'], 'funcKeywords': [['stdout', None]]}"
PyExPool-mastermpepool.py,"{'type': 'variable', 'line': 2303, 'name': None, 'value': None, 'valueSrc': 'subprocess.Popen', 'isInput': False, 'args': ['job.args'], 'funcKeywords': [['stderr', None]]}"
gae-secure-scaffold-python3-masteremulator.py,"{'type': 'variable', 'line': 87, 'name': None, 'value': None, 'valueSrc': 'subprocess.Popen', 'isInput': False, 'args': [['gcloud', 'beta', 'emulators', 'datastore', 'start', '--project', 'self.project']], 'funcKeywords': [['text', True]]}"
ivy-masterwatch.py,"{'type': 'function_call', 'line': 86, 'name': 'subprocess.Popen', 'args': [['sys.argv[0]']], 'keywords': [['stdout', None], ['stderr', None]], 'hasInputs': False}"
appier-masterutil.py,"{'type': 'variable', 'line': 2111, 'name': 'process', 'value': None, 'valueSrc': 'subprocess.Popen', 'isInput': False, 'args': ['args'], 'funcKeywords': [['cwd', 'path']]}"
practNLPTools-lite-mastertools.py,"{'type': 'variable', 'line': 382, 'name': 'pipe', 'value': None, 'valueSrc': 'subprocess.Popen', 'isInput': False, 'args': [['senna_executable']], 'funcKeywords': [['shell', True]]}"
practNLPTools-lite-mastertools.py,"{'type': 'variable', 'line': 411, 'name': 'pipe', 'value': None, 'valueSrc': 'subprocess.Popen', 'isInput': False, 'args': ['senna_executable'], 'funcKeywords': [['shell', True]]}"
practNLPTools-lite-mastertools.py,"{'type': 'variable', 'line': 441, 'name': 'pipe', 'value': None, 'valueSrc': 'subprocess.Popen', 'isInput': False, 'args': ['senna_executable'], 'funcKeywords': [['shell', True]]}"
practNLPTools-lite-mastertools.py,"{'type': 'variable', 'line': 470, 'name': 'pipe', 'value': None, 'valueSrc': 'subprocess.Popen', 'isInput': False, 'args': ['self.default_jar_cli'], 'funcKeywords': [['shell', True]]}"
Rest-Shop-masterprocess_raw.py,"{'type': 'variable', 'line': 8, 'name': 'parser', 'value': None, 'valueSrc': 'ArgumentParser', 'isInput': False, 'args': [], 'funcKeywords': [['description', 'Process raw data after scraping']]}"
shuup-masternodejs_verify.py,"{'type': 'variable', 'line': 43, 'name': 'proc', 'value': None, 'valueSrc': 'subprocess.Popen', 'isInput': False, 'args': ['cmd'], 'funcKeywords': [['stderr', None]]}"
shuup-masterinstaller.py,"{'type': 'variable', 'line': 44, 'name': 'pipe', 'value': None, 'valueSrc': 'subprocess.Popen', 'isInput': False, 'args': [['get_pip_path', 'install', '--upgrade', '--verbose', '--require-venv', '--no-cache-dir', 'package_path']], 'funcKeywords': [['shell', None]]}"
ArchiveBot-masterkiller.py,"{'type': 'function_call', 'line': 29, 'name': 'os.system', 'args': ['kill -9 %s'], 'keywords': [], 'hasInputs': False}"
ArchiveBot-masterpreflight.py,"{'type': 'variable', 'line': 41, 'name': 'proc', 'value': None, 'valueSrc': 'subprocess.Popen', 'isInput': False, 'args': ['args'], 'funcKeywords': [['stdout', 'temp_log']]}"
websauna-masterdbshell.py,"{'type': 'function_call', 'line': 38, 'name': 'os.system', 'args': ['pgcli {url}.format'], 'keywords': [], 'hasInputs': False}"
eCommerce-Database-mainmisc.py,"{'type': 'variable', 'line': 713, 'name': 'proc', 'value': None, 'valueSrc': 'subprocess.Popen', 'isInput': False, 'args': ['cmd'], 'funcKeywords': [['env', 'env']]}"
eCommerce-Database-mainindex.py,"{'type': 'variable', 'line': 200, 'name': 'p', 'value': None, 'valueSrc': 'subprocess.Popen', 'isInput': False, 'args': [['self.gpg', '--status-fd', '2', '--no-tty']], 'funcKeywords': []}"
eCommerce-Database-mainutil.py,"{'type': 'variable', 'line': 1737, 'name': 'p', 'value': None, 'valueSrc': 'subprocess.Popen', 'isInput': False, 'args': ['cmd'], 'funcKeywords': []}"
eCommerce-Database-main_cmd.py,"{'type': 'variable', 'line': 31, 'name': 'parser', 'value': None, 'valueSrc': 'ArgumentParser', 'isInput': False, 'args': []}"
simplenote.py-mastersetup.py,"{'type': 'function_call', 'line': 19, 'name': 'os.system', 'args': ['python setup.py sdist upload'], 'keywords': [], 'hasInputs': False}"
flexx-masterserve_ssl.py,"{'type': 'function_call', 'line': 19, 'name': 'os.system', 'args': ['openssl req -x509 -nodes -days 1 -batch -newkey rsa:2048 -keyout %s -out %s', '/tmp/self-signed.key', '/tmp/self-signed.crt'], 'keywords': [], 'hasInputs': False}"
certidude-masterauthority.py,"{'type': 'function_call', 'line': 85, 'name': 'os.system', 'args': ['systemctl reload nginx'], 'keywords': [], 'hasInputs': False}"
certidude-mastercli.py,"{'type': 'function_call', 'line': 155, 'name': 'os.system', 'args': ['systemctl daemon-reload'], 'keywords': [], 'hasInputs': False}"
certidude-mastercli.py,"{'type': 'function_call', 'line': 156, 'name': 'os.system', 'args': ['systemctl enable certidude-enroll.timer'], 'keywords': [], 'hasInputs': False}"
certidude-mastercli.py,"{'type': 'function_call', 'line': 157, 'name': 'os.system', 'args': ['systemctl start certidude-enroll.timer'], 'keywords': [], 'hasInputs': False}"
certidude-mastercli.py,"{'type': 'function_call', 'line': 267, 'name': 'os.system', 'args': ['update-ca-trust'], 'keywords': [], 'hasInputs': False}"
certidude-mastercli.py,"{'type': 'function_call', 'line': 277, 'name': 'os.system', 'args': ['update-ca-certificates'], 'keywords': [], 'hasInputs': False}"
certidude-mastercli.py,"{'type': 'function_call', 'line': 450, 'name': 'os.system', 'args': ['kdestroy'], 'keywords': [], 'hasInputs': False}"
certidude-mastercli.py,"{'type': 'function_call', 'line': 528, 'name': 'os.system', 'args': ['systemctl daemon-reload'], 'keywords': [], 'hasInputs': False}"
certidude-mastercli.py,"{'type': 'function_call', 'line': 536, 'name': 'os.system', 'args': ['service openvpn start'], 'keywords': [], 'hasInputs': False}"
certidude-mastercli.py,"{'type': 'function_call', 'line': 574, 'name': 'os.system', 'args': ['strongswan start'], 'keywords': [], 'hasInputs': False}"
certidude-mastercli.py,"{'type': 'function_call', 'line': 577, 'name': 'os.system', 'args': ['ipsec start'], 'keywords': [], 'hasInputs': False}"
certidude-mastercli.py,"{'type': 'function_call', 'line': 634, 'name': 'os.system', 'args': ['nmcli con reload'], 'keywords': [], 'hasInputs': False}"
certidude-mastercli.py,"{'type': 'function_call', 'line': 678, 'name': 'os.system', 'args': ['nmcli con reload'], 'keywords': [], 'hasInputs': False}"
certidude-mastercli.py,"{'type': 'function_call', 'line': 1211, 'name': 'os.system', 'args': ['systemctl daemon-reload'], 'keywords': [], 'hasInputs': False}"
certidude-mastercli.py,"{'type': 'function_call', 'line': 1443, 'name': 'os.system', 'args': ['systemctl enable certidude-backend.service'], 'keywords': [], 'hasInputs': False}"
certidude-mastercli.py,"{'type': 'function_call', 'line': 1444, 'name': 'os.system', 'args': ['systemctl enable nginx'], 'keywords': [], 'hasInputs': False}"
certidude-mastercli.py,"{'type': 'function_call', 'line': 1445, 'name': 'os.system', 'args': ['systemctl enable certidude-ocsp-cache.timer'], 'keywords': [], 'hasInputs': False}"
certidude-mastercli.py,"{'type': 'function_call', 'line': 1446, 'name': 'os.system', 'args': ['systemctl enable certidude-housekeeping-daily.timer'], 'keywords': [], 'hasInputs': False}"
certidude-mastercli.py,"{'type': 'function_call', 'line': 1447, 'name': 'os.system', 'args': ['systemctl start certidude-housekeeping-daily.timer'], 'keywords': [], 'hasInputs': False}"
certidude-mastercli.py,"{'type': 'function_call', 'line': 1448, 'name': 'os.system', 'args': ['systemctl start certidude-ocsp-cache.timer'], 'keywords': [], 'hasInputs': False}"
certidude-mastercli.py,"{'type': 'function_call', 'line': 1450, 'name': 'os.system', 'args': ['systemctl enable certidude-ldap-kinit.timer'], 'keywords': [], 'hasInputs': False}"
certidude-mastercli.py,"{'type': 'function_call', 'line': 1451, 'name': 'os.system', 'args': ['systemctl start certidude-ldap-kinit.timer'], 'keywords': [], 'hasInputs': False}"
certidude-mastercli.py,"{'type': 'function_call', 'line': 1452, 'name': 'os.system', 'args': ['systemctl start certidude-ldap-kinit.service'], 'keywords': [], 'hasInputs': False}"
certidude-mastercli.py,"{'type': 'function_call', 'line': 1591, 'name': 'os.system', 'args': ['chown certidude:certidude %s.part'], 'keywords': [], 'hasInputs': False}"
certidude-masterbuilder.py,"{'type': 'function_call', 'line': 32, 'name': 'os.system', 'args': ['rsync -av ', 'overlay_path', '/ ', '/var/lib/certidude/builder/profile', '/overlay/'], 'keywords': [], 'hasInputs': False}"
certidude-masterbuilder.py,"{'type': 'variable', 'line': 39, 'name': 'proc', 'value': None, 'valueSrc': 'subprocess.Popen', 'isInput': False, 'args': ['/bin/bash', 'build_script_path'], 'funcKeywords': [['creationflags', 0]]}"
ZeroNet-py3zeronet.py,"{'type': 'function_call', 'line': 72, 'name': 'subprocess.Popen', 'args': ['notepad.exe', '/error.log'], 'keywords': [], 'hasInputs': False}"
ZeroNet-py3DebugMedia.py,"{'type': 'variable', 'line': 101, 'name': 'compiler', 'value': None, 'valueSrc': 'subprocess.Popen', 'isInput': False, 'args': [' file_path_escaped'], 'funcKeywords': [['stdout', None]]}"
ZeroNet-py3TorManager.py,"{'type': 'variable', 'line': 99, 'name': None, 'value': None, 'valueSrc': 'subprocess.Popen', 'isInput': False, 'args': ['%s -f torrc --defaults-torrc torrc-defaults --ignore-missing-torrc'], 'funcKeywords': [['startupinfo', 'startupinfo']]}"
ZeroNet-py3CryptConnection.py,"{'type': 'variable', 'line': 153, 'name': 'proc', 'value': None, 'valueSrc': 'subprocess.Popen', 'isInput': False, 'args': ['%s req -new -newkey rsa:2048 -days 3650 -nodes -x509 -config %s -subj %s -keyout %s -out %s -batchcmd_params'], 'funcKeywords': [['env', None]]}"
ZeroNet-py3CryptConnection.py,"{'type': 'variable', 'line': 176, 'name': 'proc', 'value': None, 'valueSrc': 'subprocess.Popen', 'isInput': False, 'args': ['%s req -new -newkey rsa:2048 -keyout %s -out %s -subj %s -sha256 -nodes -batch -config %s'], 'funcKeywords': [['env', None]]}"
ZeroNet-py3CryptConnection.py,"{'type': 'variable', 'line': 195, 'name': 'proc', 'value': None, 'valueSrc': 'subprocess.Popen', 'isInput': False, 'args': ['%s x509 -req -in %s -CA %s -CAkey %s -set_serial 01 -out %s -days 730 -sha256 -extensions x509_ext -extfile %s'], 'funcKeywords': [['env', None]]}"
appdaemon-devapp_management.py,"{'type': 'function_call', 'line': 731, 'name': 'subprocess.Popen', 'args': ['command_line'], 'keywords': [['shell', True]], 'hasInputs': False}"
pdf-miner-masterxml_convertor.py,"{'type': 'function_call', 'line': 9, 'name': 'os.system', 'args': ['pdftohtml -s -xml -i -c -q %s %s', 'path', 'path'], 'keywords': [], 'hasInputs': False}"
pdf-miner-masterautomata.py,"{'type': 'function_call', 'line': 28, 'name': 'os.system', 'args': ['rm -r  ', 'src', '/*'], 'keywords': [], 'hasInputs': False}"
ccxt-master_version.py,"{'type': 'variable', 'line': 79, 'name': 'p', 'value': None, 'valueSrc': 'subprocess.Popen', 'isInput': False, 'args': ['args'], 'funcKeywords': [['stderr', None]]}"
Catsup-masterinstall.py,"{'type': 'function_call', 'line': 17, 'name': 'os.system', 'args': ['git clone {clone_url} {tmp_dir}.format'], 'keywords': [], 'hasInputs': False}"
Nuitka-developTracing.py,"{'type': 'function_call', 'line': 96, 'name': 'os.system', 'args': [''], 'keywords': [], 'hasInputs': False}"
Nuitka-developStandalone.py,"{'type': 'variable', 'line': 257, 'name': 'process', 'value': None, 'valueSrc': 'subprocess.Popen', 'isInput': False, 'args': [], 'funcKeywords': [['env', None]]}"
Nuitka-developStandalone.py,"{'type': 'variable', 'line': 595, 'name': 'process', 'value': None, 'valueSrc': 'subprocess.Popen', 'isInput': False, 'args': [], 'funcKeywords': [['stderr', None]]}"
Nuitka-developStandalone.py,"{'type': 'variable', 'line': 698, 'name': 'process', 'value': None, 'valueSrc': 'subprocess.Popen', 'isInput': False, 'args': [], 'funcKeywords': [['stderr', None]]}"
Nuitka-developStandalone.py,"{'type': 'variable', 'line': 761, 'name': 'process', 'value': None, 'valueSrc': 'subprocess.Popen', 'isInput': False, 'args': [], 'funcKeywords': [['stderr', None]]}"
Nuitka-developStandalone.py,"{'type': 'variable', 'line': 1024, 'name': 'depends_exe_process', 'value': None, 'valueSrc': 'subprocess.Popen', 'isInput': False, 'args': ['depends_exe', '-c', '-ot%s', 'output_filename', '-d:%s', 'dwp_filename', '-f1', '-pa1', '-ps1', 'binary_filename'], 'funcKeywords': [['cwd', None]]}"
Nuitka-developStandalone.py,"{'type': 'variable', 'line': 1338, 'name': 'process', 'value': None, 'valueSrc': 'subprocess.Popen', 'isInput': False, 'args': ['readelf', '-d', 'filename'], 'funcKeywords': [['shell', False]]}"
Nuitka-developStandalone.py,"{'type': 'variable', 'line': 1383, 'name': 'process', 'value': None, 'valueSrc': 'subprocess.Popen', 'isInput': False, 'args': ['chrpath', '-d', 'filename'], 'funcKeywords': [['shell', False]]}"
Nuitka-developSharedLibraries.py,"{'type': 'variable', 'line': 78, 'name': 'process', 'value': None, 'valueSrc': 'subprocess.Popen', 'isInput': False, 'args': [], 'funcKeywords': [['stderr', None]]}"
Nuitka-developExecution.py,"{'type': 'variable', 'line': 49, 'name': 'process', 'value': None, 'valueSrc': 'subprocess.Popen', 'isInput': False, 'args': [], 'funcKeywords': [['args', 'args']]}"
Nuitka-developExecution.py,"{'type': 'variable', 'line': 148, 'name': 'process', 'value': None, 'valueSrc': 'subprocess.Popen', 'isInput': False, 'args': [], 'funcKeywords': []}"
Nuitka-developDebian.py,"{'type': 'function_call', 'line': 68, 'name': 'os.system', 'args': ['debchange -R ""New upstream release.""'], 'keywords': [], 'hasInputs': False}"
Nuitka-developDebian.py,"{'type': 'function_call', 'line': 71, 'name': 'os.system', 'args': ['debchange -R ""New upstream hotfix release.""'], 'keywords': [], 'hasInputs': False}"
Nuitka-develop__main__.py,"{'type': 'function_call', 'line': 109, 'name': 'os.system', 'args': ['cp dist/deb_dist/*.deb dist/'], 'keywords': [], 'hasInputs': False}"
Nuitka-developGit.py,"{'type': 'variable', 'line': 111, 'name': 'apply_patch', 'value': None, 'valueSrc': 'subprocess.Popen', 'isInput': False, 'args': ['git', 'apply', '-'], 'funcKeywords': [['stderr', None]]}"
Nuitka-developPyLint.py,"{'type': 'variable', 'line': 246, 'name': 'process', 'value': None, 'valueSrc': 'subprocess.Popen', 'isInput': False, 'args': [], 'funcKeywords': [['shell', False]]}"
Nuitka-developSconsSpawn.py,"{'type': 'variable', 'line': 58, 'name': 'proc', 'value': None, 'valueSrc': 'subprocess.Popen', 'isInput': False, 'args': ['self.cmdline'], 'funcKeywords': [['env', None]]}"
Nuitka-developAction.py,"{'type': 'variable', 'line': 811, 'name': 'pobj', 'value': None, 'valueSrc': 'subprocess.Popen', 'isInput': False, 'args': ['os.chdir(%s)\nrepr'], 'funcKeywords': []}"
Nuitka-developintelc.py,"{'type': 'function_call', 'line': 487, 'name': 'os.system', 'args': ['%s/%s/icc --version', 'topdir', 'bin'], 'keywords': [], 'hasInputs': False}"
Nuitka-developintelc.py,"{'type': 'function_call', 'line': 490, 'name': 'os.system', 'args': ['%s/%s/icc --version', 'topdir', 'bin'], 'keywords': [], 'hasInputs': False}"
Nuitka-developsuncxx.py,"{'type': 'variable', 'line': 77, 'name': 'p', 'value': None, 'valueSrc': 'subprocess.Popen', 'isInput': False, 'args': ['pkginfo', '-l', 'package_name'], 'funcKeywords': []}"
Nuitka-developsuncxx.py,"{'type': 'variable', 'line': 96, 'name': 'p', 'value': None, 'valueSrc': 'subprocess.Popen', 'isInput': False, 'args': ['pkgchk', '-l', 'package_name'], 'funcKeywords': []}"
Nuitka-developvc.py,"{'type': 'variable', 'line': 326, 'name': 'sp', 'value': None, 'valueSrc': 'subprocess.Popen', 'isInput': False, 'args': [['vswhere_path', '-products', '*', '-version', 'vswhere_version', '-property', 'installationPath']], 'funcKeywords': [['stderr', None]]}"
Nuitka-developInteractive.py,"{'type': 'variable', 'line': 351, 'name': 'p', 'value': None, 'valueSrc': 'subprocess.Popen', 'isInput': False, 'args': ['os.environ'], 'funcKeywords': [['shell', None]]}"
Nuitka-developposix.py,"{'type': 'variable', 'line': 66, 'name': 'proc', 'value': None, 'valueSrc': 'subprocess.Popen', 'isInput': False, 'args': ['l'], 'funcKeywords': [['close_fds', True]]}"
Nuitka-developposix.py,"{'type': 'variable', 'line': 73, 'name': 'proc', 'value': None, 'valueSrc': 'subprocess.Popen', 'isInput': False, 'args': ['l'], 'funcKeywords': [['stderr', 'stderr']]}"
Nuitka-developsunc++.py,"{'type': 'variable', 'line': 63, 'name': 'p', 'value': None, 'valueSrc': 'subprocess.Popen', 'isInput': False, 'args': ['pkginfo', '-l', 'package_name'], 'funcKeywords': [['stderr', None]]}"
Nuitka-developsunc++.py,"{'type': 'variable', 'line': 77, 'name': 'p', 'value': None, 'valueSrc': 'subprocess.Popen', 'isInput': False, 'args': ['pkgchk', '-l', 'package_name'], 'funcKeywords': [['stderr', None]]}"
Nuitka-developposix.py,"{'type': 'variable', 'line': 62, 'name': 'proc', 'value': None, 'valueSrc': 'subprocess.Popen', 'isInput': False, 'args': ['l'], 'funcKeywords': [['close_fds', True]]}"
Nuitka-developposix.py,"{'type': 'variable', 'line': 69, 'name': 'proc', 'value': None, 'valueSrc': 'subprocess.Popen', 'isInput': False, 'args': ['l'], 'funcKeywords': [['stderr', 'stderr']]}"
Nuitka-developrun-valgrind.py,"{'type': 'function_call', 'line': 62, 'name': 'os.system', 'args': ['%s %s --python-flag=-S --output-dir=%s %s %s %s', 'nuitka_binary', 'tempdir', '--unstripped', None, 'sys.argv'], 'keywords': [], 'hasInputs': False}"
Nuitka-developrun-valgrind.py,"{'type': 'function_call', 'line': 106, 'name': 'os.system', 'args': ['kcachegrind 2>/dev/null 1>/dev/null %s &', '.log'], 'keywords': [], 'hasInputs': False}"
Nuitka-developmake-release.py,"{'type': 'function_call', 'line': 129, 'name': 'os.system', 'args': ['cp dist/deb_dist/*.deb dist/'], 'keywords': [], 'hasInputs': False}"
Look4Face-masterface_resize.py,"{'type': 'function_call', 'line': 42, 'name': 'os.system', 'args': [""find . -name '*.DS_Store' -type f -delete""], 'keywords': [], 'hasInputs': False}"
Look4Face-masterface_align.py,"{'type': 'function_call', 'line': 25, 'name': 'os.system', 'args': [""find . -name '*.DS_Store' -type f -delete""], 'keywords': [], 'hasInputs': False}"
django-tables2-mastermaintenance.py,"{'type': 'function_call', 'line': 13, 'name': 'os.system', 'args': ['python setup.py clean --all'], 'keywords': [], 'hasInputs': False}"
django-tables2-mastermaintenance.py,"{'type': 'function_call', 'line': 14, 'name': 'os.system', 'args': ['python setup.py sdist bdist_wheel --universal'], 'keywords': [], 'hasInputs': False}"
django-tables2-mastermaintenance.py,"{'type': 'function_call', 'line': 15, 'name': 'os.system', 'args': ['twine upload dist/django-tables2-{version}.tar.gz dist/django_tables2-{version}-py2.py3-none-any.whl.format'], 'keywords': [], 'hasInputs': False}"
django-tables2-mastermaintenance.py,"{'type': 'function_call', 'line': 27, 'name': 'os.system', 'args': [""git tag -a v{} -m 'tagging v{}'.format"", 'VERSION', 'VERSION'], 'keywords': [], 'hasInputs': False}"
django-tables2-mastermaintenance.py,"{'type': 'function_call', 'line': 28, 'name': 'os.system', 'args': ['git push --tags && git push origin master'], 'keywords': [], 'hasInputs': False}"
django-tables2-mastermaintenance.py,"{'type': 'variable', 'line': 35, 'name': 'chrome', 'value': None, 'valueSrc': 'subprocess.Popen', 'isInput': False, 'args': ['chromium-browser', '--incognito', '--headless', '--screenshot', 'url'], 'funcKeywords': [['close_fds', False]]}"
django-tables2-mastermaintenance.py,"{'type': 'function_call', 'line': 41, 'name': 'os.system', 'args': ['convert screenshot.png -trim -bordercolor White -border 10x10 {}.format', 'dest'], 'keywords': [], 'hasInputs': False}"
fapws2-mastercgiapp.py,"{'type': 'variable', 'line': 38, 'name': 'proc', 'value': None, 'valueSrc': 'subprocess.Popen', 'isInput': False, 'args': ['self.script'], 'funcKeywords': [['cwd', None]]}"
python-plantuml-masterplantuml.py,"{'type': 'variable', 'line': 212, 'name': 'parser', 'value': None, 'valueSrc': 'ArgumentParser', 'isInput': False, 'args': [], 'funcKeywords': [['description', 'Generate images from plantuml defined files using plantuml server']]}"
Flask-Scaffold-mastermsvs_emulation.py,"{'type': 'variable', 'line': 128, 'name': 'p', 'value': None, 'valueSrc': 'subprocess.Popen', 'isInput': False, 'args': [['reg.exe', 'query', 'HKLM\\Software\\Microsoft\\DirectX', '/s']], 'funcKeywords': [['stderr', None]]}"
Flask-Scaffold-mastermsvs_emulation.py,"{'type': 'variable', 'line': 1029, 'name': 'popen', 'value': None, 'valueSrc': 'subprocess.Popen', 'isInput': False, 'args': ['args'], 'funcKeywords': [['stderr', None]]}"
Flask-Scaffold-mastermsvs_emulation.py,"{'type': 'variable', 'line': 1049, 'name': 'popen', 'value': None, 'valueSrc': 'subprocess.Popen', 'isInput': False, 'args': ['args'], 'funcKeywords': [['stdout', None]]}"
Flask-Scaffold-mastermac_tool.py,"{'type': 'variable', 'line': 83, 'name': 'ibtoolout', 'value': None, 'valueSrc': 'subprocess.Popen', 'isInput': False, 'args': [['xcrun', 'ibtool', '--errors', '--warnings', '--notices', '--output-format', 'human-readable-text', '--compile', 'dest', 'source']], 'funcKeywords': [['stdout', None]]}"
Flask-Scaffold-mastermac_tool.py,"{'type': 'variable', 'line': 242, 'name': 'libtoolout', 'value': None, 'valueSrc': 'subprocess.Popen', 'isInput': False, 'args': ['cmd_list'], 'funcKeywords': [['env', 'env']]}"
Flask-Scaffold-mastereclipse.py,"{'type': 'variable', 'line': 97, 'name': 'proc', 'value': None, 'valueSrc': 'subprocess.Popen', 'isInput': False, 'args': [], 'funcKeywords': [['stderr', None]]}"
Flask-Scaffold-mastereclipse.py,"{'type': 'variable', 'line': 234, 'name': 'cpp_proc', 'value': None, 'valueSrc': 'subprocess.Popen', 'isInput': False, 'args': [], 'funcKeywords': [['stdout', None]]}"
Flask-Scaffold-mastermake.py,"{'type': 'variable', 'line': 97, 'name': 'proc', 'value': None, 'valueSrc': 'subprocess.Popen', 'isInput': False, 'args': [], 'funcKeywords': [['stderr', None]]}"
Flask-Scaffold-mastermake.py,"{'type': 'variable', 'line': 234, 'name': 'cpp_proc', 'value': None, 'valueSrc': 'subprocess.Popen', 'isInput': False, 'args': [], 'funcKeywords': [['stdout', None]]}"
BillCipher-masterbillcipher.py,"{'type': 'function_call', 'line': 21, 'name': 'os.system', 'args': ['cls'], 'keywords': [], 'hasInputs': False}"
BillCipher-masterbillcipher.py,"{'type': 'function_call', 'line': 23, 'name': 'os.system', 'args': ['clear'], 'keywords': [], 'hasInputs': False}"
BillCipher-masterbillcipher.py,"{'type': 'function_call', 'line': 156, 'name': 'os.system', 'args': ['cd modules/Infoga && python3 infoga.py --domain ', 'victim'], 'keywords': [], 'hasInputs': True}"
BillCipher-masterbillcipher.py,"{'type': 'function_call', 'line': 161, 'name': 'os.system', 'args': ['cd modules/Sublist3r && python3 sublist3r.py -d ', 'victim'], 'keywords': [], 'hasInputs': True}"
BillCipher-masterbillcipher.py,"{'type': 'function_call', 'line': 166, 'name': 'os.system', 'args': ['cd modules/Breacher && python breacher.py -u ', 'victim'], 'keywords': [], 'hasInputs': True}"
BillCipher-masterbillcipher.py,"{'type': 'function_call', 'line': 171, 'name': 'os.system', 'args': ['ruby ./modules/HatCloud/hatcloud.rb -b ', 'victim'], 'keywords': [], 'hasInputs': True}"
BillCipher-masterbillcipher.py,"{'type': 'function_call', 'line': 175, 'name': 'os.system', 'args': ['cd websource && mkdir ', 'victim'], 'keywords': [], 'hasInputs': True}"
BillCipher-masterbillcipher.py,"{'type': 'function_call', 'line': 176, 'name': 'os.system', 'args': ['cd websource && cd ', 'victim', ' && httrack ', 'victim'], 'keywords': [], 'hasInputs': True}"
BillCipher-masterbillcipher.py,"{'type': 'function_call', 'line': 182, 'name': 'os.system', 'args': ['whatweb -v ', 'victim'], 'keywords': [], 'hasInputs': True}"
thefuck-masterargument_parser.py,"{'type': 'variable', 'line': 14, 'name': None, 'value': None, 'valueSrc': 'ArgumentParser', 'isInput': False, 'args': [], 'funcKeywords': [['add_help', False]]}"
thefuck-mastergem_unknown_command.py,"{'type': 'variable', 'line': 19, 'name': 'proc', 'value': None, 'valueSrc': 'subprocess.Popen', 'isInput': False, 'args': ['gem', 'help', 'commands'], 'funcKeywords': [['stdout', None]]}"
thefuck-mastergo_unknown_command.py,"{'type': 'variable', 'line': 8, 'name': 'proc', 'value': None, 'valueSrc': 'subprocess.Popen', 'isInput': False, 'args': ['go'], 'funcKeywords': [['stderr', None]]}"
thefuck-masterapt_invalid_operation.py,"{'type': 'variable', 'line': 43, 'name': 'proc', 'value': None, 'valueSrc': 'subprocess.Popen', 'isInput': False, 'args': ['app', '--help'], 'funcKeywords': [['stderr', None]]}"
thefuck-mastergulp_not_task.py,"{'type': 'variable', 'line': 13, 'name': 'proc', 'value': None, 'valueSrc': 'subprocess.Popen', 'isInput': False, 'args': ['gulp', '--tasks-simple'], 'funcKeywords': [['stdout', None]]}"
thefuck-mastergit_checkout.py,"{'type': 'variable', 'line': 16, 'name': 'proc', 'value': None, 'valueSrc': 'subprocess.Popen', 'isInput': False, 'args': ['git', 'branch', '-a', '--no-color', '--no-column'], 'funcKeywords': [['stdout', None]]}"
thefuck-masterdnf_no_such_command.py,"{'type': 'variable', 'line': 23, 'name': 'proc', 'value': None, 'valueSrc': 'subprocess.Popen', 'isInput': False, 'args': ['dnf', '--help'], 'funcKeywords': [['stderr', None]]}"
thefuck-masterifconfig_device_not_found.py,"{'type': 'variable', 'line': 13, 'name': 'proc', 'value': None, 'valueSrc': 'subprocess.Popen', 'isInput': False, 'args': ['ifconfig', '-a'], 'funcKeywords': [['stdout', None]]}"
thefuck-masterdocker_not_command.py,"{'type': 'variable', 'line': 22, 'name': 'proc', 'value': None, 'valueSrc': 'subprocess.Popen', 'isInput': False, 'args': ['docker'], 'funcKeywords': [['stderr', None]]}"
thefuck-masteryum_invalid_operation.py,"{'type': 'variable', 'line': 18, 'name': 'proc', 'value': None, 'valueSrc': 'subprocess.Popen', 'isInput': False, 'args': ['yum'], 'funcKeywords': [['stdout', None]]}"
django-crispy-forms-mastersetup.py,"{'type': 'function_call', 'line': 15, 'name': 'os.system', 'args': ['python setup.py sdist bdist_wheel'], 'keywords': [], 'hasInputs': False}"
django-crispy-forms-mastersetup.py,"{'type': 'function_call', 'line': 16, 'name': 'os.system', 'args': ['twine upload dist/*'], 'keywords': [], 'hasInputs': False}"
Django-E-Commerce-mastersubprocess.py,"{'type': 'variable', 'line': 185, 'name': 'proc', 'value': None, 'valueSrc': 'subprocess.Popen', 'isInput': False, 'args': ['reveal_command_args'], 'funcKeywords': [['env', 'env']]}"
Django-E-Commerce-masterGifImagePlugin.py,"{'type': 'variable', 'line': 634, 'name': 'quant_proc', 'value': None, 'valueSrc': 'subprocess.Popen', 'isInput': False, 'args': [['ppmquant', '256', 'tempfile']], 'funcKeywords': [['stderr', None]]}"
Django-E-Commerce-masterGifImagePlugin.py,"{'type': 'variable', 'line': 637, 'name': 'togif_proc', 'value': None, 'valueSrc': 'subprocess.Popen', 'isInput': False, 'args': [['ppmtogif']], 'funcKeywords': [['stderr', None]]}"
Django-E-Commerce-masterImageShow.py,"{'type': 'function_call', 'line': 92, 'name': 'os.system', 'args': ['self.get_command', 'file'], 'keywords': [], 'hasInputs': False}"
Django-E-Commerce-masterImageShow.py,"{'type': 'function_call', 'line': 135, 'name': 'subprocess.Popen', 'args': ['im=$(cat); open -a Preview.app $im; sleep 20; rm -f $im'], 'keywords': [['shell', True], ['stdin', None]], 'hasInputs': False}"
Django-E-Commerce-masterImageShow.py,"{'type': 'function_call', 'line': 164, 'name': 'subprocess.Popen', 'args': ['im=$(cat);', 'self.get_command_ex', ' $im; rm -f $im'], 'keywords': [['shell', True], ['stdin', None]], 'hasInputs': False}"
Django-E-Commerce-masterIcnsImagePlugin.py,"{'type': 'variable', 'line': 341, 'name': 'convert_proc', 'value': None, 'valueSrc': 'subprocess.Popen', 'isInput': False, 'args': [['iconutil', '-c', 'icns', '-o', 'filename', 'iconset']], 'funcKeywords': [['stderr', None]]}"
learn_python3_spider-masterpkgconfig.py,"{'type': 'variable', 'line': 33, 'name': 'pc', 'value': None, 'valueSrc': 'subprocess.Popen', 'isInput': False, 'args': [['pkg-config', '--print-errors']], 'funcKeywords': [['stderr', None]]}"
learn_python3_spider-mastermisc.py,"{'type': 'variable', 'line': 713, 'name': 'proc', 'value': None, 'valueSrc': 'subprocess.Popen', 'isInput': False, 'args': ['cmd'], 'funcKeywords': [['env', 'env']]}"
learn_python3_spider-masterindex.py,"{'type': 'variable', 'line': 200, 'name': 'p', 'value': None, 'valueSrc': 'subprocess.Popen', 'isInput': False, 'args': [['self.gpg', '--status-fd', '2', '--no-tty']], 'funcKeywords': []}"
learn_python3_spider-masterutil.py,"{'type': 'variable', 'line': 1737, 'name': 'p', 'value': None, 'valueSrc': 'subprocess.Popen', 'isInput': False, 'args': ['cmd'], 'funcKeywords': []}"
learn_python3_spider-master_cmd.py,"{'type': 'variable', 'line': 31, 'name': 'parser', 'value': None, 'valueSrc': 'ArgumentParser', 'isInput': False, 'args': []}"
learn_python3_spider-mastergenspider.py,"{'type': 'variable', 'line': 84, 'name': None, 'value': None, 'valueSrc': 'os.system', 'isInput': False, 'args': ['scrapy edit ""%s""', 'name']}"
learn_python3_spider-masterbench.py,"{'type': 'variable', 'line': 34, 'name': None, 'value': None, 'valueSrc': 'subprocess.Popen', 'isInput': False, 'args': [['sys.executable', '-u', '-m', 'scrapy.utils.benchserver']], 'funcKeywords': [['env', None]]}"
learn_python3_spider-masteredit.py,"{'type': 'variable', 'line': 39, 'name': None, 'value': None, 'valueSrc': 'os.system', 'isInput': False, 'args': ['%s ""%s""', 'editor', 'sfile']}"
learn_python3_spider-mastercftp.py,"{'type': 'function_call', 'line': 655, 'name': 'os.system', 'args': ['mkdir %s', 'path'], 'keywords': [], 'hasInputs': False}"
learn_python3_spider-mastercftp.py,"{'type': 'function_call', 'line': 663, 'name': 'os.system', 'args': ['ls %s', 'rest'], 'keywords': [], 'hasInputs': False}"
learn_python3_spider-mastercftp.py,"{'type': 'function_call', 'line': 733, 'name': 'os.system', 'args': ['/bin/sh'], 'keywords': [], 'hasInputs': False}"
learn_python3_spider-masterencryption.py,"{'type': 'function_call', 'line': 153, 'name': 'subprocess.Popen', 'args': [[]], 'keywords': [], 'hasInputs': False}"
pbtk-masterpburl_decoder.py,"{'type': 'variable', 'line': 134, 'name': 'parser', 'value': None, 'valueSrc': 'ArgumentParser', 'isInput': False, 'args': [], 'funcKeywords': [['description', 'Decode a JsProtoUrl text message, providing a .proto.']]}"
pbtk-mastercommon.py,"{'type': 'variable', 'line': 253, 'name': 'parser', 'value': None, 'valueSrc': 'ArgumentParser', 'isInput': False, 'args': [], 'funcKeywords': [['description', None]]}"
Cactus_Refactored-masterimageopti.py,"{'type': 'function_call', 'line': 36, 'name': 'os.system', 'args': ['command'], 'keywords': [], 'hasInputs': False}"
Cactus_Refactored-masterimageopti.py,"{'type': 'function_call', 'line': 40, 'name': 'os.system', 'args': ['command'], 'keywords': [], 'hasInputs': False}"
Cactus_Refactored-mastersass.py,"{'type': 'function_call', 'line': 56, 'name': 'os.system', 'args': ['cmd'], 'keywords': [], 'hasInputs': False}"
Cactus_Refactored-masterless.py,"{'type': 'function_call', 'line': 47, 'name': 'os.system', 'args': ['cmd'], 'keywords': [], 'hasInputs': False}"
boto-developutils.py,"{'type': 'variable', 'line': 561, 'name': None, 'value': None, 'valueSrc': 'subprocess.Popen', 'isInput': False, 'args': ['self.command'], 'funcKeywords': [['cwd', 'cwd']]}"
boto-developtask.py,"{'type': 'variable', 'line': 105, 'name': 'process', 'value': None, 'valueSrc': 'subprocess.Popen', 'isInput': False, 'args': ['self.command'], 'funcKeywords': [['stderr', None]]}"
boto-developcmdshell.py,"{'type': 'variable', 'line': 335, 'name': 'process', 'value': None, 'valueSrc': 'subprocess.Popen', 'isInput': False, 'args': ['self.command'], 'funcKeywords': [['stderr', None]]}"
