./../final-unzips/personfinder-master/tools/merge_messages.py,"{'type': 'function_call', 'line': 162, 'name': 'xml.sax.parse', 'args': ['open', 'handler'], 'keywords': [], 'hasInputs': False}"
./../final-unzips/personfinder-master/tools/console.py,"{'type': 'function_call', 'line': 162, 'name': 'xml.sax.parse', 'args': ['open', 'handler'], 'keywords': [], 'hasInputs': False}"
./../final-unzips/pyspider-master/pyspider/libs/counter.py,"{'type': 'variable', 'line': 437, 'name': 'self.counters', 'value': None, 'valueSrc': 'cPickle.load', 'isInput': False, 'args': ['fp']}"
./../final-unzips/Lexos-master/lexos/models/file_manager_model.py,"{'type': 'function_def', 'line': 28, 'name': 'load_file_manager', 'args': ['self'], 'defaults': [], 'return': 'pickle.load', 'returnArgs': ['open']}"
./../final-unzips/Lexos-master/lexos/helpers/general_functions.py,"{'type': 'variable', 'line': 295, 'name': 'file_string', 'value': None, 'valueSrc': 'pickle.load', 'isInput': False, 'args': ['open']}"
./../final-unzips/Lexos-master/lexos/managers/utility.py,"{'type': 'variable', 'line': 233, 'name': 'file_manager', 'value': None, 'valueSrc': 'pickle.load', 'isInput': False, 'args': ['open']}"
./../final-unzips/Lexos-master/lexos/managers/session_manager.py,"{'type': 'variable', 'line': 109, 'name': 'new_session', 'value': None, 'valueSrc': 'pickle.load', 'isInput': False, 'args': ['open']}"
./../final-unzips/E-Commerce-Website-master/E-Commerce/venv/Lib/site-packages/django/core/cache/backends/locmem.py,"{'type': 'function_def', 'line': 35, 'name': 'get', 'args': ['self', 'key', 'default', 'version'], 'defaults': [None, None], 'return': 'pickle.loads', 'returnArgs': ['pickled']}"
./../final-unzips/E-Commerce-Website-master/E-Commerce/venv/Lib/site-packages/django/core/cache/backends/locmem.py,"{'type': 'variable', 'line': 76, 'name': 'value', 'value': None, 'valueSrc': 'pickle.loads', 'isInput': False, 'args': ['self._cache']}"
./../final-unzips/E-Commerce-Website-master/E-Commerce/venv/Lib/site-packages/django/core/cache/backends/filebased.py,"{'type': 'variable', 'line': 146, 'name': 'exp', 'value': None, 'valueSrc': 'pickle.load', 'isInput': False, 'args': ['f']}"
./../final-unzips/E-Commerce-Website-master/E-Commerce/venv/Lib/site-packages/django/contrib/sessions/serializers.py,"{'type': 'function_def', 'line': 16, 'name': 'loads', 'args': ['self', 'data'], 'defaults': [], 'return': 'pickle.loads', 'returnArgs': ['data']}"
./../final-unzips/E-Commerce-Website-master/E-Commerce/venv/Lib/site-packages/pip-19.0.3-py3.7.egg/pip/_vendor/cachecontrol/serialize.py,"{'type': 'variable', 'line': 148, 'name': 'cached', 'value': None, 'valueSrc': 'pickle.loads', 'isInput': False, 'args': [""b'cc=0'data""]}"
./../final-unzips/E-Commerce-Website-master/E-Commerce/MyVenv/Lib/site-packages/pip/_vendor/cachecontrol/serialize.py,"{'type': 'variable', 'line': 148, 'name': 'cached', 'value': None, 'valueSrc': 'pickle.loads', 'isInput': False, 'args': [""b'cc=0'data""]}"
./../final-unzips/E-Commerce-Website-master/E-Commerce/MyVenv/Lib/site-packages/setuptools/depends.py,"{'type': 'variable', 'line': 117, 'name': 'code', 'value': None, 'valueSrc': 'marshal.load', 'isInput': False, 'args': ['f']}"
./../final-unzips/E-Commerce-Website-master/E-Commerce/MyVenv/Lib/site-packages/setuptools/command/bdist_egg.py,"{'type': 'variable', 'line': 422, 'name': 'code', 'value': None, 'valueSrc': 'marshal.load', 'isInput': False, 'args': ['f']}"
./../final-unzips/hydroshare-develop/hs_app_netCDF/serialization.py,"{'type': 'function_call', 'line': 36, 'name': 'xml.sax.parse', 'args': ['self.rmeta_path', 'SAX_parse_results'], 'keywords': [], 'hasInputs': False}"
./../final-unzips/hydroshare-develop/hs_core/serialization.py,"{'type': 'function_call', 'line': 448, 'name': 'xml.sax.parse', 'args': ['self.rmeta_path', 'SAX_parse_results'], 'keywords': [], 'hasInputs': False}"
./../final-unzips/hydroshare-develop/hs_geo_raster_resource/serialization.py,"{'type': 'function_call', 'line': 28, 'name': 'xml.sax.parse', 'args': ['self.rmeta_path', 'SAX_parse_results'], 'keywords': [], 'hasInputs': False}"
./../final-unzips/FreeDiscovery-master/freediscovery/datasets.py,"{'type': 'variable', 'line': 176, 'name': 'twenty_news', 'value': None, 'valueSrc': 'pickle.load', 'isInput': False, 'args': ['fh']}"
./../final-unzips/FreeDiscovery-master/freediscovery/engine/vectorizer.py,"{'type': 'variable', 'line': 145, 'name': 'self._filenames', 'value': None, 'valueSrc': 'pickle.load', 'isInput': False, 'args': ['fh']}"
./../final-unzips/FreeDiscovery-master/freediscovery/engine/vectorizer.py,"{'type': 'variable', 'line': 160, 'name': 'self._pars', 'value': None, 'valueSrc': 'pickle.load', 'isInput': False, 'args': ['fh']}"
./../final-unzips/FreeDiscovery-master/freediscovery/engine/vectorizer.py,"{'type': 'variable', 'line': 179, 'name': 'self._vect', 'value': None, 'valueSrc': 'pickle.load', 'isInput': False, 'args': ['fh']}"
./../final-unzips/FreeDiscovery-master/freediscovery/engine/vectorizer.py,"{'type': 'variable', 'line': 426, 'name': 'filenames_concat', 'value': None, 'valueSrc': 'pickle.load', 'isInput': False, 'args': ['fh']}"
./../final-unzips/addons-server-master/src/olympia/versions/utils.py,"{'type': 'variable', 'line': 73, 'name': 'tree', 'value': None, 'valueSrc': 'lxml.etree.fromstring', 'isInput': False, 'args': ['header_blob']}"
./../final-unzips/face_recognition-master/examples/face_recognition_knn.py,"{'type': 'variable', 'line': 132, 'name': 'knn_clf', 'value': None, 'valueSrc': 'pickle.load', 'isInput': False, 'args': ['f']}"
./../final-unzips/face_recognition-master/examples/facerec_ipcamera_knn.py,"{'type': 'variable', 'line': 134, 'name': 'knn_clf', 'value': None, 'valueSrc': 'pickle.load', 'isInput': False, 'args': ['f']}"
./../final-unzips/nikola-master/nikola/plugins/command/check.py,"{'type': 'variable', 'line': 220, 'name': 'd', 'value': None, 'valueSrc': 'lxml.etree.parse', 'isInput': False, 'args': ['filename']}"
./../final-unzips/nikola-master/nikola/plugins/command/check.py,"{'type': 'variable', 'line': 227, 'name': 'd', 'value': None, 'valueSrc': 'lxml.etree.parse', 'isInput': False, 'args': ['filename']}"
./../final-unzips/Python-Django-Complete-Real-Estate-Website-master/venv/Lib/site-packages/pip/_vendor/cachecontrol/serialize.py,"{'type': 'variable', 'line': 152, 'name': 'cached', 'value': None, 'valueSrc': 'pickle.loads', 'isInput': False, 'args': [""b'cc=0'data""]}"
./../final-unzips/Python-Django-Complete-Real-Estate-Website-master/venv/Lib/site-packages/django/core/cache/backends/locmem.py,"{'type': 'function_def', 'line': 33, 'name': 'get', 'args': ['self', 'key', 'default', 'version'], 'defaults': [None, None], 'return': 'pickle.loads', 'returnArgs': ['pickled']}"
./../final-unzips/Python-Django-Complete-Real-Estate-Website-master/venv/Lib/site-packages/django/core/cache/backends/locmem.py,"{'type': 'variable', 'line': 74, 'name': 'value', 'value': None, 'valueSrc': 'pickle.loads', 'isInput': False, 'args': ['self._cache']}"
./../final-unzips/Python-Django-Complete-Real-Estate-Website-master/venv/Lib/site-packages/django/core/cache/backends/db.py,"{'type': 'function_def', 'line': 49, 'name': 'get', 'args': ['self', 'key', 'default', 'version'], 'defaults': [None, None], 'return': 'pickle.loads', 'returnArgs': ['base64.b64decode', 'value.encode']}"
./../final-unzips/Python-Django-Complete-Real-Estate-Website-master/venv/Lib/site-packages/django/core/cache/backends/filebased.py,"{'type': 'variable', 'line': 146, 'name': 'exp', 'value': None, 'valueSrc': 'pickle.load', 'isInput': False, 'args': ['f']}"
./../final-unzips/Python-Django-Complete-Real-Estate-Website-master/venv/Lib/site-packages/django/contrib/sessions/serializers.py,"{'type': 'function_def', 'line': 14, 'name': 'loads', 'args': ['self', 'data'], 'defaults': [], 'return': 'pickle.loads', 'returnArgs': ['data']}"
./../final-unzips/Python-Django-Complete-Real-Estate-Website-master/venv/Lib/site-packages/setuptools/depends.py,"{'type': 'variable', 'line': 117, 'name': 'code', 'value': None, 'valueSrc': 'marshal.load', 'isInput': False, 'args': ['f']}"
./../final-unzips/Python-Django-Complete-Real-Estate-Website-master/venv/Lib/site-packages/setuptools/command/bdist_egg.py,"{'type': 'variable', 'line': 422, 'name': 'code', 'value': None, 'valueSrc': 'marshal.load', 'isInput': False, 'args': ['f']}"
./../final-unzips/Bus-Reservation-System-master/Bus_reservation/Lib/site-packages/pip/_vendor/cachecontrol/serialize.py,"{'type': 'variable', 'line': 162, 'name': 'cached', 'value': None, 'valueSrc': 'pickle.loads', 'isInput': False, 'args': [""b'cc=0'data""]}"
./../final-unzips/Bus-Reservation-System-master/Bus_reservation/Lib/site-packages/django/core/cache/backends/db.py,"{'type': 'function_def', 'line': 53, 'name': 'get', 'args': ['self', 'key', 'default', 'version'], 'defaults': [None, None], 'return': 'pickle.loads', 'returnArgs': ['base64.b64decode', 'force_bytes']}"
./../final-unzips/Bus-Reservation-System-master/Bus_reservation/Lib/site-packages/django/core/cache/backends/filebased.py,"{'type': 'variable', 'line': 138, 'name': 'exp', 'value': None, 'valueSrc': 'pickle.load', 'isInput': False, 'args': ['f']}"
./../final-unzips/Bus-Reservation-System-master/Bus_reservation/Lib/site-packages/django/contrib/sessions/serializers.py,"{'type': 'function_def', 'line': 17, 'name': 'loads', 'args': ['self', 'data'], 'defaults': [], 'return': 'pickle.loads', 'returnArgs': ['data']}"
./../final-unzips/Bus-Reservation-System-master/Bus_reservation/Lib/site-packages/setuptools/depends.py,"{'type': 'variable', 'line': 150, 'name': 'code', 'value': None, 'valueSrc': 'marshal.load', 'isInput': False, 'args': ['f']}"
./../final-unzips/Bus-Reservation-System-master/Bus_reservation/Lib/site-packages/setuptools/command/bdist_egg.py,"{'type': 'variable', 'line': 392, 'name': 'code', 'value': None, 'valueSrc': 'marshal.load', 'isInput': False, 'args': ['f']}"
./../final-unzips/Bus-Reservation-System-master/Bus_reservation/Lib/importlib/_bootstrap.py,"{'type': 'variable', 'line': 656, 'name': 'code', 'value': None, 'valueSrc': 'marshal.loads', 'isInput': False, 'args': ['data']}"
./../final-unzips/ebook-viewer-master/src/workers/xml2obj.py,"{'type': 'function_call', 'line': 96, 'name': 'xml.sax.parseString', 'args': ['src', 'builder'], 'keywords': [], 'hasInputs': False}"
./../final-unzips/ebook-viewer-master/src/workers/xml2obj.py,"{'type': 'function_call', 'line': 98, 'name': 'xml.sax.parse', 'args': ['src', 'builder'], 'keywords': [], 'hasInputs': False}"
./../final-unzips/m.css-master/plugins/latex2svgextra.py,"{'type': 'variable', 'line': 146, 'name': '_cache', 'value': None, 'valueSrc': 'pickle.load', 'isInput': False, 'args': ['f']}"
./../final-unzips/E-Commerce-API-Python-master/capstonevenv/lib/python3.6/site-packages/flask_restful/utils/crypto.py,"{'type': 'function_def', 'line': 34, 'name': 'decrypt', 'args': ['encrypted_data', 'key', 'seed'], 'defaults': [], 'return': 'pickle.loads', 'returnArgs': ['strip']}"
./../final-unzips/E-Commerce-API-Python-master/capstonevenv/lib/python3.6/site-packages/pip/_vendor/cachecontrol/serialize.py,"{'type': 'variable', 'line': 168, 'name': 'cached', 'value': None, 'valueSrc': 'pickle.loads', 'isInput': False, 'args': [""b'cc=0'data""]}"
./../final-unzips/E-Commerce-API-Python-master/capstonevenv/lib/python3.6/site-packages/setuptools/depends.py,"{'type': 'variable', 'line': 117, 'name': 'code', 'value': None, 'valueSrc': 'marshal.load', 'isInput': False, 'args': ['f']}"
./../final-unzips/E-Commerce-API-Python-master/capstonevenv/lib/python3.6/site-packages/setuptools/command/bdist_egg.py,"{'type': 'variable', 'line': 416, 'name': 'code', 'value': None, 'valueSrc': 'marshal.load', 'isInput': False, 'args': ['f']}"
./../final-unzips/E-Commerce-API-Python-master/capstonevenv/lib/python3.6/site-packages/pycparser/ply/yacc.py,"{'type': 'variable', 'line': 2009, 'name': 'tabversion', 'value': None, 'valueSrc': 'pickle.load', 'isInput': False, 'args': ['in_f']}"
./../final-unzips/E-Commerce-API-Python-master/capstonevenv/lib/python3.6/site-packages/pycparser/ply/yacc.py,"{'type': 'variable', 'line': 2012, 'name': 'self.lr_method', 'value': None, 'valueSrc': 'pickle.load', 'isInput': False, 'args': ['in_f']}"
./../final-unzips/E-Commerce-API-Python-master/capstonevenv/lib/python3.6/site-packages/pycparser/ply/yacc.py,"{'type': 'variable', 'line': 2013, 'name': 'signature', 'value': None, 'valueSrc': 'pickle.load', 'isInput': False, 'args': ['in_f']}"
./../final-unzips/E-Commerce-API-Python-master/capstonevenv/lib/python3.6/site-packages/pycparser/ply/yacc.py,"{'type': 'variable', 'line': 2014, 'name': 'self.lr_action', 'value': None, 'valueSrc': 'pickle.load', 'isInput': False, 'args': ['in_f']}"
./../final-unzips/E-Commerce-API-Python-master/capstonevenv/lib/python3.6/site-packages/pycparser/ply/yacc.py,"{'type': 'variable', 'line': 2015, 'name': 'self.lr_goto', 'value': None, 'valueSrc': 'pickle.load', 'isInput': False, 'args': ['in_f']}"
./../final-unzips/E-Commerce-API-Python-master/capstonevenv/lib/python3.6/site-packages/pycparser/ply/yacc.py,"{'type': 'variable', 'line': 2016, 'name': 'productions', 'value': None, 'valueSrc': 'pickle.load', 'isInput': False, 'args': ['in_f']}"
./../final-unzips/E-Commerce-API-Python-master/capstonevenv/lib/python3.6/site-packages/sqlalchemy/ext/serializer.py,"{'type': 'variable', 'line': 105, 'name': 'unpickler', 'value': None, 'valueSrc': 'pickle.Unpickler', 'isInput': False, 'args': ['file']}"
./../final-unzips/E-Commerce-API-Python-master/capstonevenv/lib/python3.6/site-packages/sqlalchemy/ext/serializer.py,"{'type': 'variable', 'line': 125, 'name': 'cls', 'value': None, 'valueSrc': 'pickle.loads', 'isInput': False, 'args': ['b64decode']}"
./../final-unzips/E-Commerce-API-Python-master/capstonevenv/lib/python3.6/site-packages/sqlalchemy/ext/serializer.py,"{'type': 'variable', 'line': 128, 'name': 'cls', 'value': None, 'valueSrc': 'pickle.loads', 'isInput': False, 'args': ['b64decode']}"
./../final-unzips/E-Commerce-API-Python-master/capstonevenv/lib/python3.6/site-packages/sqlalchemy/ext/serializer.py,"{'type': 'variable', 'line': 132, 'name': 'cls', 'value': None, 'valueSrc': 'pickle.loads', 'isInput': False, 'args': ['b64decode']}"
./../final-unzips/E-Commerce-API-Python-master/capstonevenv/lib/python3.6/site-packages/py/_process/forkedfunc.py,"{'type': 'variable', 'line': 97, 'name': 'retval', 'value': None, 'valueSrc': 'marshal.loads', 'isInput': False, 'args': ['retval_data']}"
./../final-unzips/E-Commerce-API-Python-master/capstonevenv/lib/python3.6/site-packages/werkzeug/contrib/cache.py,"{'type': 'variable', 'line': 733, 'name': 'expires', 'value': None, 'valueSrc': 'pickle.load', 'isInput': False, 'args': ['f']}"
./../final-unzips/E-Commerce-API-Python-master/capstonevenv/lib/python3.6/site-packages/werkzeug/contrib/cache.py,"{'type': 'variable', 'line': 759, 'name': 'pickle_time', 'value': None, 'valueSrc': 'pickle.load', 'isInput': False, 'args': ['f']}"
./../final-unzips/E-Commerce-API-Python-master/capstonevenv/lib/python3.6/site-packages/werkzeug/contrib/cache.py,"{'type': 'variable', 'line': 803, 'name': 'pickle_time', 'value': None, 'valueSrc': 'pickle.load', 'isInput': False, 'args': ['f']}"
./../final-unzips/E-Commerce-API-Python-master/capstonevenv/lib/python3.6/site-packages/werkzeug/contrib/cache.py,"{'type': 'function_def', 'line': 843, 'name': 'get', 'args': ['self', 'key'], 'defaults': [], 'return': 'pickle.loads', 'returnArgs': ['rv']}"
./../final-unzips/E-Commerce-API-Python-master/capstonevenv/lib/python3.6/site-packages/jinja2/bccache.py,"{'type': 'function_def', 'line': 42, 'name': 'marshal_load', 'args': ['f'], 'defaults': [], 'return': 'marshal.loads', 'returnArgs': ['f.read']}"
./../final-unzips/E-Commerce-API-Python-master/capstonevenv/lib/python3.6/site-packages/jinja2/bccache.py,"{'type': 'variable', 'line': 87, 'name': 'checksum', 'value': None, 'valueSrc': 'pickle.load', 'isInput': False, 'args': ['f']}"
./../final-unzips/Rakathon-master/RecommendationEngine-ML-ElasticSearch-PythonProject/app.py,"{'type': 'variable', 'line': 111, 'name': 'vectorizer', 'value': None, 'valueSrc': 'pickle.load', 'isInput': False, 'args': ['infile']}"
./../final-unzips/Rakathon-master/RecommendationEngine-ML-ElasticSearch-PythonProject/app.py,"{'type': 'variable', 'line': 114, 'name': 'data_vectorized', 'value': None, 'valueSrc': 'pickle.load', 'isInput': False, 'args': ['infile']}"
./../final-unzips/Rakathon-master/RecommendationEngine-ML-ElasticSearch-PythonProject/app.py,"{'type': 'variable', 'line': 117, 'name': 'lda_output', 'value': None, 'valueSrc': 'pickle.load', 'isInput': False, 'args': ['infile']}"
./../final-unzips/Rakathon-master/RecommendationEngine-ML-ElasticSearch-PythonProject/app.py,"{'type': 'variable', 'line': 120, 'name': 'lda_model', 'value': None, 'valueSrc': 'pickle.load', 'isInput': False, 'args': ['infile']}"
./../final-unzips/Rakathon-master/RecommendationEngine-ML-ElasticSearch-PythonProject/app.py,"{'type': 'variable', 'line': 123, 'name': 'best_lda_model', 'value': None, 'valueSrc': 'pickle.load', 'isInput': False, 'args': ['infile']}"
./../final-unzips/weiquncrawler-master/getRelation.py,"{'type': 'variable', 'line': 111, 'name': 'vectorizer', 'value': None, 'valueSrc': 'pickle.load', 'isInput': False, 'args': ['infile']}"
./../final-unzips/weiquncrawler-master/getRelation.py,"{'type': 'variable', 'line': 114, 'name': 'data_vectorized', 'value': None, 'valueSrc': 'pickle.load', 'isInput': False, 'args': ['infile']}"
./../final-unzips/weiquncrawler-master/getRelation.py,"{'type': 'variable', 'line': 117, 'name': 'lda_output', 'value': None, 'valueSrc': 'pickle.load', 'isInput': False, 'args': ['infile']}"
./../final-unzips/weiquncrawler-master/getRelation.py,"{'type': 'variable', 'line': 120, 'name': 'lda_model', 'value': None, 'valueSrc': 'pickle.load', 'isInput': False, 'args': ['infile']}"
./../final-unzips/weiquncrawler-master/getRelation.py,"{'type': 'variable', 'line': 123, 'name': 'best_lda_model', 'value': None, 'valueSrc': 'pickle.load', 'isInput': False, 'args': ['infile']}"
./../final-unzips/weiquncrawler-master/convert_userid_result.py,"{'type': 'variable', 'line': 111, 'name': 'vectorizer', 'value': None, 'valueSrc': 'pickle.load', 'isInput': False, 'args': ['infile']}"
./../final-unzips/weiquncrawler-master/convert_userid_result.py,"{'type': 'variable', 'line': 114, 'name': 'data_vectorized', 'value': None, 'valueSrc': 'pickle.load', 'isInput': False, 'args': ['infile']}"
./../final-unzips/weiquncrawler-master/convert_userid_result.py,"{'type': 'variable', 'line': 117, 'name': 'lda_output', 'value': None, 'valueSrc': 'pickle.load', 'isInput': False, 'args': ['infile']}"
./../final-unzips/weiquncrawler-master/convert_userid_result.py,"{'type': 'variable', 'line': 120, 'name': 'lda_model', 'value': None, 'valueSrc': 'pickle.load', 'isInput': False, 'args': ['infile']}"
./../final-unzips/weiquncrawler-master/convert_userid_result.py,"{'type': 'variable', 'line': 123, 'name': 'best_lda_model', 'value': None, 'valueSrc': 'pickle.load', 'isInput': False, 'args': ['infile']}"
./../final-unzips/weiquncrawler-master/convert_edge_list.py,"{'type': 'variable', 'line': 111, 'name': 'vectorizer', 'value': None, 'valueSrc': 'pickle.load', 'isInput': False, 'args': ['infile']}"
./../final-unzips/weiquncrawler-master/convert_edge_list.py,"{'type': 'variable', 'line': 114, 'name': 'data_vectorized', 'value': None, 'valueSrc': 'pickle.load', 'isInput': False, 'args': ['infile']}"
./../final-unzips/weiquncrawler-master/convert_edge_list.py,"{'type': 'variable', 'line': 117, 'name': 'lda_output', 'value': None, 'valueSrc': 'pickle.load', 'isInput': False, 'args': ['infile']}"
./../final-unzips/weiquncrawler-master/convert_edge_list.py,"{'type': 'variable', 'line': 120, 'name': 'lda_model', 'value': None, 'valueSrc': 'pickle.load', 'isInput': False, 'args': ['infile']}"
./../final-unzips/weiquncrawler-master/convert_edge_list.py,"{'type': 'variable', 'line': 123, 'name': 'best_lda_model', 'value': None, 'valueSrc': 'pickle.load', 'isInput': False, 'args': ['infile']}"
./../final-unzips/weiquncrawler-master/simplecrawlerWAP.py,"{'type': 'variable', 'line': 111, 'name': 'vectorizer', 'value': None, 'valueSrc': 'pickle.load', 'isInput': False, 'args': ['infile']}"
./../final-unzips/weiquncrawler-master/simplecrawlerWAP.py,"{'type': 'variable', 'line': 114, 'name': 'data_vectorized', 'value': None, 'valueSrc': 'pickle.load', 'isInput': False, 'args': ['infile']}"
./../final-unzips/weiquncrawler-master/simplecrawlerWAP.py,"{'type': 'variable', 'line': 117, 'name': 'lda_output', 'value': None, 'valueSrc': 'pickle.load', 'isInput': False, 'args': ['infile']}"
./../final-unzips/weiquncrawler-master/simplecrawlerWAP.py,"{'type': 'variable', 'line': 120, 'name': 'lda_model', 'value': None, 'valueSrc': 'pickle.load', 'isInput': False, 'args': ['infile']}"
./../final-unzips/weiquncrawler-master/simplecrawlerWAP.py,"{'type': 'variable', 'line': 123, 'name': 'best_lda_model', 'value': None, 'valueSrc': 'pickle.load', 'isInput': False, 'args': ['infile']}"
./../final-unzips/weiquncrawler-master/sina_reptile.py,"{'type': 'variable', 'line': 111, 'name': 'vectorizer', 'value': None, 'valueSrc': 'pickle.load', 'isInput': False, 'args': ['infile']}"
./../final-unzips/weiquncrawler-master/sina_reptile.py,"{'type': 'variable', 'line': 114, 'name': 'data_vectorized', 'value': None, 'valueSrc': 'pickle.load', 'isInput': False, 'args': ['infile']}"
./../final-unzips/weiquncrawler-master/sina_reptile.py,"{'type': 'variable', 'line': 117, 'name': 'lda_output', 'value': None, 'valueSrc': 'pickle.load', 'isInput': False, 'args': ['infile']}"
./../final-unzips/weiquncrawler-master/sina_reptile.py,"{'type': 'variable', 'line': 120, 'name': 'lda_model', 'value': None, 'valueSrc': 'pickle.load', 'isInput': False, 'args': ['infile']}"
./../final-unzips/weiquncrawler-master/sina_reptile.py,"{'type': 'variable', 'line': 123, 'name': 'best_lda_model', 'value': None, 'valueSrc': 'pickle.load', 'isInput': False, 'args': ['infile']}"
./../final-unzips/weiquncrawler-master/bs4/__init__.py,"{'type': 'variable', 'line': 111, 'name': 'vectorizer', 'value': None, 'valueSrc': 'pickle.load', 'isInput': False, 'args': ['infile']}"
./../final-unzips/weiquncrawler-master/bs4/__init__.py,"{'type': 'variable', 'line': 114, 'name': 'data_vectorized', 'value': None, 'valueSrc': 'pickle.load', 'isInput': False, 'args': ['infile']}"
./../final-unzips/weiquncrawler-master/bs4/__init__.py,"{'type': 'variable', 'line': 117, 'name': 'lda_output', 'value': None, 'valueSrc': 'pickle.load', 'isInput': False, 'args': ['infile']}"
./../final-unzips/weiquncrawler-master/bs4/__init__.py,"{'type': 'variable', 'line': 120, 'name': 'lda_model', 'value': None, 'valueSrc': 'pickle.load', 'isInput': False, 'args': ['infile']}"
./../final-unzips/weiquncrawler-master/bs4/__init__.py,"{'type': 'variable', 'line': 123, 'name': 'best_lda_model', 'value': None, 'valueSrc': 'pickle.load', 'isInput': False, 'args': ['infile']}"
./../final-unzips/twitter-for-bigquery-master/libs/oauth2client/django_orm.py,"{'type': 'function_def', 'line': 42, 'name': 'to_python', 'args': ['self', 'value'], 'defaults': [], 'return': 'pickle.loads', 'returnArgs': ['base64.b64decode', 'value']}"
./../final-unzips/twitter-for-bigquery-master/libs/oauth2client/django_orm.py,"{'type': 'function_def', 'line': 67, 'name': 'to_python', 'args': ['self', 'value'], 'defaults': [], 'return': 'pickle.loads', 'returnArgs': ['base64.b64decode', 'value']}"
./../final-unzips/twitter-for-bigquery-master/libs/oauth2client/tools.py,"{'type': 'function_def', 'line': 42, 'name': 'to_python', 'args': ['self', 'value'], 'defaults': [], 'return': 'pickle.loads', 'returnArgs': ['base64.b64decode', 'value']}"
./../final-unzips/twitter-for-bigquery-master/libs/oauth2client/tools.py,"{'type': 'function_def', 'line': 67, 'name': 'to_python', 'args': ['self', 'value'], 'defaults': [], 'return': 'pickle.loads', 'returnArgs': ['base64.b64decode', 'value']}"
./../final-unzips/merchant-master/billing/integrations/global_iris_real_mpi_integration.py,"{'type': 'variable', 'line': 169, 'name': 'tree', 'value': None, 'valueSrc': 'lxml.etree.fromstring', 'isInput': False, 'args': ['xml_content']}"
./../final-unzips/merchant-master/billing/integrations/global_iris_real_mpi_integration.py,"{'type': 'variable', 'line': 200, 'name': 'tree', 'value': None, 'valueSrc': 'lxml.etree.fromstring', 'isInput': False, 'args': ['xml_content']}"
./../final-unzips/merchant-master/billing/gateways/global_iris_gateway.py,"{'type': 'variable', 'line': 179, 'name': 'xml', 'value': None, 'valueSrc': 'lxml.etree.fromstring', 'isInput': False, 'args': ['response.content']}"
./../final-unzips/amazon-reviews-analysis-master/topic_modelling.py,"{'type': 'variable', 'line': 52, 'name': 'data', 'value': None, 'valueSrc': 'cPickle.load', 'isInput': False, 'args': ['fo']}"
./../final-unzips/amazon-reviews-analysis-master/topic_model_helpers.py,"{'type': 'variable', 'line': 52, 'name': 'data', 'value': None, 'valueSrc': 'cPickle.load', 'isInput': False, 'args': ['fo']}"
./../final-unzips/amazon-reviews-analysis-master/counter.py,"{'type': 'variable', 'line': 52, 'name': 'data', 'value': None, 'valueSrc': 'cPickle.load', 'isInput': False, 'args': ['fo']}"
./../final-unzips/wishlists-master/app/models.py,"{'type': 'variable', 'line': 174, 'name': 'pickled_data', 'value': None, 'valueSrc': 'pickle.loads', 'isInput': False, 'args': ['data']}"
./../final-unzips/hendrix-master/hendrix/deploy/base.py,"{'type': 'variable', 'line': 231, 'name': 'fds', 'value': None, 'valueSrc': 'pickle.loads', 'isInput': False, 'args': ['self.options']}"
./../final-unzips/Emotion-Analysis-master/analyzer/models.py,"{'type': 'variable', 'line': 67, 'name': 'model', 'value': None, 'valueSrc': 'pickle.load', 'isInput': False, 'args': ['f']}"
./../final-unzips/featureserver-master/vectorformats/Formats/Django.py,"{'type': 'variable', 'line': 52, 'name': 'Feature.geometry', 'value': None, 'valueSrc': 'pickle.loads', 'isInput': False, 'args': ['res.geometry']}"
./../final-unzips/featureserver-master/FeatureServer/DataSource/DBM.py,"{'type': 'function_def', 'line': 122, 'name': 'thaw_feature', 'args': ['self', 'thunk'], 'defaults': [], 'return': 'pickle.loads', 'returnArgs': ['self.db']}"
./../final-unzips/featureserver-master/FeatureServer/DataSource/__init__.py,"{'type': 'function_def', 'line': 122, 'name': 'thaw_feature', 'args': ['self', 'thunk'], 'defaults': [], 'return': 'pickle.loads', 'returnArgs': ['self.db']}"
./../final-unzips/featureserver-master/FeatureServer/DataSource/VersionedPostGIS.py,"{'type': 'function_def', 'line': 132, 'name': '_deserializeattrs', 'args': ['self', 'attrstr'], 'defaults': [], 'return': 'cPickle.loads', 'returnArgs': ['attrstr']}"
./../final-unzips/featureserver-master/FeatureServer/DataSource/WFS.py,"{'type': 'function_def', 'line': 132, 'name': '_deserializeattrs', 'args': ['self', 'attrstr'], 'defaults': [], 'return': 'cPickle.loads', 'returnArgs': ['attrstr']}"
./../final-unzips/featureserver-master/FeatureServer/DataSource/OSM.py,"{'type': 'variable', 'line': 29, 'name': 'doc', 'value': None, 'valueSrc': 'xml.dom.minidom.parseString', 'isInput': False, 'args': ['data']}"
./../final-unzips/Variable-Delivery-Cost-Finder-master/SuggestWarehouse.py,"{'type': 'variable', 'line': 41, 'name': 'cluster', 'value': None, 'valueSrc': 'pickle.load', 'isInput': False, 'args': ['handle']}"
./../final-unzips/Variable-Delivery-Cost-Finder-master/Compute_Cluster.py,"{'type': 'variable', 'line': 73, 'name': 'root', 'value': None, 'valueSrc': 'pickle.load', 'isInput': False, 'args': ['handle']}"
./../final-unzips/Variable-Delivery-Cost-Finder-master/Compute_Cluster.py,"{'type': 'variable', 'line': 113, 'name': 'cluster', 'value': None, 'valueSrc': 'pickle.load', 'isInput': False, 'args': ['handle']}"
./../final-unzips/Variable-Delivery-Cost-Finder-master/areaFinder.py,"{'type': 'variable', 'line': 94, 'name': 'root', 'value': None, 'valueSrc': 'pickle.load', 'isInput': False, 'args': ['handle']}"
./../final-unzips/eventbrite-master/venv/Lib/site-packages/oauth2client/contrib/appengine.py,"{'type': 'function_def', 'line': 236, 'name': 'make_value_from_datastore', 'args': ['self', 'value'], 'defaults': [], 'return': 'pickle.loads', 'returnArgs': ['value']}"
./../final-unzips/eventbrite-master/venv/Lib/site-packages/pip-10.0.1-py3.7.egg/pip/_vendor/cachecontrol/serialize.py,"{'type': 'variable', 'line': 152, 'name': 'cached', 'value': None, 'valueSrc': 'pickle.loads', 'isInput': False, 'args': [""b'cc=0'data""]}"
./../final-unzips/eventbrite-master/venv/Lib/site-packages/pip/_vendor/cachecontrol/serialize.py,"{'type': 'variable', 'line': 148, 'name': 'cached', 'value': None, 'valueSrc': 'pickle.loads', 'isInput': False, 'args': [""b'cc=0'data""]}"
./../final-unzips/eventbrite-master/venv/Lib/site-packages/allauth/socialaccount/providers/openid/utils.py,"{'type': 'function_def', 'line': 29, 'name': '__getitem__', 'args': ['self', 'key'], 'defaults': [], 'return': 'pickle.loads', 'returnArgs': ['base64.b64decode', 'data.encode', 'ascii']}"
./../final-unzips/eventbrite-master/venv/Lib/site-packages/django/core/cache/backends/locmem.py,"{'type': 'function_def', 'line': 35, 'name': 'get', 'args': ['self', 'key', 'default', 'version'], 'defaults': [None, None], 'return': 'pickle.loads', 'returnArgs': ['pickled']}"
./../final-unzips/eventbrite-master/venv/Lib/site-packages/django/core/cache/backends/locmem.py,"{'type': 'variable', 'line': 76, 'name': 'value', 'value': None, 'valueSrc': 'pickle.loads', 'isInput': False, 'args': ['self._cache']}"
./../final-unzips/eventbrite-master/venv/Lib/site-packages/django/core/cache/backends/filebased.py,"{'type': 'variable', 'line': 146, 'name': 'exp', 'value': None, 'valueSrc': 'pickle.load', 'isInput': False, 'args': ['f']}"
./../final-unzips/eventbrite-master/venv/Lib/site-packages/django/contrib/sessions/serializers.py,"{'type': 'function_def', 'line': 16, 'name': 'loads', 'args': ['self', 'data'], 'defaults': [], 'return': 'pickle.loads', 'returnArgs': ['data']}"
./../final-unzips/eventbrite-master/venv/Lib/site-packages/gunicorn/_compat.py,"{'type': 'variable', 'line': 53, 'name': 'code_obj', 'value': None, 'valueSrc': 'marshal.loads', 'isInput': False, 'args': ['data']}"
./../final-unzips/eventbrite-master/venv/Lib/site-packages/numpy/lib/format.py,"{'type': 'variable', 'line': 727, 'name': 'array', 'value': None, 'valueSrc': 'pickle.load', 'isInput': False, 'args': ['fp'], 'funcKeywords': []}"
./../final-unzips/eventbrite-master/venv/Lib/site-packages/numpy/ma/core.py,"{'type': 'function_def', 'line': 7957, 'name': 'loads', 'args': ['strg'], 'defaults': [], 'return': 'pickle.loads', 'returnArgs': ['strg']}"
./../final-unzips/eventbrite-master/venv/Lib/site-packages/numpy/core/numeric.py,"{'type': 'function_def', 'line': 2027, 'name': 'load', 'args': ['file'], 'defaults': [], 'return': 'pickle.load', 'returnArgs': ['file']}"
./../final-unzips/eventbrite-master/venv/Lib/site-packages/werkzeug/contrib/cache.py,"{'type': 'variable', 'line': 778, 'name': 'expires', 'value': None, 'valueSrc': 'pickle.load', 'isInput': False, 'args': ['f']}"
./../final-unzips/eventbrite-master/venv/Lib/site-packages/werkzeug/contrib/cache.py,"{'type': 'variable', 'line': 807, 'name': 'pickle_time', 'value': None, 'valueSrc': 'pickle.load', 'isInput': False, 'args': ['f']}"
./../final-unzips/eventbrite-master/venv/Lib/site-packages/werkzeug/contrib/cache.py,"{'type': 'variable', 'line': 865, 'name': 'pickle_time', 'value': None, 'valueSrc': 'pickle.load', 'isInput': False, 'args': ['f']}"
./../final-unzips/eventbrite-master/venv/Lib/site-packages/werkzeug/contrib/cache.py,"{'type': 'function_def', 'line': 910, 'name': 'get', 'args': ['self', 'key'], 'defaults': [], 'return': 'pickle.loads', 'returnArgs': ['rv']}"
./../final-unzips/eventbrite-master/venv/Lib/site-packages/jinja2/bccache.py,"{'type': 'function_def', 'line': 42, 'name': 'marshal_load', 'args': ['f'], 'defaults': [], 'return': 'marshal.loads', 'returnArgs': ['f.read']}"
./../final-unzips/eventbrite-master/venv/Lib/site-packages/jinja2/bccache.py,"{'type': 'variable', 'line': 87, 'name': 'checksum', 'value': None, 'valueSrc': 'pickle.load', 'isInput': False, 'args': ['f']}"
./../final-unzips/datastore-ndb-python-master/ndb/model.py,"{'type': 'function_def', 'line': 1864, 'name': '_from_base_type', 'args': ['self', 'value'], 'defaults': [], 'return': 'pickle.loads', 'returnArgs': ['value']}"
./../final-unzips/ivy-master/ivy/hashes.py,"{'type': 'variable', 'line': 56, 'name': '_hashes[old]', 'value': None, 'valueSrc': 'pickle.load', 'isInput': False, 'args': ['file']}"
./../final-unzips/waterbutler-develop/waterbutler/tasks/core.py,"{'type': 'variable', 'line': 120, 'name': 'data', 'value': None, 'valueSrc': 'pickle.load', 'isInput': False, 'args': ['result_file']}"
./../final-unzips/calllog211-master/lib/flask_restful/utils/crypto.py,"{'type': 'function_def', 'line': 34, 'name': 'decrypt', 'args': ['encrypted_data', 'key', 'seed'], 'defaults': [], 'return': 'pickle.loads', 'returnArgs': ['strip']}"
./../final-unzips/calllog211-master/lib/werkzeug/contrib/cache.py,"{'type': 'variable', 'line': 612, 'name': 'expires', 'value': None, 'valueSrc': 'pickle.load', 'isInput': False, 'args': ['f']}"
./../final-unzips/bioservices-master/src/bioservices/mapping/mappers.py,"{'type': 'variable', 'line': 224, 'name': 'results', 'value': None, 'valueSrc': 'pickle.load', 'isInput': False, 'args': ['open']}"
./../final-unzips/idempierewsc-python-master/idempierewsc/net.py,"{'type': 'variable', 'line': 121, 'name': 'self.xml_request', 'value': None, 'valueSrc': 'lxml.etree.fromstring', 'isInput': False, 'args': ['data_request']}"
./../final-unzips/idempierewsc-python-master/idempierewsc/net.py,"{'type': 'variable', 'line': 155, 'name': 'self.xml_response', 'value': None, 'valueSrc': 'lxml.etree.fromstring', 'isInput': False, 'args': ['']}"
./../final-unzips/eCommerce-Database-main/Python/venv/lib/python3.4/site-packages/pip-19.0.3-py3.4.egg/pip/_vendor/cachecontrol/serialize.py,"{'type': 'variable', 'line': 148, 'name': 'cached', 'value': None, 'valueSrc': 'pickle.loads', 'isInput': False, 'args': [""b'cc=0'data""]}"
./../final-unzips/exchangelib-master/exchangelib/util.py,"{'type': 'variable', 'line': 456, 'name': 'res', 'value': None, 'valueSrc': 'lxml.etree.parse', 'isInput': False, 'args': ['stream'], 'funcKeywords': [['parser', '_forgiving_parser']]}"
./../final-unzips/exchangelib-master/exchangelib/util.py,"{'type': 'function_def', 'line': 511, 'name': 'parse_bytes', 'args': ['xml_bytes'], 'defaults': [], 'return': 'lxml.etree.parse', 'returnArgs': ['io.BytesIO', 'xml_bytes'], 'returnKeywords': [['parser', None]]}"
./../final-unzips/Nuitka-develop/nuitka/constants/Serialization.py,"{'type': 'variable', 'line': 131, 'name': 'self.pickle', 'value': None, 'valueSrc': 'pickle.Unpickler', 'isInput': False, 'args': ['open']}"
./../final-unzips/Nuitka-develop/nuitka/codegen/ConstantCodes.py,"{'type': 'variable', 'line': 180, 'name': 'restored', 'value': None, 'valueSrc': 'marshal.loads', 'isInput': False, 'args': ['marshal_value']}"
./../final-unzips/Nuitka-develop/nuitka/build/inline_copy/lib/scons-3.1.2/SCons/SConsign.py,"{'type': 'variable', 'line': 247, 'name': 'self.entries', 'value': None, 'valueSrc': 'pickle.loads', 'isInput': False, 'args': ['db']}"
./../final-unzips/Nuitka-develop/nuitka/build/inline_copy/lib/scons-3.1.2/SCons/SConsign.py,"{'type': 'variable', 'line': 307, 'name': 'self.entries', 'value': None, 'valueSrc': 'pickle.load', 'isInput': False, 'args': ['fp']}"
./../final-unzips/Nuitka-develop/nuitka/build/inline_copy/lib/scons-3.1.2/SCons/dblite.py,"{'type': 'variable', 'line': 127, 'name': 'self._dict', 'value': None, 'valueSrc': 'pickle.loads', 'isInput': False, 'args': ['p'], 'funcKeywords': [['encoding', 'bytes']]}"
./../final-unzips/Nuitka-develop/nuitka/build/inline_copy/lib/scons-3.1.2/SCons/dblite.py,"{'type': 'variable', 'line': 129, 'name': 'self._dict', 'value': None, 'valueSrc': 'pickle.loads', 'isInput': False, 'args': ['p']}"
./../final-unzips/Nuitka-develop/nuitka/build/inline_copy/lib/scons-3.1.2/SCons/Tool/msvs.py,"{'type': 'variable', 'line': 748, 'name': 'data', 'value': None, 'valueSrc': 'pickle.loads', 'isInput': False, 'args': ['datas']}"
./../final-unzips/Nuitka-develop/nuitka/build/inline_copy/lib/scons-3.1.2/SCons/Tool/msvs.py,"{'type': 'variable', 'line': 769, 'name': 'data', 'value': None, 'valueSrc': 'pickle.loads', 'isInput': False, 'args': ['datas']}"
./../final-unzips/Nuitka-develop/nuitka/build/inline_copy/lib/scons-3.1.2/SCons/Tool/msvs.py,"{'type': 'variable', 'line': 1066, 'name': 'data', 'value': None, 'valueSrc': 'pickle.loads', 'isInput': False, 'args': ['datas']}"
./../final-unzips/Nuitka-develop/nuitka/build/inline_copy/lib/scons-3.1.2/SCons/Tool/msvs.py,"{'type': 'variable', 'line': 1086, 'name': 'data', 'value': None, 'valueSrc': 'pickle.loads', 'isInput': False, 'args': ['datas']}"
./../final-unzips/Nuitka-develop/nuitka/build/inline_copy/lib/scons-3.1.2/SCons/Tool/msvs.py,"{'type': 'variable', 'line': 1559, 'name': 'data', 'value': None, 'valueSrc': 'pickle.loads', 'isInput': False, 'args': ['datas']}"
./../final-unzips/Nuitka-develop/nuitka/build/inline_copy/lib/scons-3.1.2/SCons/Tool/docbook/__init__.py,"{'type': 'variable', 'line': 688, 'name': 'dom', 'value': None, 'valueSrc': 'xml.dom.minidom.parse', 'isInput': False, 'args': ['__ensure_suffix']}"
./../final-unzips/Nuitka-develop/nuitka/build/inline_copy/lib/scons-2.3.2/SCons/Tool/docbook/__init__.py,"{'type': 'variable', 'line': 674, 'name': 'dom', 'value': None, 'valueSrc': 'xml.dom.minidom.parse', 'isInput': False, 'args': ['__ensure_suffix']}"
./../final-unzips/Nuitka-develop/nuitka/build/inline_copy/lib/scons-2.3.2/SCons/Tool/MSCommon/vs.py,"{'type': 'variable', 'line': 674, 'name': 'dom', 'value': None, 'valueSrc': 'xml.dom.minidom.parse', 'isInput': False, 'args': ['__ensure_suffix']}"
./../final-unzips/Nuitka-develop/nuitka/build/inline_copy/lib/scons-2.3.2/SCons/Tool/MSCommon/vc.py,"{'type': 'variable', 'line': 674, 'name': 'dom', 'value': None, 'valueSrc': 'xml.dom.minidom.parse', 'isInput': False, 'args': ['__ensure_suffix']}"
./../final-unzips/Look4Face-master/Look4Face/Main/views.py,"{'type': 'variable', 'line': 147, 'name': 'names', 'value': None, 'valueSrc': 'pickle.load', 'isInput': False, 'args': ['f']}"
./../final-unzips/d6tflow-master/d6tflow/targets/__init__.py,"{'type': 'variable', 'line': 296, 'name': 'data', 'value': None, 'valueSrc': 'pickle.load', 'isInput': False, 'args': ['fhandle']}"
./../final-unzips/KindleEar-master/lib/calibre/ebooks/unihandecode/pykakasi/jisyo.py,"{'type': 'variable', 'line': 24, 'name': 'object.__new__.kanwadict', 'value': None, 'valueSrc': 'cPickle.loads', 'isInput': False, 'args': ['P']}"
./../final-unzips/KindleEar-master/lib/calibre/ebooks/unihandecode/pykakasi/jisyo.py,"{'type': 'variable', 'line': 27, 'name': 'object.__new__.itaijidict', 'value': None, 'valueSrc': 'cPickle.loads', 'isInput': False, 'args': ['P']}"
./../final-unzips/KindleEar-master/lib/calibre/ebooks/unihandecode/pykakasi/jisyo.py,"{'type': 'variable', 'line': 30, 'name': 'object.__new__.kanadict', 'value': None, 'valueSrc': 'cPickle.loads', 'isInput': False, 'args': ['P']}"
./../final-unzips/KindleEar-master/lib/calibre/ebooks/unihandecode/pykakasi/jisyo.py,"{'type': 'variable', 'line': 43, 'name': 'table', 'value': None, 'valueSrc': 'marshal.loads', 'isInput': False, 'args': ['decompress']}"
./../final-unzips/KindleEar-master/lib/calibre/ebooks/unihandecode/pykakasi/jisyo.py,"{'type': 'variable', 'line': 43, 'name': 'self.jisyo_table[key]', 'value': None, 'valueSrc': 'marshal.loads', 'isInput': False, 'args': ['decompress']}"
./../final-unzips/KindleEar-master/lib/calibre/utils/localization.py,"{'type': 'variable', 'line': 20, 'name': 'stats', 'value': None, 'valueSrc': 'cPickle.load', 'isInput': False, 'args': ['open']}"
./../final-unzips/KindleEar-master/lib/calibre/utils/localization.py,"{'type': 'variable', 'line': 332, 'name': '_iso639', 'value': None, 'valueSrc': 'cPickle.load', 'isInput': False, 'args': ['f']}"
./../final-unzips/KindleEar-master/lib/calibre/utils/zipfile.py,"{'type': 'variable', 'line': 20, 'name': 'stats', 'value': None, 'valueSrc': 'cPickle.load', 'isInput': False, 'args': ['open']}"
./../final-unzips/KindleEar-master/lib/calibre/utils/zipfile.py,"{'type': 'variable', 'line': 332, 'name': '_iso639', 'value': None, 'valueSrc': 'cPickle.load', 'isInput': False, 'args': ['f']}"
./../final-unzips/esky-master/esky/sudo/sudo_base.py,"{'type': 'function_def', 'line': 31, 'name': 'b64unpickle', 'args': ['data'], 'defaults': [], 'return': 'pickle.loads', 'returnArgs': ['base64.b64decode', 'data']}"
./../final-unzips/esky-master/esky/sudo/sudo_osx.py,"{'type': 'variable', 'line': 221, 'name': 'proxy', 'value': None, 'valueSrc': 'pickle.loads', 'isInput': False, 'args': ['b64decode']}"
./../final-unzips/esky-master/esky/sudo/sudo_osx.py,"{'type': 'variable', 'line': 222, 'name': 'pipe', 'value': None, 'valueSrc': 'pickle.loads', 'isInput': False, 'args': ['b64decode']}"
./../final-unzips/esky-master/esky/sudo/sudo_win32.py,"{'type': 'variable', 'line': 221, 'name': 'proxy', 'value': None, 'valueSrc': 'pickle.loads', 'isInput': False, 'args': ['b64decode']}"
./../final-unzips/esky-master/esky/sudo/sudo_win32.py,"{'type': 'variable', 'line': 222, 'name': 'pipe', 'value': None, 'valueSrc': 'pickle.loads', 'isInput': False, 'args': ['b64decode']}"
./../final-unzips/esky-master/esky/sudo/sudo_unix.py,"{'type': 'variable', 'line': 221, 'name': 'proxy', 'value': None, 'valueSrc': 'pickle.loads', 'isInput': False, 'args': ['b64decode']}"
./../final-unzips/esky-master/esky/sudo/sudo_unix.py,"{'type': 'variable', 'line': 222, 'name': 'pipe', 'value': None, 'valueSrc': 'pickle.loads', 'isInput': False, 'args': ['b64decode']}"
./../final-unzips/moviegeek-master/recs/bpr_recommender.py,"{'type': 'variable', 'line': 21, 'name': 'self.item_bias', 'value': None, 'valueSrc': 'pickle.load', 'isInput': False, 'args': ['ub_file']}"
./../final-unzips/moviegeek-master/recs/funksvd_recommender.py,"{'type': 'variable', 'line': 24, 'name': 'self.user_bias', 'value': None, 'valueSrc': 'pickle.load', 'isInput': False, 'args': ['ub_file']}"
./../final-unzips/moviegeek-master/recs/funksvd_recommender.py,"{'type': 'variable', 'line': 26, 'name': 'self.item_bias', 'value': None, 'valueSrc': 'pickle.load', 'isInput': False, 'args': ['ub_file']}"
./../final-unzips/moviegeek-master/recs/fwls_recommender.py,"{'type': 'variable', 'line': 33, 'name': 'parameters', 'value': None, 'valueSrc': 'pickle.load', 'isInput': False, 'args': ['ub_file']}"
./../final-unzips/Django-E-Commerce-master/venv/Lib/site-packages/django/core/cache/backends/locmem.py,"{'type': 'function_def', 'line': 35, 'name': 'get', 'args': ['self', 'key', 'default', 'version'], 'defaults': [None, None], 'return': 'pickle.loads', 'returnArgs': ['pickled']}"
./../final-unzips/Django-E-Commerce-master/venv/Lib/site-packages/django/core/cache/backends/locmem.py,"{'type': 'variable', 'line': 76, 'name': 'value', 'value': None, 'valueSrc': 'pickle.loads', 'isInput': False, 'args': ['self._cache']}"
./../final-unzips/Django-E-Commerce-master/venv/Lib/site-packages/django/core/cache/backends/filebased.py,"{'type': 'variable', 'line': 140, 'name': 'exp', 'value': None, 'valueSrc': 'pickle.load', 'isInput': False, 'args': ['f']}"
./../final-unzips/Django-E-Commerce-master/venv/Lib/site-packages/django/contrib/sessions/serializers.py,"{'type': 'function_def', 'line': 16, 'name': 'loads', 'args': ['self', 'data'], 'defaults': [], 'return': 'pickle.loads', 'returnArgs': ['data']}"
./../final-unzips/learn_python3_spider-master/stackoverflow/venv/lib/python3.6/site-packages/pip-19.0.3-py3.6.egg/pip/_vendor/cachecontrol/serialize.py,"{'type': 'variable', 'line': 148, 'name': 'cached', 'value': None, 'valueSrc': 'pickle.loads', 'isInput': False, 'args': [""b'cc=0'data""]}"
./../final-unzips/learn_python3_spider-master/stackoverflow/venv/lib/python3.6/site-packages/scrapy/utils/sitemap.py,"{'type': 'variable', 'line': 18, 'name': 'self._root', 'value': None, 'valueSrc': 'lxml.etree.fromstring', 'isInput': False, 'args': ['xmltext'], 'funcKeywords': [['parser', 'xmlp']]}"
./../final-unzips/learn_python3_spider-master/stackoverflow/venv/lib/python3.6/site-packages/scrapy/extensions/spiderstate.py,"{'type': 'variable', 'line': 33, 'name': 'spider.state', 'value': None, 'valueSrc': 'pickle.load', 'isInput': False, 'args': ['f']}"
./../final-unzips/learn_python3_spider-master/stackoverflow/venv/lib/python3.6/site-packages/twisted/plugin.py,"{'type': 'variable', 'line': 157, 'name': 'dropinDotCache', 'value': None, 'valueSrc': 'pickle.load', 'isInput': False, 'args': ['f']}"
./../final-unzips/learn_python3_spider-master/stackoverflow/venv/lib/python3.6/site-packages/twisted/persisted/dirdbm.py,"{'type': 'function_def', 'line': 362, 'name': '__getitem__', 'args': ['self', 'k'], 'defaults': [], 'return': 'pickle.loads', 'returnArgs': ['DirDBM.__getitem__', 'self', 'k']}"
./../final-unzips/learn_python3_spider-master/stackoverflow/venv/lib/python3.6/site-packages/twisted/mail/relay.py,"{'type': 'variable', 'line': 98, 'name': 'messageContents', 'value': None, 'valueSrc': 'pickle.load', 'isInput': False, 'args': ['fp']}"
./../final-unzips/learn_python3_spider-master/stackoverflow/venv/lib/python3.6/site-packages/pycparser/ply/yacc.py,"{'type': 'variable', 'line': 2009, 'name': 'tabversion', 'value': None, 'valueSrc': 'pickle.load', 'isInput': False, 'args': ['in_f']}"
./../final-unzips/learn_python3_spider-master/stackoverflow/venv/lib/python3.6/site-packages/pycparser/ply/yacc.py,"{'type': 'variable', 'line': 2012, 'name': 'self.lr_method', 'value': None, 'valueSrc': 'pickle.load', 'isInput': False, 'args': ['in_f']}"
./../final-unzips/learn_python3_spider-master/stackoverflow/venv/lib/python3.6/site-packages/pycparser/ply/yacc.py,"{'type': 'variable', 'line': 2013, 'name': 'signature', 'value': None, 'valueSrc': 'pickle.load', 'isInput': False, 'args': ['in_f']}"
./../final-unzips/learn_python3_spider-master/stackoverflow/venv/lib/python3.6/site-packages/pycparser/ply/yacc.py,"{'type': 'variable', 'line': 2014, 'name': 'self.lr_action', 'value': None, 'valueSrc': 'pickle.load', 'isInput': False, 'args': ['in_f']}"
./../final-unzips/learn_python3_spider-master/stackoverflow/venv/lib/python3.6/site-packages/pycparser/ply/yacc.py,"{'type': 'variable', 'line': 2015, 'name': 'self.lr_goto', 'value': None, 'valueSrc': 'pickle.load', 'isInput': False, 'args': ['in_f']}"
./../final-unzips/learn_python3_spider-master/stackoverflow/venv/lib/python3.6/site-packages/pycparser/ply/yacc.py,"{'type': 'variable', 'line': 2016, 'name': 'productions', 'value': None, 'valueSrc': 'pickle.load', 'isInput': False, 'args': ['in_f']}"
./../final-unzips/learn_python3_spider-master/stackoverflow/venv/lib/python3.6/site-packages/scrapy_redis/picklecompat.py,"{'type': 'function_def', 'line': 9, 'name': 'loads', 'args': ['s'], 'defaults': [], 'return': 'pickle.loads', 'returnArgs': ['s']}"
./../final-unzips/mollyproject-master/molly/routing/models.py,"{'type': 'function_def', 'line': 15, 'name': '_get_cache', 'args': ['self'], 'defaults': [], 'return': 'pickle.loads', 'returnArgs': ['base64.b64decode', 'self._cache']}"
./../final-unzips/appengine-flask-skeleton-master/lib/werkzeug/contrib/cache.py,"{'type': 'variable', 'line': 715, 'name': 'expires', 'value': None, 'valueSrc': 'pickle.load', 'isInput': False, 'args': ['f']}"
./../final-unzips/appengine-flask-skeleton-master/lib/werkzeug/contrib/cache.py,"{'type': 'variable', 'line': 741, 'name': 'pickle_time', 'value': None, 'valueSrc': 'pickle.load', 'isInput': False, 'args': ['f']}"
./../final-unzips/appengine-flask-skeleton-master/lib/werkzeug/contrib/cache.py,"{'type': 'variable', 'line': 788, 'name': 'pickle_time', 'value': None, 'valueSrc': 'pickle.load', 'isInput': False, 'args': ['f']}"
./../final-unzips/appengine-flask-skeleton-master/lib/jinja2/bccache.py,"{'type': 'function_def', 'line': 42, 'name': 'marshal_load', 'args': ['f'], 'defaults': [], 'return': 'marshal.loads', 'returnArgs': ['f.read']}"
./../final-unzips/appengine-flask-skeleton-master/lib/jinja2/bccache.py,"{'type': 'variable', 'line': 87, 'name': 'checksum', 'value': None, 'valueSrc': 'pickle.load', 'isInput': False, 'args': ['f']}"
./../final-unzips/boto-develop/boto/connection.py,"{'type': 'function_call', 'line': 1186, 'name': 'xml.sax.parseString', 'args': ['body', 'h'], 'keywords': [], 'hasInputs': False}"
./../final-unzips/boto-develop/boto/connection.py,"{'type': 'function_call', 'line': 1208, 'name': 'xml.sax.parseString', 'args': ['body', 'h'], 'keywords': [], 'hasInputs': False}"
./../final-unzips/boto-develop/boto/connection.py,"{'type': 'function_call', 'line': 1227, 'name': 'xml.sax.parseString', 'args': ['body', 'h'], 'keywords': [], 'hasInputs': False}"
./../final-unzips/boto-develop/boto/jsonresponse.py,"{'type': 'function_call', 'line': 55, 'name': 'xml.sax.parseString', 'args': ['s', 'self'], 'keywords': [], 'hasInputs': False}"
./../final-unzips/boto-develop/boto/mturk/connection.py,"{'type': 'function_call', 'line': 850, 'name': 'xml.sax.parseString', 'args': ['body', 'h'], 'keywords': [], 'hasInputs': False}"
./../final-unzips/boto-develop/boto/mturk/connection.py,"{'type': 'function_call', 'line': 992, 'name': 'xml.sax.parseString', 'args': ['value', 'h'], 'keywords': [], 'hasInputs': False}"
./../final-unzips/boto-develop/boto/mturk/connection.py,"{'type': 'function_call', 'line': 1017, 'name': 'xml.sax.parseString', 'args': ['value', 'h'], 'keywords': [], 'hasInputs': False}"
./../final-unzips/boto-develop/boto/route53/connection.py,"{'type': 'function_call', 'line': 448, 'name': 'xml.sax.parseString', 'args': ['body', 'h'], 'keywords': [], 'hasInputs': False}"
./../final-unzips/boto-develop/boto/ecs/__init__.py,"{'type': 'function_call', 'line': 78, 'name': 'xml.sax.parseString', 'args': ['body.encode', 'utf-8', 'h'], 'keywords': [], 'hasInputs': False}"
./../final-unzips/boto-develop/boto/sdb/connection.py,"{'type': 'function_call', 'line': 500, 'name': 'xml.sax.parseString', 'args': ['body', 'h'], 'keywords': [], 'hasInputs': False}"
./../final-unzips/boto-develop/boto/sdb/domain.py,"{'type': 'function_call', 'line': 275, 'name': 'xml.sax.parse', 'args': ['doc', 'handler'], 'keywords': [], 'hasInputs': False}"
./../final-unzips/boto-develop/boto/gs/bucket.py,"{'type': 'function_call', 'line': 377, 'name': 'xml.sax.parseString', 'args': ['body', 'h'], 'keywords': [], 'hasInputs': False}"
./../final-unzips/boto-develop/boto/gs/bucket.py,"{'type': 'function_call', 'line': 600, 'name': 'xml.sax.parseString', 'args': ['body', 'h'], 'keywords': [], 'hasInputs': False}"
./../final-unzips/boto-develop/boto/gs/bucket.py,"{'type': 'function_call', 'line': 634, 'name': 'xml.sax.parseString', 'args': ['body', 'h'], 'keywords': [], 'hasInputs': False}"
./../final-unzips/boto-develop/boto/gs/bucket.py,"{'type': 'function_call', 'line': 1002, 'name': 'xml.sax.parseString', 'args': ['body', 'h'], 'keywords': [], 'hasInputs': False}"
./../final-unzips/boto-develop/boto/gs/bucket.py,"{'type': 'function_call', 'line': 1102, 'name': 'xml.sax.parseString', 'args': ['body', 'h'], 'keywords': [], 'hasInputs': False}"
./../final-unzips/boto-develop/boto/cloudfront/__init__.py,"{'type': 'function_call', 'line': 81, 'name': 'xml.sax.parseString', 'args': ['body', 'h'], 'keywords': [], 'hasInputs': False}"
./../final-unzips/boto-develop/boto/cloudfront/__init__.py,"{'type': 'function_call', 'line': 97, 'name': 'xml.sax.parseString', 'args': ['body', 'h'], 'keywords': [], 'hasInputs': False}"
./../final-unzips/boto-develop/boto/cloudfront/__init__.py,"{'type': 'function_call', 'line': 110, 'name': 'xml.sax.parseString', 'args': ['body', 'h'], 'keywords': [], 'hasInputs': False}"
./../final-unzips/boto-develop/boto/cloudfront/__init__.py,"{'type': 'function_call', 'line': 137, 'name': 'xml.sax.parseString', 'args': ['body', 'h'], 'keywords': [], 'hasInputs': False}"
./../final-unzips/boto-develop/boto/cloudfront/__init__.py,"{'type': 'function_call', 'line': 260, 'name': 'xml.sax.parseString', 'args': ['body', 'h'], 'keywords': [], 'hasInputs': False}"
./../final-unzips/boto-develop/boto/cloudfront/__init__.py,"{'type': 'function_call', 'line': 275, 'name': 'xml.sax.parseString', 'args': ['body', 'h'], 'keywords': [], 'hasInputs': False}"
./../final-unzips/boto-develop/boto/mws/connection.py,"{'type': 'function_call', 'line': 334, 'name': 'xml.sax.parseString', 'args': ['body', 'handler'], 'keywords': [], 'hasInputs': False}"
./../final-unzips/boto-develop/boto/s3/connection.py,"{'type': 'function_call', 'line': 466, 'name': 'xml.sax.parseString', 'args': ['body', 'h'], 'keywords': [], 'hasInputs': False}"
./../final-unzips/boto-develop/boto/s3/multipart.py,"{'type': 'function_call', 'line': 225, 'name': 'xml.sax.parseString', 'args': ['body', 'h'], 'keywords': [], 'hasInputs': False}"
./../final-unzips/boto-develop/boto/s3/bucket.py,"{'type': 'function_call', 'line': 411, 'name': 'xml.sax.parseString', 'args': ['body', 'h'], 'keywords': [], 'hasInputs': False}"
./../final-unzips/boto-develop/boto/s3/bucket.py,"{'type': 'function_call', 'line': 725, 'name': 'xml.sax.parseString', 'args': ['body', 'h'], 'keywords': [], 'hasInputs': False}"
./../final-unzips/boto-develop/boto/s3/bucket.py,"{'type': 'function_call', 'line': 882, 'name': 'xml.sax.parseString', 'args': ['body', 'h'], 'keywords': [], 'hasInputs': False}"
./../final-unzips/boto-develop/boto/s3/bucket.py,"{'type': 'function_call', 'line': 962, 'name': 'xml.sax.parseString', 'args': ['body', 'h'], 'keywords': [], 'hasInputs': False}"
./../final-unzips/boto-develop/boto/s3/bucket.py,"{'type': 'function_call', 'line': 1145, 'name': 'xml.sax.parseString', 'args': ['body', 'h'], 'keywords': [], 'hasInputs': False}"
./../final-unzips/boto-develop/boto/s3/bucket.py,"{'type': 'function_call', 'line': 1226, 'name': 'xml.sax.parseString', 'args': ['body', 'h'], 'keywords': [], 'hasInputs': False}"
./../final-unzips/boto-develop/boto/s3/bucket.py,"{'type': 'function_call', 'line': 1388, 'name': 'xml.sax.parseString', 'args': ['body', 'h'], 'keywords': [], 'hasInputs': False}"
./../final-unzips/boto-develop/boto/s3/bucket.py,"{'type': 'function_call', 'line': 1494, 'name': 'xml.sax.parseString', 'args': ['config_xml', 'h'], 'keywords': [], 'hasInputs': False}"
./../final-unzips/boto-develop/boto/s3/bucket.py,"{'type': 'function_call', 'line': 1674, 'name': 'xml.sax.parseString', 'args': ['body', 'h'], 'keywords': [], 'hasInputs': False}"
./../final-unzips/boto-develop/boto/s3/bucket.py,"{'type': 'function_call', 'line': 1766, 'name': 'xml.sax.parseString', 'args': ['body', 'h'], 'keywords': [], 'hasInputs': False}"
./../final-unzips/boto-develop/boto/s3/bucket.py,"{'type': 'function_call', 'line': 1797, 'name': 'xml.sax.parseString', 'args': ['body', 'h'], 'keywords': [], 'hasInputs': False}"
./../final-unzips/boto-develop/boto/s3/bucket.py,"{'type': 'function_call', 'line': 1836, 'name': 'xml.sax.parseString', 'args': ['response', 'h'], 'keywords': [], 'hasInputs': False}"
