personfinder-mastermerge_messages.py,"{'type': 'function_call', 'line': 162, 'name': 'xml.sax.parse', 'args': ['open', 'handler'], 'keywords': [], 'hasInputs': False}"
personfinder-masterconsole.py,"{'type': 'function_call', 'line': 162, 'name': 'xml.sax.parse', 'args': ['open', 'handler'], 'keywords': [], 'hasInputs': False}"
pyspider-mastercounter.py,"{'type': 'variable', 'line': 437, 'name': 'self.counters', 'value': None, 'valueSrc': 'cPickle.load', 'isInput': False, 'args': ['fp']}"
Lexos-masterfile_manager_model.py,"{'type': 'function_def', 'line': 28, 'name': 'load_file_manager', 'args': ['self'], 'defaults': [], 'return': 'pickle.load', 'returnArgs': [[False, 'open']]}"
Lexos-mastergeneral_functions.py,"{'type': 'variable', 'line': 295, 'name': 'file_string', 'value': None, 'valueSrc': 'pickle.load', 'isInput': False, 'args': ['open']}"
Lexos-masterutility.py,"{'type': 'variable', 'line': 233, 'name': 'file_manager', 'value': None, 'valueSrc': 'pickle.load', 'isInput': False, 'args': ['open']}"
Lexos-mastersession_manager.py,"{'type': 'variable', 'line': 109, 'name': 'new_session', 'value': None, 'valueSrc': 'pickle.load', 'isInput': False, 'args': ['open']}"
E-Commerce-Website-masterlocmem.py,"{'type': 'function_def', 'line': 35, 'name': 'get', 'args': ['self', 'key', 'default', 'version'], 'defaults': [None, None], 'return': 'pickle.loads', 'returnArgs': [[False, 'pickled']]}"
E-Commerce-Website-masterlocmem.py,"{'type': 'variable', 'line': 76, 'name': 'value', 'value': None, 'valueSrc': 'pickle.loads', 'isInput': False, 'args': ['pickled']}"
E-Commerce-Website-masterdb.py,"{'type': 'variable', 'line': 96, 'name': 'value', 'value': None, 'valueSrc': 'pickle.loads', 'isInput': False, 'args': ['base64.b64decode']}"
E-Commerce-Website-masterfilebased.py,"{'type': 'variable', 'line': 69, 'name': 'previous_value', 'value': None, 'valueSrc': 'pickle.loads', 'isInput': False, 'args': ['zlib.decompress']}"
E-Commerce-Website-masterfilebased.py,"{'type': 'variable', 'line': 146, 'name': 'exp', 'value': None, 'valueSrc': 'pickle.load', 'isInput': False, 'args': ['f']}"
E-Commerce-Website-masterserializers.py,"{'type': 'function_def', 'line': 16, 'name': 'loads', 'args': ['self', 'data'], 'defaults': [], 'return': 'pickle.loads', 'returnArgs': [[False, 'data']]}"
E-Commerce-Website-masterdepends.py,"{'type': 'variable', 'line': 117, 'name': 'code', 'value': None, 'valueSrc': 'marshal.load', 'isInput': False, 'args': ['f']}"
E-Commerce-Website-masterbdist_egg.py,"{'type': 'variable', 'line': 422, 'name': 'code', 'value': None, 'valueSrc': 'marshal.load', 'isInput': False, 'args': ['f']}"
hydroshare-developserialization.py,"{'type': 'function_call', 'line': 36, 'name': 'xml.sax.parse', 'args': ['self.rmeta_path', 'SAX_parse_results'], 'keywords': [], 'hasInputs': False}"
hydroshare-developserialization.py,"{'type': 'function_call', 'line': 448, 'name': 'xml.sax.parse', 'args': ['self.rmeta_path', 'SAX_parse_results'], 'keywords': [], 'hasInputs': False}"
hydroshare-developserialization.py,"{'type': 'function_call', 'line': 28, 'name': 'xml.sax.parse', 'args': ['self.rmeta_path', 'SAX_parse_results'], 'keywords': [], 'hasInputs': False}"
FreeDiscovery-masterdatasets.py,"{'type': 'variable', 'line': 176, 'name': 'twenty_news', 'value': None, 'valueSrc': 'pickle.load', 'isInput': False, 'args': ['fh']}"
FreeDiscovery-mastervectorizer.py,"{'type': 'variable', 'line': 145, 'name': 'self._filenames', 'value': None, 'valueSrc': 'pickle.load', 'isInput': False, 'args': ['fh']}"
FreeDiscovery-mastervectorizer.py,"{'type': 'variable', 'line': 160, 'name': 'self._pars', 'value': None, 'valueSrc': 'pickle.load', 'isInput': False, 'args': ['fh']}"
FreeDiscovery-mastervectorizer.py,"{'type': 'variable', 'line': 179, 'name': 'self._vect', 'value': None, 'valueSrc': 'pickle.load', 'isInput': False, 'args': ['fh']}"
FreeDiscovery-mastervectorizer.py,"{'type': 'variable', 'line': 426, 'name': 'filenames_concat', 'value': None, 'valueSrc': 'pickle.load', 'isInput': False, 'args': ['fh']}"
addons-server-masterutils.py,"{'type': 'variable', 'line': 73, 'name': 'tree', 'value': None, 'valueSrc': 'lxml.etree.fromstring', 'isInput': False, 'args': ['header_blob']}"
face_recognition-masterface_recognition_knn.py,"{'type': 'variable', 'line': 132, 'name': 'knn_clf', 'value': None, 'valueSrc': 'pickle.load', 'isInput': False, 'args': ['f']}"
face_recognition-masterfacerec_ipcamera_knn.py,"{'type': 'variable', 'line': 134, 'name': 'knn_clf', 'value': None, 'valueSrc': 'pickle.load', 'isInput': False, 'args': ['f']}"
nikola-mastercheck.py,"{'type': 'variable', 'line': 220, 'name': 'd', 'value': None, 'valueSrc': 'lxml.etree.parse', 'isInput': False, 'args': ['filename']}"
nikola-mastercheck.py,"{'type': 'variable', 'line': 227, 'name': 'd', 'value': None, 'valueSrc': 'lxml.etree.parse', 'isInput': False, 'args': ['filename']}"
Python-Django-Complete-Real-Estate-Website-masterlocmem.py,"{'type': 'function_def', 'line': 33, 'name': 'get', 'args': ['self', 'key', 'default', 'version'], 'defaults': [None, None], 'return': 'pickle.loads', 'returnArgs': [[False, 'pickled']]}"
Python-Django-Complete-Real-Estate-Website-masterlocmem.py,"{'type': 'variable', 'line': 74, 'name': 'value', 'value': None, 'valueSrc': 'pickle.loads', 'isInput': False, 'args': ['pickled']}"
Python-Django-Complete-Real-Estate-Website-masterdb.py,"{'type': 'function_def', 'line': 49, 'name': 'get', 'args': ['self', 'key', 'default', 'version'], 'defaults': [None, None], 'return': 'pickle.loads', 'returnArgs': [[False, 'base64.b64decode']]}"
Python-Django-Complete-Real-Estate-Website-masterfilebased.py,"{'type': 'variable', 'line': 69, 'name': 'previous_value', 'value': None, 'valueSrc': 'pickle.loads', 'isInput': False, 'args': ['zlib.decompress']}"
Python-Django-Complete-Real-Estate-Website-masterfilebased.py,"{'type': 'variable', 'line': 146, 'name': 'exp', 'value': None, 'valueSrc': 'pickle.load', 'isInput': False, 'args': ['f']}"
Python-Django-Complete-Real-Estate-Website-masterserializers.py,"{'type': 'function_def', 'line': 14, 'name': 'loads', 'args': ['self', 'data'], 'defaults': [], 'return': 'pickle.loads', 'returnArgs': [[False, 'data']]}"
Python-Django-Complete-Real-Estate-Website-masterdepends.py,"{'type': 'variable', 'line': 117, 'name': 'code', 'value': None, 'valueSrc': 'marshal.load', 'isInput': False, 'args': ['f']}"
Python-Django-Complete-Real-Estate-Website-masterbdist_egg.py,"{'type': 'variable', 'line': 422, 'name': 'code', 'value': None, 'valueSrc': 'marshal.load', 'isInput': False, 'args': ['f']}"
Bus-Reservation-System-masterdb.py,"{'type': 'function_def', 'line': 53, 'name': 'get', 'args': ['self', 'key', 'default', 'version'], 'defaults': [None, None], 'return': 'pickle.loads', 'returnArgs': [[False, 'base64.b64decode']]}"
Bus-Reservation-System-masterfilebased.py,"{'type': 'variable', 'line': 138, 'name': 'exp', 'value': None, 'valueSrc': 'pickle.load', 'isInput': False, 'args': ['f']}"
Bus-Reservation-System-masterserializers.py,"{'type': 'function_def', 'line': 17, 'name': 'loads', 'args': ['self', 'data'], 'defaults': [], 'return': 'pickle.loads', 'returnArgs': [[False, 'data']]}"
Bus-Reservation-System-masterdepends.py,"{'type': 'variable', 'line': 150, 'name': 'code', 'value': None, 'valueSrc': 'marshal.load', 'isInput': False, 'args': ['f']}"
Bus-Reservation-System-masterbdist_egg.py,"{'type': 'variable', 'line': 392, 'name': 'code', 'value': None, 'valueSrc': 'marshal.load', 'isInput': False, 'args': ['f']}"
Bus-Reservation-System-master_bootstrap.py,"{'type': 'variable', 'line': 656, 'name': 'code', 'value': None, 'valueSrc': 'marshal.loads', 'isInput': False, 'args': ['data']}"
ebook-viewer-masterxml2obj.py,"{'type': 'function_call', 'line': 96, 'name': 'xml.sax.parseString', 'args': ['src', 'builder'], 'keywords': [], 'hasInputs': False}"
ebook-viewer-masterxml2obj.py,"{'type': 'function_call', 'line': 98, 'name': 'xml.sax.parse', 'args': ['src', 'builder'], 'keywords': [], 'hasInputs': False}"
m.css-masterlatex2svgextra.py,"{'type': 'variable', 'line': 146, 'name': '_cache', 'value': None, 'valueSrc': 'pickle.load', 'isInput': False, 'args': ['f']}"
E-Commerce-API-Python-masterdepends.py,"{'type': 'variable', 'line': 117, 'name': 'code', 'value': None, 'valueSrc': 'marshal.load', 'isInput': False, 'args': ['f']}"
E-Commerce-API-Python-masterbdist_egg.py,"{'type': 'variable', 'line': 416, 'name': 'code', 'value': None, 'valueSrc': 'marshal.load', 'isInput': False, 'args': ['f']}"
E-Commerce-API-Python-masteryacc.py,"{'type': 'variable', 'line': 2009, 'name': 'tabversion', 'value': None, 'valueSrc': 'pickle.load', 'isInput': False, 'args': ['in_f']}"
E-Commerce-API-Python-masteryacc.py,"{'type': 'variable', 'line': 2012, 'name': 'self.lr_method', 'value': None, 'valueSrc': 'pickle.load', 'isInput': False, 'args': ['in_f']}"
E-Commerce-API-Python-masteryacc.py,"{'type': 'variable', 'line': 2013, 'name': 'signature', 'value': None, 'valueSrc': 'pickle.load', 'isInput': False, 'args': ['in_f']}"
E-Commerce-API-Python-masteryacc.py,"{'type': 'variable', 'line': 2014, 'name': 'self.lr_action', 'value': None, 'valueSrc': 'pickle.load', 'isInput': False, 'args': ['in_f']}"
E-Commerce-API-Python-masteryacc.py,"{'type': 'variable', 'line': 2015, 'name': 'self.lr_goto', 'value': None, 'valueSrc': 'pickle.load', 'isInput': False, 'args': ['in_f']}"
E-Commerce-API-Python-masteryacc.py,"{'type': 'variable', 'line': 2016, 'name': 'productions', 'value': None, 'valueSrc': 'pickle.load', 'isInput': False, 'args': ['in_f']}"
E-Commerce-API-Python-masterserializer.py,"{'type': 'variable', 'line': 105, 'name': 'unpickler', 'value': None, 'valueSrc': 'pickle.Unpickler', 'isInput': False, 'args': ['file']}"
E-Commerce-API-Python-masterserializer.py,"{'type': 'variable', 'line': 125, 'name': 'cls', 'value': None, 'valueSrc': 'pickle.loads', 'isInput': False, 'args': ['b64decode']}"
E-Commerce-API-Python-masterserializer.py,"{'type': 'variable', 'line': 128, 'name': 'cls', 'value': None, 'valueSrc': 'pickle.loads', 'isInput': False, 'args': ['b64decode']}"
E-Commerce-API-Python-masterserializer.py,"{'type': 'variable', 'line': 132, 'name': 'cls', 'value': None, 'valueSrc': 'pickle.loads', 'isInput': False, 'args': ['b64decode']}"
E-Commerce-API-Python-masterforkedfunc.py,"{'type': 'variable', 'line': 97, 'name': 'retval', 'value': None, 'valueSrc': 'marshal.loads', 'isInput': False, 'args': ['retval_data']}"
E-Commerce-API-Python-mastercache.py,"{'type': 'variable', 'line': 733, 'name': 'expires', 'value': None, 'valueSrc': 'pickle.load', 'isInput': False, 'args': ['f']}"
E-Commerce-API-Python-mastercache.py,"{'type': 'variable', 'line': 759, 'name': 'pickle_time', 'value': None, 'valueSrc': 'pickle.load', 'isInput': False, 'args': ['f']}"
E-Commerce-API-Python-mastercache.py,"{'type': 'variable', 'line': 803, 'name': 'pickle_time', 'value': None, 'valueSrc': 'pickle.load', 'isInput': False, 'args': ['f']}"
E-Commerce-API-Python-mastercache.py,"{'type': 'function_def', 'line': 843, 'name': 'get', 'args': ['self', 'key'], 'defaults': [], 'return': 'pickle.loads', 'returnArgs': [[False, 'rv']]}"
E-Commerce-API-Python-masterbccache.py,"{'type': 'function_def', 'line': 42, 'name': 'marshal_load', 'args': ['f'], 'defaults': [], 'return': 'marshal.loads', 'returnArgs': [[False, 'f.read']]}"
E-Commerce-API-Python-masterbccache.py,"{'type': 'variable', 'line': 87, 'name': 'checksum', 'value': None, 'valueSrc': 'pickle.load', 'isInput': False, 'args': ['f']}"
Rakathon-masterapp.py,"{'type': 'variable', 'line': 111, 'name': 'vectorizer', 'value': None, 'valueSrc': 'pickle.load', 'isInput': False, 'args': ['infile']}"
Rakathon-masterapp.py,"{'type': 'variable', 'line': 114, 'name': 'data_vectorized', 'value': None, 'valueSrc': 'pickle.load', 'isInput': False, 'args': ['infile']}"
Rakathon-masterapp.py,"{'type': 'variable', 'line': 117, 'name': 'lda_output', 'value': None, 'valueSrc': 'pickle.load', 'isInput': False, 'args': ['infile']}"
Rakathon-masterapp.py,"{'type': 'variable', 'line': 120, 'name': 'lda_model', 'value': None, 'valueSrc': 'pickle.load', 'isInput': False, 'args': ['infile']}"
Rakathon-masterapp.py,"{'type': 'variable', 'line': 123, 'name': 'best_lda_model', 'value': None, 'valueSrc': 'pickle.load', 'isInput': False, 'args': ['infile']}"
weiquncrawler-mastergetRelation.py,"{'type': 'variable', 'line': 111, 'name': 'vectorizer', 'value': None, 'valueSrc': 'pickle.load', 'isInput': False, 'args': ['infile']}"
weiquncrawler-mastergetRelation.py,"{'type': 'variable', 'line': 114, 'name': 'data_vectorized', 'value': None, 'valueSrc': 'pickle.load', 'isInput': False, 'args': ['infile']}"
weiquncrawler-mastergetRelation.py,"{'type': 'variable', 'line': 117, 'name': 'lda_output', 'value': None, 'valueSrc': 'pickle.load', 'isInput': False, 'args': ['infile']}"
weiquncrawler-mastergetRelation.py,"{'type': 'variable', 'line': 120, 'name': 'lda_model', 'value': None, 'valueSrc': 'pickle.load', 'isInput': False, 'args': ['infile']}"
weiquncrawler-mastergetRelation.py,"{'type': 'variable', 'line': 123, 'name': 'best_lda_model', 'value': None, 'valueSrc': 'pickle.load', 'isInput': False, 'args': ['infile']}"
weiquncrawler-masterconvert_userid_result.py,"{'type': 'variable', 'line': 111, 'name': 'vectorizer', 'value': None, 'valueSrc': 'pickle.load', 'isInput': False, 'args': ['infile']}"
weiquncrawler-masterconvert_userid_result.py,"{'type': 'variable', 'line': 114, 'name': 'data_vectorized', 'value': None, 'valueSrc': 'pickle.load', 'isInput': False, 'args': ['infile']}"
weiquncrawler-masterconvert_userid_result.py,"{'type': 'variable', 'line': 117, 'name': 'lda_output', 'value': None, 'valueSrc': 'pickle.load', 'isInput': False, 'args': ['infile']}"
weiquncrawler-masterconvert_userid_result.py,"{'type': 'variable', 'line': 120, 'name': 'lda_model', 'value': None, 'valueSrc': 'pickle.load', 'isInput': False, 'args': ['infile']}"
weiquncrawler-masterconvert_userid_result.py,"{'type': 'variable', 'line': 123, 'name': 'best_lda_model', 'value': None, 'valueSrc': 'pickle.load', 'isInput': False, 'args': ['infile']}"
weiquncrawler-masterconvert_edge_list.py,"{'type': 'variable', 'line': 111, 'name': 'vectorizer', 'value': None, 'valueSrc': 'pickle.load', 'isInput': False, 'args': ['infile']}"
weiquncrawler-masterconvert_edge_list.py,"{'type': 'variable', 'line': 114, 'name': 'data_vectorized', 'value': None, 'valueSrc': 'pickle.load', 'isInput': False, 'args': ['infile']}"
weiquncrawler-masterconvert_edge_list.py,"{'type': 'variable', 'line': 117, 'name': 'lda_output', 'value': None, 'valueSrc': 'pickle.load', 'isInput': False, 'args': ['infile']}"
weiquncrawler-masterconvert_edge_list.py,"{'type': 'variable', 'line': 120, 'name': 'lda_model', 'value': None, 'valueSrc': 'pickle.load', 'isInput': False, 'args': ['infile']}"
weiquncrawler-masterconvert_edge_list.py,"{'type': 'variable', 'line': 123, 'name': 'best_lda_model', 'value': None, 'valueSrc': 'pickle.load', 'isInput': False, 'args': ['infile']}"
weiquncrawler-mastersimplecrawlerWAP.py,"{'type': 'variable', 'line': 111, 'name': 'vectorizer', 'value': None, 'valueSrc': 'pickle.load', 'isInput': False, 'args': ['infile']}"
weiquncrawler-mastersimplecrawlerWAP.py,"{'type': 'variable', 'line': 114, 'name': 'data_vectorized', 'value': None, 'valueSrc': 'pickle.load', 'isInput': False, 'args': ['infile']}"
weiquncrawler-mastersimplecrawlerWAP.py,"{'type': 'variable', 'line': 117, 'name': 'lda_output', 'value': None, 'valueSrc': 'pickle.load', 'isInput': False, 'args': ['infile']}"
weiquncrawler-mastersimplecrawlerWAP.py,"{'type': 'variable', 'line': 120, 'name': 'lda_model', 'value': None, 'valueSrc': 'pickle.load', 'isInput': False, 'args': ['infile']}"
weiquncrawler-mastersimplecrawlerWAP.py,"{'type': 'variable', 'line': 123, 'name': 'best_lda_model', 'value': None, 'valueSrc': 'pickle.load', 'isInput': False, 'args': ['infile']}"
weiquncrawler-mastersina_reptile.py,"{'type': 'variable', 'line': 111, 'name': 'vectorizer', 'value': None, 'valueSrc': 'pickle.load', 'isInput': False, 'args': ['infile']}"
weiquncrawler-mastersina_reptile.py,"{'type': 'variable', 'line': 114, 'name': 'data_vectorized', 'value': None, 'valueSrc': 'pickle.load', 'isInput': False, 'args': ['infile']}"
weiquncrawler-mastersina_reptile.py,"{'type': 'variable', 'line': 117, 'name': 'lda_output', 'value': None, 'valueSrc': 'pickle.load', 'isInput': False, 'args': ['infile']}"
weiquncrawler-mastersina_reptile.py,"{'type': 'variable', 'line': 120, 'name': 'lda_model', 'value': None, 'valueSrc': 'pickle.load', 'isInput': False, 'args': ['infile']}"
weiquncrawler-mastersina_reptile.py,"{'type': 'variable', 'line': 123, 'name': 'best_lda_model', 'value': None, 'valueSrc': 'pickle.load', 'isInput': False, 'args': ['infile']}"
weiquncrawler-master__init__.py,"{'type': 'variable', 'line': 111, 'name': 'vectorizer', 'value': None, 'valueSrc': 'pickle.load', 'isInput': False, 'args': ['infile']}"
weiquncrawler-master__init__.py,"{'type': 'variable', 'line': 114, 'name': 'data_vectorized', 'value': None, 'valueSrc': 'pickle.load', 'isInput': False, 'args': ['infile']}"
weiquncrawler-master__init__.py,"{'type': 'variable', 'line': 117, 'name': 'lda_output', 'value': None, 'valueSrc': 'pickle.load', 'isInput': False, 'args': ['infile']}"
weiquncrawler-master__init__.py,"{'type': 'variable', 'line': 120, 'name': 'lda_model', 'value': None, 'valueSrc': 'pickle.load', 'isInput': False, 'args': ['infile']}"
weiquncrawler-master__init__.py,"{'type': 'variable', 'line': 123, 'name': 'best_lda_model', 'value': None, 'valueSrc': 'pickle.load', 'isInput': False, 'args': ['infile']}"
twitter-for-bigquery-masterdjango_orm.py,"{'type': 'function_def', 'line': 42, 'name': 'to_python', 'args': ['self', 'value'], 'defaults': [], 'return': 'pickle.loads', 'returnArgs': [[False, 'base64.b64decode']]}"
twitter-for-bigquery-masterdjango_orm.py,"{'type': 'function_def', 'line': 67, 'name': 'to_python', 'args': ['self', 'value'], 'defaults': [], 'return': 'pickle.loads', 'returnArgs': [[False, 'base64.b64decode']]}"
twitter-for-bigquery-mastertools.py,"{'type': 'function_def', 'line': 42, 'name': 'to_python', 'args': ['self', 'value'], 'defaults': [], 'return': 'pickle.loads', 'returnArgs': [[False, 'base64.b64decode']]}"
twitter-for-bigquery-mastertools.py,"{'type': 'function_def', 'line': 67, 'name': 'to_python', 'args': ['self', 'value'], 'defaults': [], 'return': 'pickle.loads', 'returnArgs': [[False, 'base64.b64decode']]}"
merchant-masterglobal_iris_real_mpi_integration.py,"{'type': 'variable', 'line': 169, 'name': 'tree', 'value': None, 'valueSrc': 'lxml.etree.fromstring', 'isInput': False, 'args': ['xml_content']}"
merchant-masterglobal_iris_real_mpi_integration.py,"{'type': 'variable', 'line': 200, 'name': 'tree', 'value': None, 'valueSrc': 'lxml.etree.fromstring', 'isInput': False, 'args': ['xml_content']}"
merchant-masterglobal_iris_gateway.py,"{'type': 'variable', 'line': 179, 'name': 'xml', 'value': None, 'valueSrc': 'lxml.etree.fromstring', 'isInput': False, 'args': ['response.content']}"
amazon-reviews-analysis-mastertopic_modelling.py,"{'type': 'variable', 'line': 52, 'name': 'data', 'value': None, 'valueSrc': 'cPickle.load', 'isInput': False, 'args': ['fo']}"
amazon-reviews-analysis-mastertopic_model_helpers.py,"{'type': 'variable', 'line': 52, 'name': 'data', 'value': None, 'valueSrc': 'cPickle.load', 'isInput': False, 'args': ['fo']}"
amazon-reviews-analysis-mastercounter.py,"{'type': 'variable', 'line': 52, 'name': 'data', 'value': None, 'valueSrc': 'cPickle.load', 'isInput': False, 'args': ['fo']}"
wishlists-mastermodels.py,"{'type': 'variable', 'line': 174, 'name': 'pickled_data', 'value': None, 'valueSrc': 'pickle.loads', 'isInput': False, 'args': ['data']}"
wishlists-mastermodels.py,"{'type': 'variable', 'line': 182, 'name': 'data', 'value': None, 'valueSrc': 'pickle.loads', 'isInput': False, 'args': ['Wishlist.__redis.get']}"
pywps-masterWPSRequest.py,"{'type': 'variable', 'line': 87, 'name': 'doc', 'value': None, 'valueSrc': 'lxml.etree.fromstring', 'isInput': False, 'args': ['self.http_request.get_data']}"
hendrix-masterbase.py,"{'type': 'variable', 'line': 231, 'name': 'fds', 'value': None, 'valueSrc': 'pickle.loads', 'isInput': False, 'args': ['fd']}"
Emotion-Analysis-mastermodels.py,"{'type': 'variable', 'line': 67, 'name': 'model', 'value': None, 'valueSrc': 'pickle.load', 'isInput': False, 'args': ['f']}"
featureserver-masterDjango.py,"{'type': 'variable', 'line': 52, 'name': 'Feature.geometry', 'value': None, 'valueSrc': 'pickle.loads', 'isInput': False, 'args': ['res.geometry']}"
featureserver-masterDjango.py,"{'type': 'variable', 'line': 65, 'name': 'Feature.properties', 'value': None, 'valueSrc': 'pickle.loads', 'isInput': False, 'args': ['props.encode']}"
featureserver-masterDBM.py,"{'type': 'function_def', 'line': 122, 'name': 'thaw_feature', 'args': ['self', 'thunk'], 'defaults': [], 'return': 'pickle.loads', 'returnArgs': [[True, 'self.db']]}"
featureserver-master__init__.py,"{'type': 'function_def', 'line': 122, 'name': 'thaw_feature', 'args': ['self', 'thunk'], 'defaults': [], 'return': 'pickle.loads', 'returnArgs': [[True, 'self.db']]}"
featureserver-masterVersionedPostGIS.py,"{'type': 'function_def', 'line': 132, 'name': '_deserializeattrs', 'args': ['self', 'attrstr'], 'defaults': [], 'return': 'cPickle.loads', 'returnArgs': [[False, 'attrstr']]}"
featureserver-masterWFS.py,"{'type': 'function_def', 'line': 132, 'name': '_deserializeattrs', 'args': ['self', 'attrstr'], 'defaults': [], 'return': 'cPickle.loads', 'returnArgs': [[False, 'attrstr']]}"
featureserver-masterOSM.py,"{'type': 'variable', 'line': 29, 'name': 'doc', 'value': None, 'valueSrc': 'xml.dom.minidom.parseString', 'isInput': False, 'args': ['data']}"
Variable-Delivery-Cost-Finder-masterSuggestWarehouse.py,"{'type': 'variable', 'line': 41, 'name': 'cluster', 'value': None, 'valueSrc': 'pickle.load', 'isInput': False, 'args': ['handle']}"
Variable-Delivery-Cost-Finder-masterCompute_Cluster.py,"{'type': 'variable', 'line': 73, 'name': 'root', 'value': None, 'valueSrc': 'pickle.load', 'isInput': False, 'args': ['handle']}"
Variable-Delivery-Cost-Finder-masterCompute_Cluster.py,"{'type': 'variable', 'line': 113, 'name': 'cluster', 'value': None, 'valueSrc': 'pickle.load', 'isInput': False, 'args': ['handle']}"
Variable-Delivery-Cost-Finder-masterareaFinder.py,"{'type': 'variable', 'line': 94, 'name': 'root', 'value': None, 'valueSrc': 'pickle.load', 'isInput': False, 'args': ['handle']}"
eventbrite-masterappengine.py,"{'type': 'function_def', 'line': 236, 'name': 'make_value_from_datastore', 'args': ['self', 'value'], 'defaults': [], 'return': 'pickle.loads', 'returnArgs': [[False, 'value']]}"
eventbrite-masterutils.py,"{'type': 'function_def', 'line': 29, 'name': '__getitem__', 'args': ['self', 'key'], 'defaults': [], 'return': 'pickle.loads', 'returnArgs': [[False, 'base64.b64decode']]}"
eventbrite-masterlocmem.py,"{'type': 'function_def', 'line': 35, 'name': 'get', 'args': ['self', 'key', 'default', 'version'], 'defaults': [None, None], 'return': 'pickle.loads', 'returnArgs': [[False, 'pickled']]}"
eventbrite-masterlocmem.py,"{'type': 'variable', 'line': 76, 'name': 'value', 'value': None, 'valueSrc': 'pickle.loads', 'isInput': False, 'args': ['pickled']}"
eventbrite-masterdb.py,"{'type': 'variable', 'line': 96, 'name': 'value', 'value': None, 'valueSrc': 'pickle.loads', 'isInput': False, 'args': ['base64.b64decode']}"
eventbrite-masterfilebased.py,"{'type': 'variable', 'line': 69, 'name': 'previous_value', 'value': None, 'valueSrc': 'pickle.loads', 'isInput': False, 'args': ['zlib.decompress']}"
eventbrite-masterfilebased.py,"{'type': 'variable', 'line': 146, 'name': 'exp', 'value': None, 'valueSrc': 'pickle.load', 'isInput': False, 'args': ['f']}"
eventbrite-masterserializers.py,"{'type': 'function_def', 'line': 16, 'name': 'loads', 'args': ['self', 'data'], 'defaults': [], 'return': 'pickle.loads', 'returnArgs': [[False, 'data']]}"
eventbrite-master_compat.py,"{'type': 'variable', 'line': 53, 'name': 'code_obj', 'value': None, 'valueSrc': 'marshal.loads', 'isInput': False, 'args': ['data']}"
eventbrite-masternumeric.py,"{'type': 'function_def', 'line': 2027, 'name': 'load', 'args': ['file'], 'defaults': [], 'return': 'pickle.load', 'returnArgs': [[False, 'file']]}"
eventbrite-mastercache.py,"{'type': 'variable', 'line': 778, 'name': 'expires', 'value': None, 'valueSrc': 'pickle.load', 'isInput': False, 'args': ['f']}"
eventbrite-mastercache.py,"{'type': 'variable', 'line': 807, 'name': 'pickle_time', 'value': None, 'valueSrc': 'pickle.load', 'isInput': False, 'args': ['f']}"
eventbrite-mastercache.py,"{'type': 'variable', 'line': 865, 'name': 'pickle_time', 'value': None, 'valueSrc': 'pickle.load', 'isInput': False, 'args': ['f']}"
eventbrite-mastercache.py,"{'type': 'function_def', 'line': 910, 'name': 'get', 'args': ['self', 'key'], 'defaults': [], 'return': 'pickle.loads', 'returnArgs': [[False, 'rv']]}"
eventbrite-masterbccache.py,"{'type': 'function_def', 'line': 42, 'name': 'marshal_load', 'args': ['f'], 'defaults': [], 'return': 'marshal.loads', 'returnArgs': [[False, 'f.read']]}"
eventbrite-masterbccache.py,"{'type': 'variable', 'line': 87, 'name': 'checksum', 'value': None, 'valueSrc': 'pickle.load', 'isInput': False, 'args': ['f']}"
datastore-ndb-python-mastermodel.py,"{'type': 'function_def', 'line': 1864, 'name': '_from_base_type', 'args': ['self', 'value'], 'defaults': [], 'return': 'pickle.loads', 'returnArgs': [[False, 'value']]}"
ivy-masterhashes.py,"{'type': 'variable', 'line': 56, 'name': '_hashes[old]', 'value': None, 'valueSrc': 'pickle.load', 'isInput': False, 'args': ['file']}"
waterbutler-developcore.py,"{'type': 'variable', 'line': 120, 'name': 'data', 'value': None, 'valueSrc': 'pickle.load', 'isInput': False, 'args': ['result_file']}"
calllog211-mastercache.py,"{'type': 'variable', 'line': 612, 'name': 'expires', 'value': None, 'valueSrc': 'pickle.load', 'isInput': False, 'args': ['f']}"
bioservices-mastermappers.py,"{'type': 'variable', 'line': 224, 'name': 'results', 'value': None, 'valueSrc': 'pickle.load', 'isInput': False, 'args': ['open']}"
idempierewsc-python-masternet.py,"{'type': 'variable', 'line': 121, 'name': 'self.xml_request', 'value': None, 'valueSrc': 'lxml.etree.fromstring', 'isInput': False, 'args': ['data_request']}"
idempierewsc-python-masternet.py,"{'type': 'variable', 'line': 155, 'name': 'self.xml_response', 'value': None, 'valueSrc': 'lxml.etree.fromstring', 'isInput': False, 'args': ['data_response']}"
exchangelib-masterutil.py,"{'type': 'variable', 'line': 456, 'name': 'res', 'value': None, 'valueSrc': 'lxml.etree.parse', 'isInput': False, 'args': ['stream'], 'funcKeywords': [['parser', None]]}"
Nuitka-developSerialization.py,"{'type': 'variable', 'line': 131, 'name': 'self.pickle', 'value': None, 'valueSrc': 'pickle.Unpickler', 'isInput': False, 'args': ['open']}"
Nuitka-developConstantCodes.py,"{'type': 'variable', 'line': 180, 'name': 'restored', 'value': None, 'valueSrc': 'marshal.loads', 'isInput': False, 'args': ['marshal_value']}"
Nuitka-developSConsign.py,"{'type': 'variable', 'line': 247, 'name': 'self.entries', 'value': None, 'valueSrc': 'pickle.loads', 'isInput': False, 'args': ['rawentries']}"
Nuitka-developSConsign.py,"{'type': 'variable', 'line': 307, 'name': 'self.entries', 'value': None, 'valueSrc': 'pickle.load', 'isInput': False, 'args': ['fp']}"
Nuitka-developdblite.py,"{'type': 'variable', 'line': 127, 'name': 'self._dict', 'value': None, 'valueSrc': 'pickle.loads', 'isInput': False, 'args': ['p'], 'funcKeywords': [['encoding', 'bytes']]}"
Nuitka-developdblite.py,"{'type': 'variable', 'line': 129, 'name': 'self._dict', 'value': None, 'valueSrc': 'pickle.loads', 'isInput': False, 'args': ['p']}"
Nuitka-developmsvs.py,"{'type': 'variable', 'line': 748, 'name': 'data', 'value': None, 'valueSrc': 'pickle.loads', 'isInput': False, 'args': ['datas']}"
Nuitka-developmsvs.py,"{'type': 'variable', 'line': 769, 'name': 'data', 'value': None, 'valueSrc': 'pickle.loads', 'isInput': False, 'args': ['datas']}"
Nuitka-developmsvs.py,"{'type': 'variable', 'line': 1066, 'name': 'data', 'value': None, 'valueSrc': 'pickle.loads', 'isInput': False, 'args': ['datas']}"
Nuitka-developmsvs.py,"{'type': 'variable', 'line': 1086, 'name': 'data', 'value': None, 'valueSrc': 'pickle.loads', 'isInput': False, 'args': ['datas']}"
Nuitka-developmsvs.py,"{'type': 'variable', 'line': 1559, 'name': 'data', 'value': None, 'valueSrc': 'pickle.loads', 'isInput': False, 'args': ['datas']}"
Nuitka-develop__init__.py,"{'type': 'variable', 'line': 688, 'name': 'dom', 'value': None, 'valueSrc': 'xml.dom.minidom.parse', 'isInput': False, 'args': ['__ensure_suffix']}"
Nuitka-develop__init__.py,"{'type': 'variable', 'line': 674, 'name': 'dom', 'value': None, 'valueSrc': 'xml.dom.minidom.parse', 'isInput': False, 'args': ['__ensure_suffix']}"
Nuitka-developvs.py,"{'type': 'variable', 'line': 674, 'name': 'dom', 'value': None, 'valueSrc': 'xml.dom.minidom.parse', 'isInput': False, 'args': ['__ensure_suffix']}"
Nuitka-developvc.py,"{'type': 'variable', 'line': 674, 'name': 'dom', 'value': None, 'valueSrc': 'xml.dom.minidom.parse', 'isInput': False, 'args': ['__ensure_suffix']}"
Look4Face-masterviews.py,"{'type': 'variable', 'line': 147, 'name': 'names', 'value': None, 'valueSrc': 'pickle.load', 'isInput': False, 'args': ['f']}"
d6tflow-master__init__.py,"{'type': 'variable', 'line': 296, 'name': 'data', 'value': None, 'valueSrc': 'pickle.load', 'isInput': False, 'args': ['fhandle']}"
KindleEar-masterjisyo.py,"{'type': 'variable', 'line': 24, 'name': 'object.__new__.kanwadict', 'value': None, 'valueSrc': 'cPickle.loads', 'isInput': False, 'args': ['P']}"
KindleEar-masterjisyo.py,"{'type': 'variable', 'line': 27, 'name': 'object.__new__.itaijidict', 'value': None, 'valueSrc': 'cPickle.loads', 'isInput': False, 'args': ['P']}"
KindleEar-masterjisyo.py,"{'type': 'variable', 'line': 30, 'name': 'object.__new__.kanadict', 'value': None, 'valueSrc': 'cPickle.loads', 'isInput': False, 'args': ['P']}"
KindleEar-masterjisyo.py,"{'type': 'variable', 'line': 43, 'name': 'table', 'value': None, 'valueSrc': 'marshal.loads', 'isInput': False, 'args': ['decompress']}"
KindleEar-masterjisyo.py,"{'type': 'variable', 'line': 43, 'name': 'self.jisyo_table[key]', 'value': None, 'valueSrc': 'marshal.loads', 'isInput': False, 'args': ['decompress']}"
KindleEar-masterlocalization.py,"{'type': 'variable', 'line': 20, 'name': 'stats', 'value': None, 'valueSrc': 'cPickle.load', 'isInput': False, 'args': ['open']}"
KindleEar-masterlocalization.py,"{'type': 'variable', 'line': 208, 'name': 'lcdata', 'value': None, 'valueSrc': 'cPickle.loads', 'isInput': False, 'args': ['zf.read']}"
KindleEar-masterlocalization.py,"{'type': 'variable', 'line': 332, 'name': '_iso639', 'value': None, 'valueSrc': 'cPickle.load', 'isInput': False, 'args': ['f']}"
KindleEar-masterzipfile.py,"{'type': 'variable', 'line': 20, 'name': 'stats', 'value': None, 'valueSrc': 'cPickle.load', 'isInput': False, 'args': ['open']}"
KindleEar-masterzipfile.py,"{'type': 'variable', 'line': 208, 'name': 'lcdata', 'value': None, 'valueSrc': 'cPickle.loads', 'isInput': False, 'args': ['zf.read']}"
KindleEar-masterzipfile.py,"{'type': 'variable', 'line': 332, 'name': '_iso639', 'value': None, 'valueSrc': 'cPickle.load', 'isInput': False, 'args': ['f']}"
esky-mastersudo_base.py,"{'type': 'function_def', 'line': 31, 'name': 'b64unpickle', 'args': ['data'], 'defaults': [], 'return': 'pickle.loads', 'returnArgs': [[False, 'base64.b64decode']]}"
esky-mastersudo_osx.py,"{'type': 'variable', 'line': 221, 'name': 'proxy', 'value': None, 'valueSrc': 'pickle.loads', 'isInput': False, 'args': ['b64decode']}"
esky-mastersudo_osx.py,"{'type': 'variable', 'line': 222, 'name': 'pipe', 'value': None, 'valueSrc': 'pickle.loads', 'isInput': False, 'args': ['b64decode']}"
esky-mastersudo_win32.py,"{'type': 'variable', 'line': 221, 'name': 'proxy', 'value': None, 'valueSrc': 'pickle.loads', 'isInput': False, 'args': ['b64decode']}"
esky-mastersudo_win32.py,"{'type': 'variable', 'line': 222, 'name': 'pipe', 'value': None, 'valueSrc': 'pickle.loads', 'isInput': False, 'args': ['b64decode']}"
esky-mastersudo_unix.py,"{'type': 'variable', 'line': 221, 'name': 'proxy', 'value': None, 'valueSrc': 'pickle.loads', 'isInput': False, 'args': ['b64decode']}"
esky-mastersudo_unix.py,"{'type': 'variable', 'line': 222, 'name': 'pipe', 'value': None, 'valueSrc': 'pickle.loads', 'isInput': False, 'args': ['b64decode']}"
moviegeek-masterbpr_recommender.py,"{'type': 'variable', 'line': 21, 'name': 'self.item_bias', 'value': None, 'valueSrc': 'pickle.load', 'isInput': False, 'args': ['ub_file']}"
moviegeek-masterfunksvd_recommender.py,"{'type': 'variable', 'line': 24, 'name': 'self.user_bias', 'value': None, 'valueSrc': 'pickle.load', 'isInput': False, 'args': ['ub_file']}"
moviegeek-masterfunksvd_recommender.py,"{'type': 'variable', 'line': 26, 'name': 'self.item_bias', 'value': None, 'valueSrc': 'pickle.load', 'isInput': False, 'args': ['ub_file']}"
moviegeek-masterfwls_recommender.py,"{'type': 'variable', 'line': 33, 'name': 'parameters', 'value': None, 'valueSrc': 'pickle.load', 'isInput': False, 'args': ['ub_file']}"
Django-E-Commerce-masterlocmem.py,"{'type': 'function_def', 'line': 35, 'name': 'get', 'args': ['self', 'key', 'default', 'version'], 'defaults': [None, None], 'return': 'pickle.loads', 'returnArgs': [[False, 'pickled']]}"
Django-E-Commerce-masterlocmem.py,"{'type': 'variable', 'line': 76, 'name': 'value', 'value': None, 'valueSrc': 'pickle.loads', 'isInput': False, 'args': ['pickled']}"
Django-E-Commerce-masterdb.py,"{'type': 'variable', 'line': 92, 'name': 'value', 'value': None, 'valueSrc': 'pickle.loads', 'isInput': False, 'args': ['base64.b64decode']}"
Django-E-Commerce-masterfilebased.py,"{'type': 'variable', 'line': 69, 'name': 'previous_value', 'value': None, 'valueSrc': 'pickle.loads', 'isInput': False, 'args': ['zlib.decompress']}"
Django-E-Commerce-masterfilebased.py,"{'type': 'variable', 'line': 140, 'name': 'exp', 'value': None, 'valueSrc': 'pickle.load', 'isInput': False, 'args': ['f']}"
Django-E-Commerce-masterserializers.py,"{'type': 'function_def', 'line': 16, 'name': 'loads', 'args': ['self', 'data'], 'defaults': [], 'return': 'pickle.loads', 'returnArgs': [[False, 'data']]}"
learn_python3_spider-mastersitemap.py,"{'type': 'variable', 'line': 18, 'name': 'self._root', 'value': None, 'valueSrc': 'lxml.etree.fromstring', 'isInput': False, 'args': ['xmltext'], 'funcKeywords': [['parser', None]]}"
learn_python3_spider-masterspiderstate.py,"{'type': 'variable', 'line': 33, 'name': 'spider.state', 'value': None, 'valueSrc': 'pickle.load', 'isInput': False, 'args': ['f']}"
learn_python3_spider-masterplugin.py,"{'type': 'variable', 'line': 157, 'name': 'dropinDotCache', 'value': None, 'valueSrc': 'pickle.load', 'isInput': False, 'args': ['f']}"
learn_python3_spider-masterrelay.py,"{'type': 'variable', 'line': 98, 'name': 'messageContents', 'value': None, 'valueSrc': 'pickle.load', 'isInput': False, 'args': ['fp']}"
learn_python3_spider-masteryacc.py,"{'type': 'variable', 'line': 2009, 'name': 'tabversion', 'value': None, 'valueSrc': 'pickle.load', 'isInput': False, 'args': ['in_f']}"
learn_python3_spider-masteryacc.py,"{'type': 'variable', 'line': 2012, 'name': 'self.lr_method', 'value': None, 'valueSrc': 'pickle.load', 'isInput': False, 'args': ['in_f']}"
learn_python3_spider-masteryacc.py,"{'type': 'variable', 'line': 2013, 'name': 'signature', 'value': None, 'valueSrc': 'pickle.load', 'isInput': False, 'args': ['in_f']}"
learn_python3_spider-masteryacc.py,"{'type': 'variable', 'line': 2014, 'name': 'self.lr_action', 'value': None, 'valueSrc': 'pickle.load', 'isInput': False, 'args': ['in_f']}"
learn_python3_spider-masteryacc.py,"{'type': 'variable', 'line': 2015, 'name': 'self.lr_goto', 'value': None, 'valueSrc': 'pickle.load', 'isInput': False, 'args': ['in_f']}"
learn_python3_spider-masteryacc.py,"{'type': 'variable', 'line': 2016, 'name': 'productions', 'value': None, 'valueSrc': 'pickle.load', 'isInput': False, 'args': ['in_f']}"
learn_python3_spider-masterpicklecompat.py,"{'type': 'function_def', 'line': 9, 'name': 'loads', 'args': ['s'], 'defaults': [], 'return': 'pickle.loads', 'returnArgs': [[False, 's']]}"
mollyproject-mastermodels.py,"{'type': 'function_def', 'line': 15, 'name': '_get_cache', 'args': ['self'], 'defaults': [], 'return': 'pickle.loads', 'returnArgs': [[False, 'base64.b64decode']]}"
appengine-flask-skeleton-mastercache.py,"{'type': 'variable', 'line': 715, 'name': 'expires', 'value': None, 'valueSrc': 'pickle.load', 'isInput': False, 'args': ['f']}"
appengine-flask-skeleton-mastercache.py,"{'type': 'variable', 'line': 741, 'name': 'pickle_time', 'value': None, 'valueSrc': 'pickle.load', 'isInput': False, 'args': ['f']}"
appengine-flask-skeleton-mastercache.py,"{'type': 'variable', 'line': 788, 'name': 'pickle_time', 'value': None, 'valueSrc': 'pickle.load', 'isInput': False, 'args': ['f']}"
appengine-flask-skeleton-masterbccache.py,"{'type': 'function_def', 'line': 42, 'name': 'marshal_load', 'args': ['f'], 'defaults': [], 'return': 'marshal.loads', 'returnArgs': [[False, 'f.read']]}"
appengine-flask-skeleton-masterbccache.py,"{'type': 'variable', 'line': 87, 'name': 'checksum', 'value': None, 'valueSrc': 'pickle.load', 'isInput': False, 'args': ['f']}"
boto-developconnection.py,"{'type': 'function_call', 'line': 1186, 'name': 'xml.sax.parseString', 'args': ['body', 'h'], 'keywords': [], 'hasInputs': False}"
boto-developconnection.py,"{'type': 'function_call', 'line': 1208, 'name': 'xml.sax.parseString', 'args': ['body', 'h'], 'keywords': [], 'hasInputs': False}"
boto-developconnection.py,"{'type': 'function_call', 'line': 1227, 'name': 'xml.sax.parseString', 'args': ['body', 'h'], 'keywords': [], 'hasInputs': False}"
boto-developjsonresponse.py,"{'type': 'function_call', 'line': 55, 'name': 'xml.sax.parseString', 'args': ['s', 'self'], 'keywords': [], 'hasInputs': False}"
boto-developconnection.py,"{'type': 'function_call', 'line': 850, 'name': 'xml.sax.parseString', 'args': ['body', 'h'], 'keywords': [], 'hasInputs': False}"
boto-developconnection.py,"{'type': 'function_call', 'line': 992, 'name': 'xml.sax.parseString', 'args': ['value', 'h'], 'keywords': [], 'hasInputs': False}"
boto-developconnection.py,"{'type': 'function_call', 'line': 1017, 'name': 'xml.sax.parseString', 'args': ['value', 'h'], 'keywords': [], 'hasInputs': False}"
boto-developconnection.py,"{'type': 'function_call', 'line': 448, 'name': 'xml.sax.parseString', 'args': ['body', 'h'], 'keywords': [], 'hasInputs': False}"
boto-develop__init__.py,"{'type': 'function_call', 'line': 78, 'name': 'xml.sax.parseString', 'args': ['body.encode', 'h'], 'keywords': [], 'hasInputs': False}"
boto-developconnection.py,"{'type': 'function_call', 'line': 500, 'name': 'xml.sax.parseString', 'args': ['body', 'h'], 'keywords': [], 'hasInputs': False}"
boto-developdomain.py,"{'type': 'function_call', 'line': 275, 'name': 'xml.sax.parse', 'args': ['doc', 'handler'], 'keywords': [], 'hasInputs': False}"
boto-developbucket.py,"{'type': 'function_call', 'line': 377, 'name': 'xml.sax.parseString', 'args': ['body', 'h'], 'keywords': [], 'hasInputs': False}"
boto-developbucket.py,"{'type': 'function_call', 'line': 600, 'name': 'xml.sax.parseString', 'args': ['body', 'h'], 'keywords': [], 'hasInputs': False}"
boto-developbucket.py,"{'type': 'function_call', 'line': 634, 'name': 'xml.sax.parseString', 'args': ['body', 'h'], 'keywords': [], 'hasInputs': False}"
boto-developbucket.py,"{'type': 'function_call', 'line': 1002, 'name': 'xml.sax.parseString', 'args': ['body', 'h'], 'keywords': [], 'hasInputs': False}"
boto-developbucket.py,"{'type': 'function_call', 'line': 1102, 'name': 'xml.sax.parseString', 'args': ['body', 'h'], 'keywords': [], 'hasInputs': False}"
boto-develop__init__.py,"{'type': 'function_call', 'line': 81, 'name': 'xml.sax.parseString', 'args': ['body', 'h'], 'keywords': [], 'hasInputs': False}"
boto-develop__init__.py,"{'type': 'function_call', 'line': 97, 'name': 'xml.sax.parseString', 'args': ['body', 'h'], 'keywords': [], 'hasInputs': False}"
boto-develop__init__.py,"{'type': 'function_call', 'line': 110, 'name': 'xml.sax.parseString', 'args': ['body', 'h'], 'keywords': [], 'hasInputs': False}"
boto-develop__init__.py,"{'type': 'function_call', 'line': 137, 'name': 'xml.sax.parseString', 'args': ['body', 'h'], 'keywords': [], 'hasInputs': False}"
boto-develop__init__.py,"{'type': 'function_call', 'line': 260, 'name': 'xml.sax.parseString', 'args': ['body', 'h'], 'keywords': [], 'hasInputs': False}"
boto-develop__init__.py,"{'type': 'function_call', 'line': 275, 'name': 'xml.sax.parseString', 'args': ['body', 'h'], 'keywords': [], 'hasInputs': False}"
boto-developconnection.py,"{'type': 'function_call', 'line': 334, 'name': 'xml.sax.parseString', 'args': ['body', 'handler'], 'keywords': [], 'hasInputs': False}"
boto-developconnection.py,"{'type': 'function_call', 'line': 466, 'name': 'xml.sax.parseString', 'args': ['body', 'h'], 'keywords': [], 'hasInputs': False}"
boto-developmultipart.py,"{'type': 'function_call', 'line': 225, 'name': 'xml.sax.parseString', 'args': ['body', 'h'], 'keywords': [], 'hasInputs': False}"
boto-developbucket.py,"{'type': 'function_call', 'line': 411, 'name': 'xml.sax.parseString', 'args': ['body', 'h'], 'keywords': [], 'hasInputs': False}"
boto-developbucket.py,"{'type': 'function_call', 'line': 725, 'name': 'xml.sax.parseString', 'args': ['body', 'h'], 'keywords': [], 'hasInputs': False}"
boto-developbucket.py,"{'type': 'function_call', 'line': 882, 'name': 'xml.sax.parseString', 'args': ['body', 'h'], 'keywords': [], 'hasInputs': False}"
boto-developbucket.py,"{'type': 'function_call', 'line': 962, 'name': 'xml.sax.parseString', 'args': ['body', 'h'], 'keywords': [], 'hasInputs': False}"
boto-developbucket.py,"{'type': 'function_call', 'line': 1145, 'name': 'xml.sax.parseString', 'args': ['body', 'h'], 'keywords': [], 'hasInputs': False}"
boto-developbucket.py,"{'type': 'function_call', 'line': 1226, 'name': 'xml.sax.parseString', 'args': ['body', 'h'], 'keywords': [], 'hasInputs': False}"
boto-developbucket.py,"{'type': 'function_call', 'line': 1388, 'name': 'xml.sax.parseString', 'args': ['body', 'h'], 'keywords': [], 'hasInputs': False}"
boto-developbucket.py,"{'type': 'function_call', 'line': 1494, 'name': 'xml.sax.parseString', 'args': ['config_xml', 'h'], 'keywords': [], 'hasInputs': False}"
boto-developbucket.py,"{'type': 'function_call', 'line': 1674, 'name': 'xml.sax.parseString', 'args': ['body', 'h'], 'keywords': [], 'hasInputs': False}"
boto-developbucket.py,"{'type': 'function_call', 'line': 1766, 'name': 'xml.sax.parseString', 'args': ['body', 'h'], 'keywords': [], 'hasInputs': False}"
boto-developbucket.py,"{'type': 'function_call', 'line': 1797, 'name': 'xml.sax.parseString', 'args': ['body', 'h'], 'keywords': [], 'hasInputs': False}"
boto-developbucket.py,"{'type': 'function_call', 'line': 1836, 'name': 'xml.sax.parseString', 'args': ['response', 'h'], 'keywords': [], 'hasInputs': False}"
