OWSLib-master__init__.py,"{'type': 'variable', 'line': 99, 'name': 'content', 'value': None, 'valueSrc': 'yaml.load', 'isInput': False, 'args': ['response.text']}"
nikola-mastermetadata_extractors.py,"{'type': 'variable', 'line': 200, 'name': 'meta', 'value': None, 'valueSrc': 'yaml.load', 'isInput': False, 'args': ['source_text']}"
nikola-mastergalleries.py,"{'type': 'variable', 'line': 475, 'name': 'meta', 'value': None, 'valueSrc': 'yaml.load_all', 'isInput': False, 'args': ['meta_file']}"
ecommerce-masterproduction.py,"{'type': 'variable', 'line': 58, 'name': 'config_from_yaml', 'value': None, 'valueSrc': 'yaml.load', 'isInput': False, 'args': ['f']}"
MicroSite-masterfabfile.py,"{'type': 'variable', 'line': 17, 'name': 'data', 'value': None, 'valueSrc': 'yaml.load', 'isInput': False, 'args': ['documents_file']}"
MicroSite-masterviews.py,"{'type': 'variable', 'line': 30, 'name': 'data', 'value': None, 'valueSrc': 'yaml.load', 'isInput': False, 'args': ['documents_file']}"
python-zhmcclient-masterlist_cpc_and_lpar.py,"{'type': 'variable', 'line': 35, 'name': 'hmccreds', 'value': None, 'valueSrc': 'yaml.load', 'isInput': False, 'args': ['fp']}"
python-zhmcclient-masterlist_free_crypto_domains.py,"{'type': 'variable', 'line': 35, 'name': 'hmccreds', 'value': None, 'valueSrc': 'yaml.load', 'isInput': False, 'args': ['fp']}"
python-zhmcclient-mastershow_os_messages.py,"{'type': 'variable', 'line': 38, 'name': 'hmccreds', 'value': None, 'valueSrc': 'yaml.load', 'isInput': False, 'args': ['fp']}"
python-zhmcclient-mastermount_iso.py,"{'type': 'variable', 'line': 38, 'name': 'hmccreds', 'value': None, 'valueSrc': 'yaml.load', 'isInput': False, 'args': ['fp']}"
python-zhmcclient-masterlist_storage_groups.py,"{'type': 'variable', 'line': 35, 'name': 'hmccreds', 'value': None, 'valueSrc': 'yaml.load', 'isInput': False, 'args': ['fp']}"
python-zhmcclient-masterasync_operation_polling.py,"{'type': 'variable', 'line': 36, 'name': 'hmccreds', 'value': None, 'valueSrc': 'yaml.load', 'isInput': False, 'args': ['fp']}"
python-zhmcclient-masteractivation_profiles.py,"{'type': 'variable', 'line': 35, 'name': 'hmccreds', 'value': None, 'valueSrc': 'yaml.load', 'isInput': False, 'args': ['fp']}"
python-zhmcclient-masterget_partial_and_full_properties.py,"{'type': 'variable', 'line': 37, 'name': 'hmccreds', 'value': None, 'valueSrc': 'yaml.load', 'isInput': False, 'args': ['fp']}"
python-zhmcclient-masterjms_notifications.py,"{'type': 'variable', 'line': 40, 'name': 'hmccreds', 'value': None, 'valueSrc': 'yaml.load', 'isInput': False, 'args': ['fp']}"
python-zhmcclient-mastermetrics.py,"{'type': 'variable', 'line': 36, 'name': 'hmccreds', 'value': None, 'valueSrc': 'yaml.load', 'isInput': False, 'args': ['fp']}"
python-zhmcclient-masterpartition_lifecycle.py,"{'type': 'variable', 'line': 37, 'name': 'hmccreds', 'value': None, 'valueSrc': 'yaml.load', 'isInput': False, 'args': ['fp']}"
python-zhmcclient-masterdiscover_storage_group.py,"{'type': 'variable', 'line': 37, 'name': 'hmccreds', 'value': None, 'valueSrc': 'yaml.load', 'isInput': False, 'args': ['fp']}"
python-zhmcclient-masterlpar_operations.py,"{'type': 'variable', 'line': 37, 'name': 'hmccreds', 'value': None, 'valueSrc': 'yaml.load', 'isInput': False, 'args': ['fp']}"
python-zhmcclient-masterget_inventory.py,"{'type': 'variable', 'line': 54, 'name': 'hmccreds', 'value': None, 'valueSrc': 'yaml.load', 'isInput': False, 'args': ['fp']}"
python-zhmcclient-masteradapter_port_vswitch.py,"{'type': 'variable', 'line': 36, 'name': 'hmccreds', 'value': None, 'valueSrc': 'yaml.load', 'isInput': False, 'args': ['fp']}"
python-zhmcclient-masterapi_version.py,"{'type': 'variable', 'line': 35, 'name': 'hmccreds', 'value': None, 'valueSrc': 'yaml.load', 'isInput': False, 'args': ['fp']}"
django-tastypie-masterserializers.py,"{'type': 'function_def', 'line': 506, 'name': 'from_yaml', 'args': ['self', 'content'], 'defaults': [], 'return': 'yaml.load', 'returnArgs': ['content'], 'returnKeywords': [['Loader', None]]}"
hyde-mastermodel.py,"{'type': 'variable', 'line': 143, 'name': None, 'value': None, 'valueSrc': 'yaml.load', 'isInput': False, 'args': ['self.deps_file.read_all']}"
hyde-mastermodel.py,"{'type': 'variable', 'line': 226, 'name': 'conf', 'value': None, 'valueSrc': 'yaml.load', 'isInput': False, 'args': ['stream']}"
hyde-masterjinja.py,"{'type': 'function_call', 'line': 388, 'name': 'var.update', 'args': ['yaml.load', 'out'], 'keywords': [], 'hasInputs': False}"
hyde-mastermeta.py,"{'type': 'function_call', 'line': 47, 'name': 'super.update', 'args': ['yaml.load', 'data'], 'keywords': [], 'hasInputs': False}"
hendrix-masterconf.py,"{'type': 'variable', 'line': 21, 'name': 'conf', 'value': None, 'valueSrc': 'yaml.load', 'isInput': False, 'args': ['cfg']}"
appdaemon-devdashboard.py,"{'type': 'variable', 'line': 475, 'name': 'myyaml', 'value': None, 'valueSrc': 'yaml.load', 'isInput': False, 'args': ['stream'], 'funcKeywords': [['Loader', None]]}"
appdaemon-dev__main__.py,"{'type': 'variable', 'line': 234, 'name': 'config', 'value': None, 'valueSrc': 'yaml.load', 'isInput': False, 'args': ['config_file_contents'], 'funcKeywords': [['Loader', None]]}"
appdaemon-dev__main__.py,"{'type': 'variable', 'line': 248, 'name': None, 'value': None, 'valueSrc': 'yaml.load', 'isInput': False, 'args': ['secrets_file_contents'], 'funcKeywords': [['Loader', None]]}"
appdaemon-dev__main__.py,"{'type': 'variable', 'line': 266, 'name': 'config', 'value': None, 'valueSrc': 'yaml.load', 'isInput': False, 'args': ['config_file_contents'], 'funcKeywords': [['Loader', None]]}"
appdaemon-devapp_management.py,"{'type': 'variable', 'line': 478, 'name': 'new_config', 'value': None, 'valueSrc': 'yaml.load', 'isInput': False, 'args': ['config_file_contents'], 'funcKeywords': [['Loader', None]]}"
appdaemon-devdummyplugin.py,"{'type': 'variable', 'line': 30, 'name': None, 'value': None, 'valueSrc': 'yaml.load', 'isInput': False, 'args': ['config_file_contents'], 'funcKeywords': [['Loader', None]]}"
Catsup-mastermeta.py,"{'type': 'function_call', 'line': 32, 'name': 'meta.update', 'args': ['yaml.load', '\n.join', 'lines'], 'keywords': [], 'hasInputs': False}"
blogofile-pluginsblogger2blogofile.py,"{'type': 'variable', 'line': 172, 'name': 'header', 'value': None, 'valueSrc': 'yaml.load', 'isInput': False, 'args': ['entry.blogofile_header']}"
blogofile-pluginsblogger2blogofile.py,"{'type': 'variable', 'line': 184, 'name': 'header', 'value': None, 'valueSrc': 'yaml.load', 'isInput': False, 'args': ['entry.blogofile_header']}"
KindleEar-masterconfig.py,"{'type': 'variable', 'line': 19, 'name': 'config', 'value': None, 'valueSrc': 'yaml.load', 'isInput': False, 'args': ['stream']}"
Flask-Scaffold-masterscaffold.py,"{'type': 'variable', 'line': 131, 'name': 'yaml_data', 'value': None, 'valueSrc': 'yaml.load', 'isInput': False, 'args': ['file']}"
cntk-python-web-service-on-azure-masterproposal_target_layer.py,"{'type': 'variable', 'line': 33, 'name': 'layer_params', 'value': None, 'valueSrc': 'yaml.load', 'isInput': False, 'args': ['self.param_str_']}"
cntk-python-web-service-on-azure-masterproposal_layer.py,"{'type': 'variable', 'line': 33, 'name': 'layer_params', 'value': None, 'valueSrc': 'yaml.load', 'isInput': False, 'args': ['self.param_str_']}"
cntk-python-web-service-on-azure-masteranchor_target_layer.py,"{'type': 'variable', 'line': 35, 'name': 'layer_params', 'value': None, 'valueSrc': 'yaml.load', 'isInput': False, 'args': ['self.param_str_']}"
cntk-python-web-service-on-azure-masterproposal_target_layer.py,"{'type': 'variable', 'line': 31, 'name': 'layer_params', 'value': None, 'valueSrc': 'yaml.load', 'isInput': False, 'args': ['self.param_str_']}"
cntk-python-web-service-on-azure-masterproposal_layer.py,"{'type': 'variable', 'line': 29, 'name': 'layer_params', 'value': None, 'valueSrc': 'yaml.load', 'isInput': False, 'args': ['self.param_str_']}"
cntk-python-web-service-on-azure-masteranchor_target_layer.py,"{'type': 'variable', 'line': 33, 'name': 'layer_params', 'value': None, 'valueSrc': 'yaml.load', 'isInput': False, 'args': ['self.param_str_']}"
mollyproject-masternaptan.py,"{'type': 'variable', 'line': 70, 'name': None, 'value': None, 'valueSrc': 'yaml.load', 'isInput': False, 'args': ['fd']}"
mollyproject-masterosm.py,"{'type': 'variable', 'line': 282, 'name': None, 'value': None, 'valueSrc': 'yaml.load', 'isInput': False, 'args': ['fd']}"
mollyproject-masterosm.py,"{'type': 'variable', 'line': 304, 'name': None, 'value': None, 'valueSrc': 'yaml.load', 'isInput': False, 'args': ['fd']}"
