E-Commerce-Website-masterutils.py,"{'type': 'variable', 'line': 221, 'name': 'h', 'value': None, 'valueSrc': 'hashlib.md5', 'isInput': False, 'args': []}"
E-Commerce-Website-mastercache.py,"{'type': 'variable', 'line': 301, 'name': 'ctx', 'value': None, 'valueSrc': 'hashlib.md5', 'isInput': False, 'args': []}"
E-Commerce-Website-masterstorage.py,"{'type': 'variable', 'line': 79, 'name': 'md5', 'value': None, 'valueSrc': 'hashlib.md5', 'isInput': False, 'args': []}"
E-Commerce-Website-masterretrying.py,"{'type': 'function_def', 'line': 157, 'name': 'random_sleep', 'args': ['self', 'previous_attempt_number', 'delay_since_first_attempt_ms'], 'defaults': [], 'return': 'random.randint', 'returnArgs': ['self._wait_random_min', 'self._wait_random_max']}"
E-Commerce-Website-masterretrying.py,"{'type': 'function_def', 'line': 157, 'name': 'random_sleep', 'args': ['self', 'previous_attempt_number', 'delay_since_first_attempt_ms'], 'defaults': [], 'return': 'random.randint', 'returnArgs': ['self._wait_random_min', 'self._wait_random_max']}"
E-Commerce-Website-mastereasy_install.py,"{'type': 'variable', 'line': 444, 'name': 'pid', 'value': None, 'valueSrc': 'random.randint', 'isInput': False, 'args': [0, 'sys.maxsize']}"
brother_ql_web-masterbrother_ql_web.py,"{'type': 'variable', 'line': 294, 'name': 'family', 'value': None, 'valueSrc': 'random.choice', 'isInput': False, 'args': ['list']}"
brother_ql_web-masterbrother_ql_web.py,"{'type': 'variable', 'line': 295, 'name': 'style', 'value': None, 'valueSrc': 'random.choice', 'isInput': False, 'args': ['list']}"
HawkScan-mastersublist3r.py,"{'type': 'function_call', 'line': 511, 'name': 'time.sleep', 'args': ['random.randint', 2, 5], 'keywords': [], 'hasInputs': False}"
HawkScan-mastersublist3r.py,"{'type': 'function_call', 'line': 543, 'name': 'time.sleep', 'args': ['random.randint', 1, 2], 'keywords': [], 'hasInputs': False}"
FreeDiscovery-masterkeras_data_utils.py,"{'type': 'variable', 'line': 258, 'name': 'hasher', 'value': None, 'valueSrc': 'hashlib.md5', 'isInput': False, 'args': []}"
enlighten-mastermultiple_logging.py,"{'type': 'variable', 'line': 56, 'name': 'systems', 'value': None, 'valueSrc': 'random.randint', 'isInput': False, 'args': []}"
enlighten-mastermultiple_logging.py,"{'type': 'variable', 'line': 66, 'name': 'files', 'value': None, 'valueSrc': 'random.randint', 'isInput': False, 'args': []}"
enlighten-mastermultiple_logging.py,"{'type': 'function_call', 'line': 71, 'name': 'time.sleep', 'args': ['random.uniform', 0.001, 0.005], 'keywords': [], 'hasInputs': False}"
enlighten-masterdemo.py,"{'type': 'function_call', 'line': 30, 'name': 'time.sleep', 'args': ['random.uniform', 0.05, 0.25], 'keywords': [], 'hasInputs': False}"
enlighten-mastercontext_manager.py,"{'type': 'function_call', 'line': 27, 'name': 'time.sleep', 'args': ['random.uniform', 0.1, 0.5], 'keywords': [], 'hasInputs': False}"
enlighten-mastercontext_manager.py,"{'type': 'function_call', 'line': 32, 'name': 'time.sleep', 'args': ['random.uniform', 0.1, 0.5], 'keywords': [], 'hasInputs': False}"
enlighten-mastermulticolored.py,"{'type': 'function_call', 'line': 103, 'name': 'time.sleep', 'args': ['random.uniform', 0.1, 0.3], 'keywords': [], 'hasInputs': False}"
enlighten-mastermulticolored.py,"{'type': 'variable', 'line': 104, 'name': 'result', 'value': None, 'valueSrc': 'random.randint', 'isInput': False, 'args': [0, 10]}"
enlighten-mastermulticolored.py,"{'type': 'function_call', 'line': 133, 'name': 'time.sleep', 'args': ['random.uniform', 0.05, 0.15], 'keywords': [], 'hasInputs': False}"
enlighten-mastermultiprocessing_queues.py,"{'type': 'function_call', 'line': 34, 'name': 'time.sleep', 'args': ['random.uniform'], 'keywords': [], 'hasInputs': False}"
enlighten-mastermultiprocessing_queues.py,"{'type': 'variable', 'line': 54, 'name': 'files', 'value': None, 'valueSrc': 'random.randint', 'isInput': False, 'args': []}"
enlighten-mastermultiprocessing_queues.py,"{'type': 'function_call', 'line': 97, 'name': 'multiprocess_systems', 'args': ['manager', 'random.randint'], 'keywords': [], 'hasInputs': False}"
addons-server-mastercache.py,"{'type': 'variable', 'line': 35, 'name': 'key', 'value': None, 'valueSrc': 'hashlib.md5', 'isInput': False, 'args': []}"
addons-server-mastergenerators.py,"{'type': 'dict', 'line': 47, 'name': 'kwargs', 'value': None, 'valueSrc': 'initialization', 'isInput': False, 'keys': ['status', 'name', 'slug', 'bayesian_rating', 'average_daily_users', 'weekly_downloads', 'created', 'last_updated', 'icon_type', 'type'], 'values': ['STATUS_APPROVED', 'name', 'slugify', 'random.uniform', 'random.randint', 'random.randint', 'datetime.now', 'datetime.now', 'icon_type', 'ADDON_EXTENSION']}"
addons-server-mastergenerators.py,"{'type': 'dict', 'line': 47, 'name': 'kwargs', 'value': None, 'valueSrc': 'initialization', 'isInput': False, 'keys': ['status', 'name', 'slug', 'bayesian_rating', 'average_daily_users', 'weekly_downloads', 'created', 'last_updated', 'icon_type', 'type'], 'values': ['STATUS_APPROVED', 'name', 'slugify', 'random.uniform', 'random.randint', 'random.randint', 'datetime.now', 'datetime.now', 'icon_type', 'ADDON_EXTENSION']}"
addons-server-mastergenerators.py,"{'type': 'dict', 'line': 47, 'name': 'kwargs', 'value': None, 'valueSrc': 'initialization', 'isInput': False, 'keys': ['status', 'name', 'slug', 'bayesian_rating', 'average_daily_users', 'weekly_downloads', 'created', 'last_updated', 'icon_type', 'type'], 'values': ['STATUS_APPROVED', 'name', 'slugify', 'random.uniform', 'random.randint', 'random.randint', 'datetime.now', 'datetime.now', 'icon_type', 'ADDON_EXTENSION']}"
addons-server-mastergenerators.py,"{'type': 'variable', 'line': 83, 'name': 'icon_type', 'value': None, 'valueSrc': 'random.choice', 'isInput': False, 'args': ['default_icons']}"
addons-server-mastercollection.py,"{'type': 'dict', 'line': 14, 'name': 'data', 'value': None, 'valueSrc': 'initialization', 'isInput': False, 'keys': ['type', 'application', 'name', 'addon_count', 'listed'], 'values': ['amo.COLLECTION_NORMAL', 'application', 'Collection %s', 'random.randint', True]}"
addons-server-masterimages.py,"{'type': 'variable', 'line': 18, 'name': 'color', 'value': None, 'valueSrc': 'random.choice', 'isInput': False, 'args': ['list']}"
saleor-custom-masterrandom_data.py,"{'type': 'function_call', 'line': 201, 'name': 'create_product_images', 'args': ['product', 'random.randrange', 1, 5, 'type_placeholders'], 'keywords': [], 'hasInputs': False}"
saleor-custom-masterrandom_data.py,"{'type': 'function_def', 'line': 239, 'name': 'delivery_region', 'args': ['self'], 'defaults': [], 'return': 'random.choice', 'returnArgs': [['ANY_COUNTRY', 'US', 'PL', 'DE', 'GB']]}"
saleor-custom-masterrandom_data.py,"{'type': 'function_def', 'line': 242, 'name': 'shipping_method', 'args': ['self'], 'defaults': [], 'return': 'random.choice', 'returnArgs': ['ShippingMethod.objects.all']}"
saleor-custom-masterrandom_data.py,"{'type': 'variable', 'line': 372, 'name': 'status', 'value': None, 'valueSrc': 'random.choice', 'isInput': False, 'args': ['PaymentStatus.WAITING', 'PaymentStatus.PREAUTH', 'PaymentStatus.CONFIRMED']}"
saleor-custom-masterrandom_data.py,"{'type': 'variable', 'line': 402, 'name': 'quantity', 'value': None, 'valueSrc': 'random.randrange', 'isInput': False, 'args': [1, 5]}"
saleor-custom-masterdata.py,"{'type': 'variable', 'line': 582, 'name': 'chance_to_rate', 'value': None, 'valueSrc': 'random.uniform', 'isInput': False, 'args': [0.0, 1.0]}"
saleor-custom-masterdata.py,"{'type': 'variable', 'line': 585, 'name': 'user_count', 'value': None, 'valueSrc': 'random.randint', 'isInput': False, 'args': [1, 'len']}"
saleor-custom-masterdata.py,"{'type': 'variable', 'line': 590, 'name': 'give_rating', 'value': None, 'valueSrc': 'random.uniform', 'isInput': False, 'args': [0.0, 1.0]}"
saleor-custom-masterdata.py,"{'type': 'variable', 'line': 593, 'name': 'value', 'value': None, 'valueSrc': 'random.choice', 'isInput': False, 'args': ['rating_range']}"
saleor-custom-masterdata.py,"{'type': 'variable', 'line': 48, 'name': 'is_featured', 'value': None, 'valueSrc': 'random.choice', 'isInput': False, 'args': [[True, False]]}"
saleor-custom-masterdata.py,"{'type': 'variable', 'line': 49, 'name': 'position', 'value': None, 'valueSrc': 'random.choice', 'isInput': False, 'args': [['topLeft', 'topCenter', 'topRight', 'bottomLeft', 'bottomCenter', 'bottomRight', 'centerLeft', 'centerRight', 'centerCenter']]}"
saleor-custom-masterdata.py,"{'type': 'variable', 'line': 50, 'name': 'show', 'value': None, 'valueSrc': 'random.choice', 'isInput': False, 'args': [['left', 'right', 'down', 'up']]}"
saleor-custom-masterdata.py,"{'type': 'variable', 'line': 51, 'name': 'hide', 'value': None, 'valueSrc': 'random.choice', 'isInput': False, 'args': [['left', 'right', 'down', 'up']]}"
saleor-custom-masterdata.py,"{'type': 'variable', 'line': 58, 'name': 'has_message', 'value': None, 'valueSrc': 'random.choice', 'isInput': False, 'args': [[True, False]]}"
nikola-masterpost.py,"{'type': 'variable', 'line': 415, 'name': 'm', 'value': None, 'valueSrc': 'hashlib.md5', 'isInput': False, 'args': []}"
librato-python-web-masterutil.py,"{'type': 'variable', 'line': 143, 'name': 'h', 'value': None, 'valueSrc': 'hashlib.md5', 'isInput': False, 'args': []}"
djangocon_2015_talk-master__init__.py,"{'type': 'function_def', 'line': 5, 'name': 'db_for_read', 'args': ['self', 'model', 'hints'], 'defaults': [], 'return': 'random.choice', 'returnArgs': ['settings.READ_REPLICAS']}"
Python-Django-Complete-Real-Estate-Website-masterretrying.py,"{'type': 'function_def', 'line': 157, 'name': 'random_sleep', 'args': ['self', 'previous_attempt_number', 'delay_since_first_attempt_ms'], 'defaults': [], 'return': 'random.randint', 'returnArgs': ['self._wait_random_min', 'self._wait_random_max']}"
Python-Django-Complete-Real-Estate-Website-masterindexes.py,"{'type': 'variable', 'line': 81, 'name': 'h', 'value': None, 'valueSrc': 'hashlib.md5', 'isInput': False, 'args': []}"
Python-Django-Complete-Real-Estate-Website-masterschema.py,"{'type': 'variable', 'line': 144, 'name': 'h', 'value': None, 'valueSrc': 'hashlib.md5', 'isInput': False, 'args': []}"
Python-Django-Complete-Real-Estate-Website-mastercache.py,"{'type': 'variable', 'line': 301, 'name': 'ctx', 'value': None, 'valueSrc': 'hashlib.md5', 'isInput': False, 'args': []}"
Python-Django-Complete-Real-Estate-Website-mastercache.py,"{'type': 'variable', 'line': 306, 'name': 'url', 'value': None, 'valueSrc': 'hashlib.md5', 'isInput': False, 'args': ['force_bytes']}"
Python-Django-Complete-Real-Estate-Website-mastercache.py,"{'type': 'variable', 'line': 314, 'name': 'url', 'value': None, 'valueSrc': 'hashlib.md5', 'isInput': False, 'args': ['force_bytes']}"
Python-Django-Complete-Real-Estate-Website-masterstorage.py,"{'type': 'variable', 'line': 78, 'name': 'md5', 'value': None, 'valueSrc': 'hashlib.md5', 'isInput': False, 'args': []}"
Python-Django-Complete-Real-Estate-Website-mastereasy_install.py,"{'type': 'variable', 'line': 438, 'name': 'pid', 'value': None, 'valueSrc': 'random.randint', 'isInput': False, 'args': [0, 'sys.maxsize']}"
FlaskApiEcommerce-masterseed_database.py,"{'type': 'variable', 'line': 233, 'name': 'tag_to_add', 'value': None, 'valueSrc': 'random.choice', 'isInput': False, 'args': [[]]}"
FlaskApiEcommerce-masterseed_database.py,"{'type': 'variable', 'line': 239, 'name': 'category_to_add', 'value': None, 'valueSrc': 'random.choice', 'isInput': False, 'args': [[]]}"
FlaskApiEcommerce-masterseed_database.py,"{'type': 'variable', 'line': 266, 'name': 'user_id', 'value': None, 'valueSrc': 'random.choice', 'isInput': False, 'args': ['user_ids']}"
FlaskApiEcommerce-masterseed_database.py,"{'type': 'variable', 'line': 267, 'name': 'product_id', 'value': None, 'valueSrc': 'random.choice', 'isInput': False, 'args': ['product_ids']}"
FlaskApiEcommerce-masterseed_database.py,"{'type': 'variable', 'line': 305, 'name': 'address', 'value': None, 'valueSrc': 'random.choice', 'isInput': False, 'args': ['addresses']}"
FlaskApiEcommerce-masterseed_database.py,"{'type': 'variable', 'line': 323, 'name': 'product', 'value': None, 'valueSrc': 'random.choice', 'isInput': False, 'args': ['products']}"
Bus-Reservation-System-masterretrying.py,"{'type': 'function_def', 'line': 157, 'name': 'random_sleep', 'args': ['self', 'previous_attempt_number', 'delay_since_first_attempt_ms'], 'defaults': [], 'return': 'random.randint', 'returnArgs': ['self._wait_random_min', 'self._wait_random_max']}"
Bus-Reservation-System-masterschema.py,"{'type': 'variable', 'line': 121, 'name': 'h', 'value': None, 'valueSrc': 'hashlib.md5', 'isInput': False, 'args': []}"
Bus-Reservation-System-mastercache.py,"{'type': 'variable', 'line': 286, 'name': 'ctx', 'value': None, 'valueSrc': 'hashlib.md5', 'isInput': False, 'args': []}"
Bus-Reservation-System-mastercache.py,"{'type': 'variable', 'line': 291, 'name': 'url', 'value': None, 'valueSrc': 'hashlib.md5', 'isInput': False, 'args': ['force_bytes']}"
Bus-Reservation-System-mastercache.py,"{'type': 'variable', 'line': 299, 'name': 'url', 'value': None, 'valueSrc': 'hashlib.md5', 'isInput': False, 'args': ['force_bytes']}"
Bus-Reservation-System-masterutils.py,"{'type': 'variable', 'line': 15, 'name': 'args', 'value': None, 'valueSrc': 'hashlib.md5', 'isInput': False, 'args': ['force_bytes']}"
Bus-Reservation-System-mastermessage.py,"{'type': 'variable', 'line': 55, 'name': 'randint', 'value': None, 'valueSrc': 'random.randrange', 'isInput': False, 'args': [100000]}"
Bus-Reservation-System-masterstorage.py,"{'type': 'variable', 'line': 82, 'name': 'md5', 'value': None, 'valueSrc': 'hashlib.md5', 'isInput': False, 'args': []}"
Bus-Reservation-System-mastereasy_install.py,"{'type': 'variable', 'line': 417, 'name': 'pid', 'value': None, 'valueSrc': 'random.randint', 'isInput': False, 'args': [0, 'sys.maxsize']}"
cassiopeia-mastermatch_collection.py,"{'type': 'variable', 'line': 32, 'name': 'new_summoner_id', 'value': None, 'valueSrc': 'random.choice', 'isInput': False, 'args': ['unpulled_summoner_ids']}"
cassiopeia-mastermatch_collection.py,"{'type': 'variable', 'line': 41, 'name': 'new_match_id', 'value': None, 'valueSrc': 'random.choice', 'isInput': False, 'args': ['unpulled_match_ids']}"
J-Kart-mastermodels.py,"{'type': 'variable', 'line': 19, 'name': 'new_filename', 'value': None, 'valueSrc': 'random.randint', 'isInput': False, 'args': [1, 3910209312]}"
e-commerce-2_django-mastermodels.py,"{'type': 'variable', 'line': 23, 'name': 'new_filename', 'value': None, 'valueSrc': 'random.randint', 'isInput': False, 'args': [1, 1000000]}"
e-commerce-2_django-masterutils.py,"{'type': 'variable', 'line': 22, 'name': 'm', 'value': None, 'valueSrc': 'hashlib.md5', 'isInput': False, 'args': ['member_email']}"
e-commerce-2_django-masterutils.py,"{'type': 'variable', 'line': 43, 'name': 'size', 'value': None, 'valueSrc': 'random.randint', 'isInput': False, 'args': [30, 45]}"
python-for-entrepreneurs-course-demos-masterstatic_cache.py,"{'type': 'variable', 'line': 55, 'name': 'md5', 'value': None, 'valueSrc': 'hashlib.md5', 'isInput': False, 'args': []}"
python-for-entrepreneurs-course-demos-masterstatic_cache.py,"{'type': 'variable', 'line': 55, 'name': 'md5', 'value': None, 'valueSrc': 'hashlib.md5', 'isInput': False, 'args': []}"
python-for-entrepreneurs-course-demos-masterstatic_cache.py,"{'type': 'variable', 'line': 55, 'name': 'md5', 'value': None, 'valueSrc': 'hashlib.md5', 'isInput': False, 'args': []}"
python-for-entrepreneurs-course-demos-masterstatic_cache.py,"{'type': 'variable', 'line': 55, 'name': 'md5', 'value': None, 'valueSrc': 'hashlib.md5', 'isInput': False, 'args': []}"
python-for-entrepreneurs-course-demos-masterstatic_cache.py,"{'type': 'variable', 'line': 55, 'name': 'md5', 'value': None, 'valueSrc': 'hashlib.md5', 'isInput': False, 'args': []}"
python-for-entrepreneurs-course-demos-masterstatic_cache.py,"{'type': 'variable', 'line': 55, 'name': 'md5', 'value': None, 'valueSrc': 'hashlib.md5', 'isInput': False, 'args': []}"
python-for-entrepreneurs-course-demos-masterstatic_cache.py,"{'type': 'variable', 'line': 55, 'name': 'md5', 'value': None, 'valueSrc': 'hashlib.md5', 'isInput': False, 'args': []}"
python-for-entrepreneurs-course-demos-masterstatic_cache.py,"{'type': 'variable', 'line': 55, 'name': 'md5', 'value': None, 'valueSrc': 'hashlib.md5', 'isInput': False, 'args': []}"
python-for-entrepreneurs-course-demos-masterstatic_cache.py,"{'type': 'variable', 'line': 55, 'name': 'md5', 'value': None, 'valueSrc': 'hashlib.md5', 'isInput': False, 'args': []}"
python-for-entrepreneurs-course-demos-mastergame.py,"{'type': 'function_call', 'line': 29, 'name': 'self.history.append', 'args': ['random.choice', 'self.plays'], 'keywords': [], 'hasInputs': False}"
python-for-entrepreneurs-course-demos-masterstatic_cache.py,"{'type': 'variable', 'line': 55, 'name': 'md5', 'value': None, 'valueSrc': 'hashlib.md5', 'isInput': False, 'args': []}"
python-for-entrepreneurs-course-demos-masterstatic_cache.py,"{'type': 'variable', 'line': 55, 'name': 'md5', 'value': None, 'valueSrc': 'hashlib.md5', 'isInput': False, 'args': []}"
python-for-entrepreneurs-course-demos-masterutils.py,"{'type': 'variable', 'line': 24, 'name': 'md5', 'value': None, 'valueSrc': 'hashlib.md5', 'isInput': False, 'args': []}"
python-for-entrepreneurs-course-demos-masterstatic_cache.py,"{'type': 'variable', 'line': 54, 'name': 'md5', 'value': None, 'valueSrc': 'hashlib.md5', 'isInput': False, 'args': []}"
python-for-entrepreneurs-course-demos-masterstatic_cache.py,"{'type': 'variable', 'line': 55, 'name': 'md5', 'value': None, 'valueSrc': 'hashlib.md5', 'isInput': False, 'args': []}"
python-for-entrepreneurs-course-demos-masterstatic_cache.py,"{'type': 'variable', 'line': 55, 'name': 'md5', 'value': None, 'valueSrc': 'hashlib.md5', 'isInput': False, 'args': []}"
python-for-entrepreneurs-course-demos-masterstatic_cache.py,"{'type': 'variable', 'line': 55, 'name': 'md5', 'value': None, 'valueSrc': 'hashlib.md5', 'isInput': False, 'args': []}"
python-for-entrepreneurs-course-demos-masterstatic_cache.py,"{'type': 'variable', 'line': 55, 'name': 'md5', 'value': None, 'valueSrc': 'hashlib.md5', 'isInput': False, 'args': []}"
python-for-entrepreneurs-course-demos-masterstatic_cache.py,"{'type': 'variable', 'line': 55, 'name': 'md5', 'value': None, 'valueSrc': 'hashlib.md5', 'isInput': False, 'args': []}"
MachineLearning-DeepLearning-NLP-LeetCode-StatisticalLearningMethod-TensorFlow-masterIrisLogisticRegression.py,"{'type': 'function_call', 'line': 91, 'name': 'ftr.write', 'args': ['lines.pop', 'random.randint', 0, 'len', 1], 'keywords': [], 'hasInputs': False}"
ecommerce-masterutils.py,"{'type': 'variable', 'line': 29, 'name': 'hasher', 'value': None, 'valueSrc': 'hashlib.md5', 'isInput': False, 'args': []}"
ebook-viewer-mastercontent_provider.py,"{'type': 'variable', 'line': 184, 'name': 'md5', 'value': None, 'valueSrc': 'hashlib.md5', 'isInput': False, 'args': []}"
eyeD3-masterart.py,"{'type': 'variable', 'line': 245, 'name': 'md5', 'value': None, 'valueSrc': 'hashlib.md5', 'isInput': False, 'args': []}"
eyeD3-masterart.py,"{'type': 'variable', 'line': 257, 'name': 'md5', 'value': None, 'valueSrc': 'hashlib.md5', 'isInput': False, 'args': []}"
E-Commerce-API-Python-masterdistribution.py,"{'type': 'function_def', 'line': 7, 'name': 'random_sample', 'args': ['random'], 'defaults': [None], 'return': 'random.uniform', 'returnArgs': [0.0, 1.0]}"
E-Commerce-API-Python-masterretrying.py,"{'type': 'function_def', 'line': 157, 'name': 'random_sleep', 'args': ['self', 'previous_attempt_number', 'delay_since_first_attempt_ms'], 'defaults': [], 'return': 'random.randint', 'returnArgs': ['self._wait_random_min', 'self._wait_random_max']}"
E-Commerce-API-Python-mastereasy_install.py,"{'type': 'variable', 'line': 438, 'name': 'pid', 'value': None, 'valueSrc': 'random.randint', 'isInput': False, 'args': [0, 'sys.maxsize']}"
E-Commerce-API-Python-masterlanghelpers.py,"{'type': 'variable', 'line': 29, 'name': 'm', 'value': None, 'valueSrc': 'hashlib.md5', 'isInput': False, 'args': []}"
E-Commerce-API-Python-mastercx_oracle.py,"{'type': 'variable', 'line': 996, 'name': 'id', 'value': None, 'valueSrc': 'random.randint', 'isInput': False, 'args': [0, 2, 128]}"
E-Commerce-API-Python-master__init__.py,"{'type': 'variable', 'line': 167, 'name': 'h', 'value': None, 'valueSrc': 'hashlib.md5', 'isInput': False, 'args': []}"
djangogirls-mastermodels.py,"{'type': 'function_def', 'line': 8, 'name': 'random_cover', 'args': ['self'], 'defaults': [], 'return': 'random.choice', 'returnArgs': ['queryset.filter']}"
djangogirls-mastermodels.py,"{'type': 'function_def', 'line': 12, 'name': 'random_background', 'args': ['self'], 'defaults': [], 'return': 'random.choice', 'returnArgs': ['queryset.filter']}"
pySphere-masterMIMEAttachment.py,"{'type': 'variable', 'line': 97, 'name': 'token', 'value': None, 'valueSrc': 'random.randrange', 'isInput': False, 'args': ['sys.maxint']}"
py-gsxws-mastercore.py,"{'type': 'variable', 'line': 543, 'name': 'md5', 'value': None, 'valueSrc': 'hashlib.md5', 'isInput': False, 'args': []}"
Eel-mastersync_callbacks.py,"{'type': 'function_def', 'line': 6, 'name': 'py_random', 'args': [], 'defaults': [], 'return': 'random.random', 'returnArgs': []}"
Eel-mastercallbacks.py,"{'type': 'function_def', 'line': 7, 'name': 'py_random', 'args': [], 'defaults': [], 'return': 'random.random', 'returnArgs': []}"
Eel-masterhello.py,"{'type': 'function_def', 'line': 8, 'name': 'py_random', 'args': [], 'defaults': [], 'return': 'random.random', 'returnArgs': []}"
eventbrite-masterretrying.py,"{'type': 'function_def', 'line': 157, 'name': 'random_sleep', 'args': ['self', 'previous_attempt_number', 'delay_since_first_attempt_ms'], 'defaults': [], 'return': 'random.randint', 'returnArgs': ['self._wait_random_min', 'self._wait_random_max']}"
eventbrite-masterrr.py,"{'type': 'function_def', 'line': 9, 'name': '_choice', 'args': ['seq'], 'defaults': [], 'return': 'random.choice', 'returnArgs': ['seq']}"
eventbrite-masterretrying.py,"{'type': 'function_def', 'line': 157, 'name': 'random_sleep', 'args': ['self', 'previous_attempt_number', 'delay_since_first_attempt_ms'], 'defaults': [], 'return': 'random.randint', 'returnArgs': ['self._wait_random_min', 'self._wait_random_max']}"
eventbrite-masterretrying.py,"{'type': 'function_def', 'line': 157, 'name': 'random_sleep', 'args': ['self', 'previous_attempt_number', 'delay_since_first_attempt_ms'], 'defaults': [], 'return': 'random.randint', 'returnArgs': ['self._wait_random_min', 'self._wait_random_max']}"
eventbrite-mastervega_renderer.py,"{'type': 'variable', 'line': 99, 'name': 'id', 'value': None, 'valueSrc': 'random.randint', 'isInput': False, 'args': [0, 2, 16]}"
eventbrite-masterutils.py,"{'type': 'variable', 'line': 221, 'name': 'h', 'value': None, 'valueSrc': 'hashlib.md5', 'isInput': False, 'args': []}"
eventbrite-mastercache.py,"{'type': 'variable', 'line': 301, 'name': 'ctx', 'value': None, 'valueSrc': 'hashlib.md5', 'isInput': False, 'args': []}"
eventbrite-masterstorage.py,"{'type': 'variable', 'line': 79, 'name': 'md5', 'value': None, 'valueSrc': 'hashlib.md5', 'isInput': False, 'args': []}"
eventbrite-mastergrid_file.py,"{'type': 'variable', 'line': 181, 'name': 'kwargs[md5]', 'value': None, 'valueSrc': 'hashlib.md5', 'isInput': False, 'args': []}"
eventbrite-mastermessage.py,"{'type': 'function_def', 'line': 86, 'name': '_randint', 'args': [], 'defaults': [], 'return': 'random.randint', 'returnArgs': ['MIN_INT32', 2147483647]}"
eventbrite-mastermessage.py,"{'type': 'function_def', 'line': 872, 'name': 'legacy_bulk_insert', 'args': ['self', 'request_id', 'msg', 'max_doc_size', 'acknowledged', 'docs', 'compress'], 'defaults': [], 'return': 'self.legacy_write', 'returnArgs': ['random.randint', 'msg', 'max_doc_size', 'acknowledged', 'docs']}"
eventbrite-mastermessage.py,"{'type': 'function_call', 'line': 897, 'name': 'self._succeed', 'args': ['random.randint', 'res', 'findfind'], 'keywords': [], 'hasInputs': False}"
eventbrite-mastermessage.py,"{'type': 'function_call', 'line': 901, 'name': 'self._fail', 'args': ['random.randint', '_convert_write_result', 'findfind'], 'keywords': [], 'hasInputs': False}"
eventbrite-mastermessage.py,"{'type': 'function_call', 'line': 916, 'name': 'self._start', 'args': ['random.randint', 'docs'], 'keywords': [], 'hasInputs': False}"
eventbrite-mastermessage.py,"{'type': 'function_call', 'line': 922, 'name': 'self._succeed', 'args': ['random.randint', 'reply', 'findfind'], 'keywords': [], 'hasInputs': False}"
eventbrite-mastermessage.py,"{'type': 'function_call', 'line': 926, 'name': 'self._fail', 'args': ['random.randint', 'exc.details', 'findfind'], 'keywords': [], 'hasInputs': False}"
eventbrite-mastermessage.py,"{'type': 'function_call', 'line': 936, 'name': 'self.listeners.publish_command_start', 'args': ['cmd', 'self.db_name', 'random.randint', 'self.sock_info.address', 'self.op_id'], 'keywords': [], 'hasInputs': False}"
eventbrite-mastermessage.py,"{'type': 'function_call', 'line': 943, 'name': 'self.listeners.publish_command_success', 'args': ['findfind', 'reply', 'self.name', 'random.randint', 'self.sock_info.address', 'self.op_id'], 'keywords': [], 'hasInputs': False}"
eventbrite-mastermessage.py,"{'type': 'function_call', 'line': 949, 'name': 'self.listeners.publish_command_failure', 'args': ['findfind', 'failure', 'self.name', 'random.randint', 'self.sock_info.address', 'self.op_id'], 'keywords': [], 'hasInputs': False}"
eventbrite-mastermessage.py,"{'type': 'function_call', 'line': 1011, 'name': 'ctx.legacy_bulk_insert', 'args': ['random.randint', 'msg', 0, 'send_safe', [], 'compress'], 'keywords': [], 'hasInputs': False}"
eventbrite-mastermessage.py,"{'type': 'function_call', 'line': 1044, 'name': 'ctx.legacy_bulk_insert', 'args': ['random.randint', 'msg', 0, 'safe', ['doc'], 'compress'], 'keywords': [], 'hasInputs': False}"
eventbrite-mastermessage.py,"{'type': 'function_call', 'line': 1518, 'name': 'listeners.publish_command_start', 'args': ['cmd', 'db', 'random.randint', 'sock_info.address'], 'keywords': [], 'hasInputs': False}"
eventbrite-mastermessage.py,"{'type': 'function_call', 'line': 1533, 'name': 'listeners.publish_command_failure', 'args': ['findfind', 'failure', 'name', 'random.randint', 'sock_info.address'], 'keywords': [], 'hasInputs': False}"
eventbrite-mastermessage.py,"{'type': 'function_call', 'line': 1552, 'name': 'listeners.publish_command_success', 'args': ['findfind', 'result', 'name', 'random.randint', 'sock_info.address'], 'keywords': [], 'hasInputs': False}"
eventbrite-mastertopology.py,"{'type': 'function_def', 'line': 219, 'name': 'select_server', 'args': ['self', 'selector', 'server_selection_timeout', 'address'], 'defaults': [None, None], 'return': 'random.choice', 'returnArgs': ['self.select_servers', 'selector', 'server_selection_timeout', 'address']}"
eventbrite-masterauth.py,"{'type': 'variable', 'line': 331, 'name': 'md5hash', 'value': None, 'valueSrc': 'hashlib.md5', 'isInput': False, 'args': []}"
eventbrite-masterauth.py,"{'type': 'variable', 'line': 341, 'name': 'md5hash', 'value': None, 'valueSrc': 'hashlib.md5', 'isInput': False, 'args': []}"
eventbrite-master__init__.py,"{'type': 'variable', 'line': 198, 'name': 'h', 'value': None, 'valueSrc': 'hashlib.md5', 'isInput': False, 'args': []}"
appier-mastertypesf.py,"{'type': 'variable', 'line': 237, 'name': 'hash', 'value': None, 'valueSrc': 'hashlib.md5', 'isInput': False, 'args': ['data']}"
appier-masterdata.py,"{'type': 'variable', 'line': 120, 'name': 'machine_hash', 'value': None, 'valueSrc': 'hashlib.md5', 'isInput': False, 'args': []}"
waterbutler-developprovider.py,"{'type': 'function_call', 'line': 262, 'name': 'stream.add_writer', 'args': ['md5', 'streams.HashStreamWriter', 'hashlib.md5'], 'keywords': [], 'hasInputs': False}"
waterbutler-developprovider.py,"{'type': 'function_call', 'line': 128, 'name': 'stream.add_writer', 'args': ['md5', 'streams.HashStreamWriter', 'hashlib.md5'], 'keywords': [], 'hasInputs': False}"
waterbutler-developprovider.py,"{'type': 'function_call', 'line': 551, 'name': 'stream.add_writer', 'args': ['md5', 'streams.HashStreamWriter', 'hashlib.md5'], 'keywords': [], 'hasInputs': False}"
waterbutler-developprovider.py,"{'type': 'function_call', 'line': 208, 'name': 'stream.add_writer', 'args': ['md5', 'streams.HashStreamWriter', 'hashlib.md5'], 'keywords': [], 'hasInputs': False}"
waterbutler-developprovider.py,"{'type': 'function_call', 'line': 634, 'name': 'stream.add_writer', 'args': ['md5', 'streams.HashStreamWriter', 'hashlib.md5'], 'keywords': [], 'hasInputs': False}"
waterbutler-developprovider.py,"{'type': 'function_call', 'line': 991, 'name': 'stream.add_writer', 'args': ['md5', 'streams.HashStreamWriter', 'hashlib.md5'], 'keywords': [], 'hasInputs': False}"
waterbutler-developprovider.py,"{'type': 'function_call', 'line': 208, 'name': 'stream.add_writer', 'args': ['md5', 'streams.HashStreamWriter', 'hashlib.md5'], 'keywords': [], 'hasInputs': False}"
django-salesman-mastercreate_dummy_products.py,"{'type': 'variable', 'line': 44, 'name': None, 'value': None, 'valueSrc': 'random.randint', 'isInput': False, 'args': [10, 500]}"
Kart-mastermodels.py,"{'type': 'variable', 'line': 23, 'name': 'new_filename', 'value': None, 'valueSrc': 'random.randint', 'isInput': False, 'args': [1, 5890349]}"
Kart-masterutils.py,"{'type': 'variable', 'line': 34, 'name': 'm', 'value': None, 'valueSrc': 'hashlib.md5', 'isInput': False, 'args': ['member_email']}"
Kart-masterutils.py,"{'type': 'variable', 'line': 25, 'name': 'size', 'value': None, 'valueSrc': 'random.randint', 'isInput': False, 'args': [30, 45]}"
ArchiveBot-masteruploader.py,"{'type': 'variable', 'line': 145, 'name': 'md5', 'value': None, 'valueSrc': 'hashlib.md5', 'isInput': False, 'args': []}"
ArchiveBot-mastermonitoring.py,"{'type': 'variable', 'line': 18, 'name': 'm', 'value': None, 'valueSrc': 'hashlib.md5', 'isInput': False, 'args': []}"
websauna-masterstatic.py,"{'type': 'variable', 'line': 66, 'name': 'hash', 'value': None, 'valueSrc': 'hashlib.md5', 'isInput': False, 'args': []}"
eCommerce-Database-mainretrying.py,"{'type': 'function_def', 'line': 157, 'name': 'random_sleep', 'args': ['self', 'previous_attempt_number', 'delay_since_first_attempt_ms'], 'defaults': [], 'return': 'random.randint', 'returnArgs': ['self._wait_random_min', 'self._wait_random_max']}"
flexx-mastercolab_painting.py,"{'type': 'function_call', 'line': 41, 'name': 'self.set_color', 'args': ['random.choice', 'COLORS'], 'keywords': [], 'hasInputs': False}"
flexx-mastersend_data.py,"{'type': 'variable', 'line': 32, 'name': 'data_array[i]', 'value': None, 'valueSrc': 'random.random', 'isInput': False, 'args': []}"
saleor-masterrandom_data.py,"{'type': 'variable', 'line': 253, 'name': 'quantity', 'value': None, 'valueSrc': 'random.randint', 'isInput': False, 'args': [100, 500]}"
saleor-masterrandom_data.py,"{'type': 'variable', 'line': 467, 'name': 'quantity', 'value': None, 'valueSrc': 'random.randrange', 'isInput': False, 'args': [1, 5]}"
saleor-masterrandom_data.py,"{'type': 'variable', 'line': 527, 'name': 'customer', 'value': None, 'valueSrc': 'random.choice', 'isInput': False, 'args': [None, 'customers.first']}"
saleor-masterrandom_data.py,"{'type': 'variable', 'line': 1026, 'name': 'user', 'value': None, 'valueSrc': 'random.choice', 'isInput': False, 'args': ['User.objects.filter.order_by.first']}"
certidude-mastercli.py,"{'type': 'function_call', 'line': 1494, 'name': 'click.echo', 'args': ['md5sum: %s', 'hashlib.md5'], 'keywords': [], 'hasInputs': False}"
ZeroNet-py3FileServer.py,"{'type': 'variable', 'line': 78, 'name': 'port', 'value': None, 'valueSrc': 'random.randint', 'isInput': False, 'args': ['port_range_from', 'port_range_to']}"
ZeroNet-py3subtl.py,"{'type': 'variable', 'line': 119, 'name': 'trans_id', 'value': None, 'valueSrc': 'random.randint', 'isInput': False, 'args': [0, 1, 32, 1]}"
ZeroNet-py3SiteAnnouncer.py,"{'type': 'variable', 'line': 30, 'name': None, 'value': None, 'valueSrc': 'random.randint', 'isInput': False, 'args': [0, 10]}"
ZeroNet-py3CryptConnection.py,"{'type': 'variable', 'line': 129, 'name': 'self.openssl_env[CN]', 'value': None, 'valueSrc': 'random.choice', 'isInput': False, 'args': ['self.fakedomains']}"
appdaemon-devscheduler.py,"{'type': 'variable', 'line': 279, 'name': 'offset', 'value': None, 'valueSrc': 'random.randint', 'isInput': False, 'args': ['rbefore', 'rafter']}"
appdaemon-devalexa.py,"{'type': 'function_def', 'line': 96, 'name': 'Jack', 'args': ['self'], 'defaults': [], 'return': 'random.choice', 'returnArgs': ['responses']}"
pacu-masterpacu.py,"{'type': 'variable', 'line': 1307, 'name': 'new_ua', 'value': None, 'valueSrc': 'random.choice', 'isInput': False, 'args': ['user_agents']}"
Nuitka-developUtil.py,"{'type': 'variable', 'line': 1465, 'name': 'm', 'value': None, 'valueSrc': 'hashlib.md5', 'isInput': False, 'args': []}"
Nuitka-developUtil.py,"{'type': 'variable', 'line': 1482, 'name': 'm', 'value': None, 'valueSrc': 'hashlib.md5', 'isInput': False, 'args': []}"
Nuitka-developmsvs.py,"{'type': 'variable', 'line': 90, 'name': 'm', 'value': None, 'valueSrc': 'hashlib.md5', 'isInput': False, 'args': []}"
Look4Face-masterviews.py,"{'type': 'function_def', 'line': 133, 'name': 'random_choice', 'args': ['dpath', 'dname', 'dfolder'], 'defaults': [], 'return': 'random.choice', 'returnArgs': ['images']}"
opensale-masterrandom_data.py,"{'type': 'variable', 'line': 333, 'name': 'quantity', 'value': None, 'valueSrc': 'random.randrange', 'isInput': False, 'args': [1, 5]}"
opensale-masterrandom_data.py,"{'type': 'variable', 'line': 365, 'name': 'user', 'value': None, 'valueSrc': 'random.choice', 'isInput': False, 'args': [None, 'User.objects.filter.order_by.first']}"
15-minute-apps-masterunzip.py,"{'type': 'variable', 'line': 94, 'name': None, 'value': None, 'valueSrc': 'random.randint', 'isInput': False, 'args': []}"
shadowreader-masterdelay.py,"{'type': 'variable', 'line': 24, 'name': 'total_expected_execution_time', 'value': None, 'valueSrc': 'random.randint', 'isInput': False, 'args': [50, 70]}"
shadowreader-mastermaster.py,"{'type': 'variable', 'line': 148, 'name': 'rand_chunk', 'value': None, 'valueSrc': 'random.randint', 'isInput': False, 'args': [0, 'num_chunks', 1]}"
ShopCrawler-masterseventymm.py,"{'type': 'variable', 'line': 21, 'name': 'm', 'value': None, 'valueSrc': 'hashlib.md5', 'isInput': False, 'args': []}"
ShopCrawler-mastermysmartprice_spider.py,"{'type': 'variable', 'line': 21, 'name': 'm', 'value': None, 'valueSrc': 'hashlib.md5', 'isInput': False, 'args': []}"
ShopCrawler-masterpricecheckindia_spider.py,"{'type': 'variable', 'line': 21, 'name': 'm', 'value': None, 'valueSrc': 'hashlib.md5', 'isInput': False, 'args': []}"
ShopCrawler-master91mobiles_spider.py,"{'type': 'variable', 'line': 21, 'name': 'm', 'value': None, 'valueSrc': 'hashlib.md5', 'isInput': False, 'args': []}"
ShopCrawler-masterbrandsknot_spider.py,"{'type': 'variable', 'line': 21, 'name': 'm', 'value': None, 'valueSrc': 'hashlib.md5', 'isInput': False, 'args': []}"
ShopCrawler-masternaaptol_spider.py,"{'type': 'variable', 'line': 21, 'name': 'm', 'value': None, 'valueSrc': 'hashlib.md5', 'isInput': False, 'args': []}"
ShopCrawler-mastersnapdeal_spider.py,"{'type': 'variable', 'line': 21, 'name': 'm', 'value': None, 'valueSrc': 'hashlib.md5', 'isInput': False, 'args': []}"
ShopCrawler-masterflipkart_spider.py,"{'type': 'variable', 'line': 21, 'name': 'm', 'value': None, 'valueSrc': 'hashlib.md5', 'isInput': False, 'args': []}"
ShopCrawler-mastercompareindia_spider.py,"{'type': 'variable', 'line': 21, 'name': 'm', 'value': None, 'valueSrc': 'hashlib.md5', 'isInput': False, 'args': []}"
ShopCrawler-masterjunglee_spider.py,"{'type': 'variable', 'line': 21, 'name': 'm', 'value': None, 'valueSrc': 'hashlib.md5', 'isInput': False, 'args': []}"
ShopCrawler-masterpricedekho_spider.py,"{'type': 'variable', 'line': 21, 'name': 'm', 'value': None, 'valueSrc': 'hashlib.md5', 'isInput': False, 'args': []}"
ShopCrawler-masterbevyshop_spider.py,"{'type': 'variable', 'line': 21, 'name': 'm', 'value': None, 'valueSrc': 'hashlib.md5', 'isInput': False, 'args': []}"
ShopCrawler-masteryebhi_spider.py,"{'type': 'variable', 'line': 21, 'name': 'm', 'value': None, 'valueSrc': 'hashlib.md5', 'isInput': False, 'args': []}"
ShopCrawler-masterdailyobjects_spider.py,"{'type': 'variable', 'line': 21, 'name': 'm', 'value': None, 'valueSrc': 'hashlib.md5', 'isInput': False, 'args': []}"
ShopCrawler-masterngals_spider.py,"{'type': 'variable', 'line': 21, 'name': 'm', 'value': None, 'valueSrc': 'hashlib.md5', 'isInput': False, 'args': []}"
ShopCrawler-mastergizmeup_spider.py,"{'type': 'variable', 'line': 22, 'name': 'm', 'value': None, 'valueSrc': 'hashlib.md5', 'isInput': False, 'args': []}"
ShopCrawler-mastergadgetsguru_spider.py,"{'type': 'variable', 'line': 21, 'name': 'm', 'value': None, 'valueSrc': 'hashlib.md5', 'isInput': False, 'args': []}"
ShopCrawler-masterlenskart_spider.py,"{'type': 'variable', 'line': 21, 'name': 'm', 'value': None, 'valueSrc': 'hashlib.md5', 'isInput': False, 'args': []}"
ShopCrawler-masterbuytheprice_spider.py,"{'type': 'variable', 'line': 21, 'name': 'm', 'value': None, 'valueSrc': 'hashlib.md5', 'isInput': False, 'args': []}"
ShopCrawler-mastersaholicnew_spider.py,"{'type': 'variable', 'line': 21, 'name': 'm', 'value': None, 'valueSrc': 'hashlib.md5', 'isInput': False, 'args': []}"
ShopCrawler-masterbitfangnew_spider.py,"{'type': 'variable', 'line': 21, 'name': 'm', 'value': None, 'valueSrc': 'hashlib.md5', 'isInput': False, 'args': []}"
ShopCrawler-masterbrandsknot_spider.py,"{'type': 'variable', 'line': 21, 'name': 'm', 'value': None, 'valueSrc': 'hashlib.md5', 'isInput': False, 'args': []}"
ShopCrawler-masterzoomin_spider.py,"{'type': 'variable', 'line': 21, 'name': 'm', 'value': None, 'valueSrc': 'hashlib.md5', 'isInput': False, 'args': []}"
ShopCrawler-mastershoppersstop_spider.py,"{'type': 'variable', 'line': 21, 'name': 'm', 'value': None, 'valueSrc': 'hashlib.md5', 'isInput': False, 'args': []}"
ShopCrawler-masterunivercell_spider.py,"{'type': 'variable', 'line': 21, 'name': 'm', 'value': None, 'valueSrc': 'hashlib.md5', 'isInput': False, 'args': []}"
ShopCrawler-masterthemobilestore_spider.py,"{'type': 'variable', 'line': 21, 'name': 'm', 'value': None, 'valueSrc': 'hashlib.md5', 'isInput': False, 'args': []}"
ShopCrawler-masterinkfruit_spider.py,"{'type': 'variable', 'line': 21, 'name': 'm', 'value': None, 'valueSrc': 'hashlib.md5', 'isInput': False, 'args': []}"
ShopCrawler-masterkoovs_spider.py,"{'type': 'variable', 'line': 21, 'name': 'm', 'value': None, 'valueSrc': 'hashlib.md5', 'isInput': False, 'args': []}"
ShopCrawler-masternextco_spider.py,"{'type': 'variable', 'line': 21, 'name': 'm', 'value': None, 'valueSrc': 'hashlib.md5', 'isInput': False, 'args': []}"
ShopCrawler-masterthemobilestore_spider.py,"{'type': 'variable', 'line': 21, 'name': 'm', 'value': None, 'valueSrc': 'hashlib.md5', 'isInput': False, 'args': []}"
ShopCrawler-mastersaholicnew_spider.py,"{'type': 'variable', 'line': 21, 'name': 'm', 'value': None, 'valueSrc': 'hashlib.md5', 'isInput': False, 'args': []}"
ShopCrawler-masterbikedekho_spider.py,"{'type': 'variable', 'line': 22, 'name': 'm', 'value': None, 'valueSrc': 'hashlib.md5', 'isInput': False, 'args': []}"
ShopCrawler-mastertalash_spider.py,"{'type': 'variable', 'line': 22, 'name': 'm', 'value': None, 'valueSrc': 'hashlib.md5', 'isInput': False, 'args': []}"
ShopCrawler-masterperfume2order_spider.py,"{'type': 'variable', 'line': 21, 'name': 'm', 'value': None, 'valueSrc': 'hashlib.md5', 'isInput': False, 'args': []}"
ShopCrawler-masterbagskart_spider.py,"{'type': 'variable', 'line': 21, 'name': 'm', 'value': None, 'valueSrc': 'hashlib.md5', 'isInput': False, 'args': []}"
ShopCrawler-masterngals_spider.py,"{'type': 'variable', 'line': 21, 'name': 'm', 'value': None, 'valueSrc': 'hashlib.md5', 'isInput': False, 'args': []}"
ShopCrawler-masterinkfruit_spider.py,"{'type': 'variable', 'line': 21, 'name': 'm', 'value': None, 'valueSrc': 'hashlib.md5', 'isInput': False, 'args': []}"
ShopCrawler-masterbuytheprice_spider.py,"{'type': 'variable', 'line': 21, 'name': 'm', 'value': None, 'valueSrc': 'hashlib.md5', 'isInput': False, 'args': []}"
ShopCrawler-masterkoovs_spider.py,"{'type': 'variable', 'line': 21, 'name': 'm', 'value': None, 'valueSrc': 'hashlib.md5', 'isInput': False, 'args': []}"
ShopCrawler-masterzoomin_spider.py,"{'type': 'variable', 'line': 21, 'name': 'm', 'value': None, 'valueSrc': 'hashlib.md5', 'isInput': False, 'args': []}"
ShopCrawler-masterwatchkart_spider.py,"{'type': 'variable', 'line': 21, 'name': 'm', 'value': None, 'valueSrc': 'hashlib.md5', 'isInput': False, 'args': []}"
ShopCrawler-masteredigiworldnew_spider.py,"{'type': 'variable', 'line': 21, 'name': 'm', 'value': None, 'valueSrc': 'hashlib.md5', 'isInput': False, 'args': []}"
ShopCrawler-masterbitfangnew_spider.py,"{'type': 'variable', 'line': 21, 'name': 'm', 'value': None, 'valueSrc': 'hashlib.md5', 'isInput': False, 'args': []}"
ShopCrawler-mastershoppersstop_spider.py,"{'type': 'variable', 'line': 21, 'name': 'm', 'value': None, 'valueSrc': 'hashlib.md5', 'isInput': False, 'args': []}"
ShopCrawler-masterunivercell_spider.py,"{'type': 'variable', 'line': 21, 'name': 'm', 'value': None, 'valueSrc': 'hashlib.md5', 'isInput': False, 'args': []}"
ShopCrawler-masternextco_spider.py,"{'type': 'variable', 'line': 21, 'name': 'm', 'value': None, 'valueSrc': 'hashlib.md5', 'isInput': False, 'args': []}"
ShopCrawler-masterperfumesdirect_spider.py,"{'type': 'variable', 'line': 21, 'name': 'm', 'value': None, 'valueSrc': 'hashlib.md5', 'isInput': False, 'args': []}"
ShopCrawler-masterdailyobjects_spider.py,"{'type': 'variable', 'line': 21, 'name': 'm', 'value': None, 'valueSrc': 'hashlib.md5', 'isInput': False, 'args': []}"
ShopCrawler-masterhealthshoppe_spider.py,"{'type': 'variable', 'line': 21, 'name': 'm', 'value': None, 'valueSrc': 'hashlib.md5', 'isInput': False, 'args': []}"
ShopCrawler-masteregully_spider.py,"{'type': 'variable', 'line': 21, 'name': 'm', 'value': None, 'valueSrc': 'hashlib.md5', 'isInput': False, 'args': []}"
ShopCrawler-masterurbantouch_spider.py,"{'type': 'variable', 'line': 20, 'name': 'm', 'value': None, 'valueSrc': 'hashlib.md5', 'isInput': False, 'args': []}"
ShopCrawler-masterfirstcry_spider.py,"{'type': 'variable', 'line': 20, 'name': 'm', 'value': None, 'valueSrc': 'hashlib.md5', 'isInput': False, 'args': []}"
ShopCrawler-masterfuturebazaar_spider.py,"{'type': 'variable', 'line': 20, 'name': 'm', 'value': None, 'valueSrc': 'hashlib.md5', 'isInput': False, 'args': []}"
ShopCrawler-masterflipkart_spider - Copy.py,"{'type': 'variable', 'line': 20, 'name': 'm', 'value': None, 'valueSrc': 'hashlib.md5', 'isInput': False, 'args': []}"
ShopCrawler-masteresportsbuy.py,"{'type': 'variable', 'line': 20, 'name': 'm', 'value': None, 'valueSrc': 'hashlib.md5', 'isInput': False, 'args': []}"
ShopCrawler-masterplayground_spider.py,"{'type': 'variable', 'line': 20, 'name': 'm', 'value': None, 'valueSrc': 'hashlib.md5', 'isInput': False, 'args': []}"
ShopCrawler-masterindiaplaza.py,"{'type': 'variable', 'line': 20, 'name': 'm', 'value': None, 'valueSrc': 'hashlib.md5', 'isInput': False, 'args': []}"
ShopCrawler-masterhomeshop_spider.py,"{'type': 'variable', 'line': 19, 'name': 'm', 'value': None, 'valueSrc': 'hashlib.md5', 'isInput': False, 'args': []}"
ShopCrawler-mastertradus_spider.py,"{'type': 'variable', 'line': 19, 'name': 'm', 'value': None, 'valueSrc': 'hashlib.md5', 'isInput': False, 'args': []}"
ShopCrawler-mastertimtara_spider.py,"{'type': 'variable', 'line': 19, 'name': 'm', 'value': None, 'valueSrc': 'hashlib.md5', 'isInput': False, 'args': []}"
ShopCrawler-masterhealthkart.py,"{'type': 'variable', 'line': 19, 'name': 'm', 'value': None, 'valueSrc': 'hashlib.md5', 'isInput': False, 'args': []}"
ShopCrawler-masterlandmarkonnet_spider.py,"{'type': 'variable', 'line': 19, 'name': 'm', 'value': None, 'valueSrc': 'hashlib.md5', 'isInput': False, 'args': []}"
ShopCrawler-mastercarwale.py,"{'type': 'variable', 'line': 19, 'name': 'm', 'value': None, 'valueSrc': 'hashlib.md5', 'isInput': False, 'args': []}"
ShopCrawler-masternaaptol_spider.py,"{'type': 'variable', 'line': 19, 'name': 'm', 'value': None, 'valueSrc': 'hashlib.md5', 'isInput': False, 'args': []}"
ShopCrawler-masterbabyoye_spider.py,"{'type': 'variable', 'line': 19, 'name': 'm', 'value': None, 'valueSrc': 'hashlib.md5', 'isInput': False, 'args': []}"
ShopCrawler-masterinfibeam_spider.py,"{'type': 'variable', 'line': 19, 'name': 'm', 'value': None, 'valueSrc': 'hashlib.md5', 'isInput': False, 'args': []}"
ShopCrawler-masternext_spider.py,"{'type': 'variable', 'line': 19, 'name': 'm', 'value': None, 'valueSrc': 'hashlib.md5', 'isInput': False, 'args': []}"
ShopCrawler-masteredigiworld_spider.py,"{'type': 'variable', 'line': 19, 'name': 'm', 'value': None, 'valueSrc': 'hashlib.md5', 'isInput': False, 'args': []}"
ShopCrawler-masterbigadda_spider.py,"{'type': 'variable', 'line': 19, 'name': 'm', 'value': None, 'valueSrc': 'hashlib.md5', 'isInput': False, 'args': []}"
ShopCrawler-mastershopping_indiatimes.py,"{'type': 'variable', 'line': 19, 'name': 'm', 'value': None, 'valueSrc': 'hashlib.md5', 'isInput': False, 'args': []}"
ShopCrawler-mastershopping_rediff.py,"{'type': 'variable', 'line': 19, 'name': 'm', 'value': None, 'valueSrc': 'hashlib.md5', 'isInput': False, 'args': []}"
ShopCrawler-masterletsbuy_spider.py,"{'type': 'variable', 'line': 19, 'name': 'm', 'value': None, 'valueSrc': 'hashlib.md5', 'isInput': False, 'args': []}"
ShopCrawler-masterflipkart_spider.py,"{'type': 'variable', 'line': 19, 'name': 'm', 'value': None, 'valueSrc': 'hashlib.md5', 'isInput': False, 'args': []}"
ShopCrawler-masterwatchkart.py,"{'type': 'variable', 'line': 19, 'name': 'm', 'value': None, 'valueSrc': 'hashlib.md5', 'isInput': False, 'args': []}"
ShopCrawler-mastersaholic_spider.py,"{'type': 'variable', 'line': 19, 'name': 'm', 'value': None, 'valueSrc': 'hashlib.md5', 'isInput': False, 'args': []}"
ShopCrawler-mastersulekha_spider.py,"{'type': 'variable', 'line': 19, 'name': 'm', 'value': None, 'valueSrc': 'hashlib.md5', 'isInput': False, 'args': []}"
ShopCrawler-masterjunglee_spider.py,"{'type': 'variable', 'line': 19, 'name': 'm', 'value': None, 'valueSrc': 'hashlib.md5', 'isInput': False, 'args': []}"
ShopCrawler-mastermyntra_spider.py,"{'type': 'variable', 'line': 19, 'name': 'm', 'value': None, 'valueSrc': 'hashlib.md5', 'isInput': False, 'args': []}"
ShopCrawler-masteryebhi_spider.py,"{'type': 'variable', 'line': 19, 'name': 'm', 'value': None, 'valueSrc': 'hashlib.md5', 'isInput': False, 'args': []}"
ShopCrawler-masteregully_spider.py,"{'type': 'variable', 'line': 19, 'name': 'm', 'value': None, 'valueSrc': 'hashlib.md5', 'isInput': False, 'args': []}"
ShopCrawler-mastertolmol_spider.py,"{'type': 'variable', 'line': 19, 'name': 'm', 'value': None, 'valueSrc': 'hashlib.md5', 'isInput': False, 'args': []}"
ShopCrawler-masterindiaplaza.py,"{'type': 'variable', 'line': 19, 'name': 'm', 'value': None, 'valueSrc': 'hashlib.md5', 'isInput': False, 'args': []}"
ShopCrawler-mastermysmartprice_spider.py,"{'type': 'variable', 'line': 19, 'name': 'm', 'value': None, 'valueSrc': 'hashlib.md5', 'isInput': False, 'args': []}"
ShopCrawler-mastertradus_spider.py,"{'type': 'variable', 'line': 19, 'name': 'm', 'value': None, 'valueSrc': 'hashlib.md5', 'isInput': False, 'args': []}"
ShopCrawler-mastertimtara_spider.py,"{'type': 'variable', 'line': 19, 'name': 'm', 'value': None, 'valueSrc': 'hashlib.md5', 'isInput': False, 'args': []}"
ShopCrawler-masterpricecheckindia_spider.py,"{'type': 'variable', 'line': 19, 'name': 'm', 'value': None, 'valueSrc': 'hashlib.md5', 'isInput': False, 'args': []}"
ShopCrawler-masternext_spider.py,"{'type': 'variable', 'line': 19, 'name': 'm', 'value': None, 'valueSrc': 'hashlib.md5', 'isInput': False, 'args': []}"
ShopCrawler-masterletsbuy_spider.py,"{'type': 'variable', 'line': 19, 'name': 'm', 'value': None, 'valueSrc': 'hashlib.md5', 'isInput': False, 'args': []}"
ShopCrawler-masterflipkart_spider.py,"{'type': 'variable', 'line': 21, 'name': 'm', 'value': None, 'valueSrc': 'hashlib.md5', 'isInput': False, 'args': []}"
ShopCrawler-masteronlinebuy99_spider.py,"{'type': 'variable', 'line': 21, 'name': 'm', 'value': None, 'valueSrc': 'hashlib.md5', 'isInput': False, 'args': []}"
ShopCrawler-masterbevyshop_spider.py,"{'type': 'variable', 'line': 21, 'name': 'm', 'value': None, 'valueSrc': 'hashlib.md5', 'isInput': False, 'args': []}"
ShopCrawler-masteryebhi_spider.py,"{'type': 'variable', 'line': 21, 'name': 'm', 'value': None, 'valueSrc': 'hashlib.md5', 'isInput': False, 'args': []}"
fosswebsite-mastermodels.py,"{'type': 'variable', 'line': 23, 'name': 'size', 'value': None, 'valueSrc': 'random.randint', 'isInput': False, 'args': [10, 17]}"
KindleEar-masterwebopenid.py,"{'type': 'variable', 'line': 45, 'name': 'n', 'value': None, 'valueSrc': 'random.random', 'isInput': False, 'args': []}"
KindleEar-masterwebopenid.py,"{'type': 'variable', 'line': 47, 'name': 'n', 'value': None, 'valueSrc': 'random.random', 'isInput': False, 'args': []}"
KindleEar-masterutils.py,"{'type': 'variable', 'line': 45, 'name': 'n', 'value': None, 'valueSrc': 'random.random', 'isInput': False, 'args': []}"
KindleEar-masterutils.py,"{'type': 'variable', 'line': 47, 'name': 'n', 'value': None, 'valueSrc': 'random.random', 'isInput': False, 'args': []}"
KindleEar-masterdb.py,"{'type': 'variable', 'line': 45, 'name': 'n', 'value': None, 'valueSrc': 'random.random', 'isInput': False, 'args': []}"
KindleEar-masterdb.py,"{'type': 'variable', 'line': 47, 'name': 'n', 'value': None, 'valueSrc': 'random.random', 'isInput': False, 'args': []}"
KindleEar-mastertemplate.py,"{'type': 'variable', 'line': 45, 'name': 'n', 'value': None, 'valueSrc': 'random.random', 'isInput': False, 'args': []}"
KindleEar-mastertemplate.py,"{'type': 'variable', 'line': 47, 'name': 'n', 'value': None, 'valueSrc': 'random.random', 'isInput': False, 'args': []}"
KindleEar-masterbrowser.py,"{'type': 'variable', 'line': 45, 'name': 'n', 'value': None, 'valueSrc': 'random.random', 'isInput': False, 'args': []}"
KindleEar-masterbrowser.py,"{'type': 'variable', 'line': 47, 'name': 'n', 'value': None, 'valueSrc': 'random.random', 'isInput': False, 'args': []}"
KindleEar-mastersession.py,"{'type': 'variable', 'line': 45, 'name': 'n', 'value': None, 'valueSrc': 'random.random', 'isInput': False, 'args': []}"
KindleEar-mastersession.py,"{'type': 'variable', 'line': 47, 'name': 'n', 'value': None, 'valueSrc': 'random.random', 'isInput': False, 'args': []}"
KindleEar-masterWorker.py,"{'type': 'variable', 'line': 325, 'name': 'pos_info', 'value': None, 'valueSrc': 'random.choice', 'isInput': False, 'args': [[0, 0, 'w', 2, 'h', 2, 'w', 2, 0, 'w', 2, 'h', 0, 'h', 2, 'w', 'h', 2, 'w', 2, 'h', 2, 'w', 0, 'w', 2, 'h', 2, 0, 0, 0, 'h', 0, 'h', 2, 'w', 'h', 2, 'w', 2, 'h', 2, 0, 'h', 'w', 2, 'h', 2, 0, 0, 'w', 0, 'w', 2, 0, 'w', 2, 'h', 'w', 2, 'h', 2, 0, 0, 'w', 0, 'w', 2, 0, 0, 'h', 'w', 'h', 'w', 2, 'h', 2, 0, 'h', 2]]}"
KindleEar-masterWorker.py,"{'type': 'function_call', 'line': 328, 'name': 'imgs_orig.append', 'args': ['random.choice', []], 'keywords': [], 'hasInputs': False}"
BillCipher-mastersublist3r.py,"{'type': 'function_call', 'line': 506, 'name': 'time.sleep', 'args': ['random.randint', 2, 5], 'keywords': [], 'hasInputs': False}"
PyFlask_2k18-masterNumbers.py,"{'type': 'function_call', 'line': 99, 'name': 'print', 'args': ['random.randrange', 10, 20], 'keywords': [], 'hasInputs': False}"
PyFlask_2k18-masterNumbers.py,"{'type': 'function_call', 'line': 104, 'name': 'print', 'args': ['random.choice', ['a', 'b', 'c', 'd', 'e']], 'keywords': [], 'hasInputs': False}"
PyFlask_2k18-masterNumbers.py,"{'type': 'function_call', 'line': 113, 'name': 'print', 'args': ['random.random'], 'keywords': [], 'hasInputs': False}"
PyFlask_2k18-masterstring.py,"{'type': 'function_call', 'line': 99, 'name': 'print', 'args': ['random.randrange', 10, 20], 'keywords': [], 'hasInputs': False}"
PyFlask_2k18-masterstring.py,"{'type': 'function_call', 'line': 104, 'name': 'print', 'args': ['random.choice', ['a', 'b', 'c', 'd', 'e']], 'keywords': [], 'hasInputs': False}"
PyFlask_2k18-masterstring.py,"{'type': 'function_call', 'line': 113, 'name': 'print', 'args': ['random.random'], 'keywords': [], 'hasInputs': False}"
moviegeek-masterpopulate_logs.py,"{'type': 'variable', 'line': 145, 'name': None, 'value': None, 'valueSrc': 'random.randint', 'isInput': False, 'args': [0, 1000000]}"
moviegeek-masterpopulate_logs.py,"{'type': 'variable', 'line': 181, 'name': 'random_number', 'value': None, 'valueSrc': 'random.randint', 'isInput': False, 'args': [0, 100]}"
moviegeek-masterpopulate_logs.py,"{'type': 'variable', 'line': 208, 'name': 'randomuser_id', 'value': None, 'valueSrc': 'random.randint', 'isInput': False, 'args': [0, 'len', 1]}"
moviegeek-masterbpr_calculator.py,"{'type': 'variable', 'line': 155, 'name': 'u', 'value': None, 'valueSrc': 'random.choice', 'isInput': False, 'args': ['self.user_ids']}"
moviegeek-masterbpr_calculator.py,"{'type': 'variable', 'line': 158, 'name': 'pos', 'value': None, 'valueSrc': 'random.choice', 'isInput': False, 'args': ['self.user_movies']}"
moviegeek-masterbpr_calculator.py,"{'type': 'variable', 'line': 162, 'name': 'neg', 'value': None, 'valueSrc': 'random.choice', 'isInput': False, 'args': ['self.movie_ids']}"
moviegeek-masterviews.py,"{'type': 'variable', 'line': 162, 'name': 'request.session[user_id]', 'value': None, 'valueSrc': 'random.randint', 'isInput': False, 'args': [10000000000, 90000000000]}"
Django-E-Commerce-masterutils.py,"{'type': 'variable', 'line': 221, 'name': 'h', 'value': None, 'valueSrc': 'hashlib.md5', 'isInput': False, 'args': []}"
Django-E-Commerce-mastercache.py,"{'type': 'variable', 'line': 306, 'name': 'ctx', 'value': None, 'valueSrc': 'hashlib.md5', 'isInput': False, 'args': []}"
Django-E-Commerce-masterstorage.py,"{'type': 'variable', 'line': 79, 'name': 'md5', 'value': None, 'valueSrc': 'hashlib.md5', 'isInput': False, 'args': []}"
Django-E-Commerce-masterdiagnose.py,"{'type': 'variable', 'line': 181, 'name': 'choice', 'value': None, 'valueSrc': 'random.randint', 'isInput': False, 'args': [0, 3]}"
Django-E-Commerce-masterdiagnose.py,"{'type': 'variable', 'line': 184, 'name': 'tag_name', 'value': None, 'valueSrc': 'random.choice', 'isInput': False, 'args': [['p', 'div', 'span', 'i', 'b', 'script', 'table']]}"
Django-E-Commerce-masterdiagnose.py,"{'type': 'variable', 'line': 190, 'name': 'tag_name', 'value': None, 'valueSrc': 'random.choice', 'isInput': False, 'args': [['p', 'div', 'span', 'i', 'b', 'script', 'table']]}"
face_merge_master-masterauth.py,"{'type': 'variable', 'line': 32, 'name': 'rdm', 'value': None, 'valueSrc': 'random.randint', 'isInput': False, 'args': [0, 999999999]}"
learn_python3_spider-mastersentinel.py,"{'type': 'variable', 'line': 114, 'name': None, 'value': None, 'valueSrc': 'random.randint', 'isInput': False, 'args': [0, 'len', 1]}"
learn_python3_spider-masterretrying.py,"{'type': 'function_def', 'line': 157, 'name': 'random_sleep', 'args': ['self', 'previous_attempt_number', 'delay_since_first_attempt_ms'], 'defaults': [], 'return': 'random.randint', 'returnArgs': ['self._wait_random_min', 'self._wait_random_max']}"
learn_python3_spider-mastermisc.py,"{'type': 'variable', 'line': 110, 'name': 'm', 'value': None, 'valueSrc': 'hashlib.md5', 'isInput': False, 'args': []}"
learn_python3_spider-mastersrvconnect.py,"{'type': 'variable', 'line': 204, 'name': 'rand', 'value': None, 'valueSrc': 'random.randint', 'isInput': False, 'args': [0, 0]}"
learn_python3_spider-masterdns.py,"{'type': 'variable', 'line': 2930, 'name': None, 'value': None, 'valueSrc': 'random.randrange', 'isInput': False, 'args': [2, 10, 2, 15]}"
learn_python3_spider-mastercredentials.py,"{'type': 'variable', 'line': 426, 'name': 'r', 'value': None, 'valueSrc': 'random.randrange', 'isInput': False, 'args': [2147483647]}"
learn_python3_spider-mastersmtp.py,"{'type': 'variable', 'line': 158, 'name': 'rand', 'value': None, 'valueSrc': 'random.randrange', 'isInput': False, 'args': [2, 31, 1]}"
learn_python3_spider-mastergrid_file.py,"{'type': 'variable', 'line': 182, 'name': 'kwargs[md5]', 'value': None, 'valueSrc': 'hashlib.md5', 'isInput': False, 'args': []}"
learn_python3_spider-mastermessage.py,"{'type': 'function_def', 'line': 88, 'name': '_randint', 'args': [], 'defaults': [], 'return': 'random.randint', 'returnArgs': ['MIN_INT32', 2147483647]}"
learn_python3_spider-mastermessage.py,"{'type': 'function_call', 'line': 907, 'name': 'self.legacy_write', 'args': ['random.randint', 'msg', 0, False, 'to_send'], 'keywords': [], 'hasInputs': False}"
learn_python3_spider-mastermessage.py,"{'type': 'function_def', 'line': 930, 'name': 'legacy_bulk_insert', 'args': ['self', 'request_id', 'msg', 'max_doc_size', 'acknowledged', 'docs', 'compress'], 'defaults': [], 'return': 'self.legacy_write', 'returnArgs': ['random.randint', 'msg', 'max_doc_size', 'acknowledged', 'docs']}"
learn_python3_spider-mastermessage.py,"{'type': 'function_call', 'line': 955, 'name': 'self._succeed', 'args': ['random.randint', 'res', 'findfind'], 'keywords': [], 'hasInputs': False}"
learn_python3_spider-mastermessage.py,"{'type': 'function_call', 'line': 959, 'name': 'self._fail', 'args': ['random.randint', '_convert_write_result', 'findfind'], 'keywords': [], 'hasInputs': False}"
learn_python3_spider-mastermessage.py,"{'type': 'function_call', 'line': 974, 'name': 'self._start', 'args': ['random.randint', 'docs'], 'keywords': [], 'hasInputs': False}"
learn_python3_spider-mastermessage.py,"{'type': 'function_call', 'line': 980, 'name': 'self._succeed', 'args': ['random.randint', 'reply', 'findfind'], 'keywords': [], 'hasInputs': False}"
learn_python3_spider-mastermessage.py,"{'type': 'function_call', 'line': 984, 'name': 'self._fail', 'args': ['random.randint', 'exc.details', 'findfind'], 'keywords': [], 'hasInputs': False}"
learn_python3_spider-mastermessage.py,"{'type': 'function_call', 'line': 994, 'name': 'self.listeners.publish_command_start', 'args': ['cmd', 'self.db_name', 'random.randint', 'self.sock_info.address', 'self.op_id'], 'keywords': [], 'hasInputs': False}"
learn_python3_spider-mastermessage.py,"{'type': 'function_call', 'line': 1001, 'name': 'self.listeners.publish_command_success', 'args': ['findfind', 'reply', 'self.name', 'random.randint', 'self.sock_info.address', 'self.op_id'], 'keywords': [], 'hasInputs': False}"
learn_python3_spider-mastermessage.py,"{'type': 'function_call', 'line': 1007, 'name': 'self.listeners.publish_command_failure', 'args': ['findfind', 'failure', 'self.name', 'random.randint', 'self.sock_info.address', 'self.op_id'], 'keywords': [], 'hasInputs': False}"
learn_python3_spider-mastermessage.py,"{'type': 'function_call', 'line': 1117, 'name': 'ctx.legacy_bulk_insert', 'args': ['random.randint', 'msg', 0, 'send_safe', [], 'compress'], 'keywords': [], 'hasInputs': False}"
learn_python3_spider-mastermessage.py,"{'type': 'function_call', 'line': 1150, 'name': 'ctx.legacy_bulk_insert', 'args': ['random.randint', 'msg', 0, 'safe', ['doc'], 'compress'], 'keywords': [], 'hasInputs': False}"
learn_python3_spider-mastermessage.py,"{'type': 'function_call', 'line': 1634, 'name': 'listeners.publish_command_start', 'args': ['cmd', 'db', 'random.randint', 'sock_info.address'], 'keywords': [], 'hasInputs': False}"
learn_python3_spider-mastermessage.py,"{'type': 'function_call', 'line': 1649, 'name': 'listeners.publish_command_failure', 'args': ['findfind', 'failure', 'name', 'random.randint', 'sock_info.address'], 'keywords': [], 'hasInputs': False}"
learn_python3_spider-mastermessage.py,"{'type': 'function_call', 'line': 1668, 'name': 'listeners.publish_command_success', 'args': ['findfind', 'result', 'name', 'random.randint', 'sock_info.address'], 'keywords': [], 'hasInputs': False}"
learn_python3_spider-mastertopology.py,"{'type': 'function_def', 'line': 224, 'name': 'select_server', 'args': ['self', 'selector', 'server_selection_timeout', 'address'], 'defaults': [None, None], 'return': 'random.choice', 'returnArgs': ['self.select_servers', 'selector', 'server_selection_timeout', 'address']}"
learn_python3_spider-masterauth.py,"{'type': 'variable', 'line': 330, 'name': 'md5hash', 'value': None, 'valueSrc': 'hashlib.md5', 'isInput': False, 'args': []}"
learn_python3_spider-masterauth.py,"{'type': 'variable', 'line': 340, 'name': 'md5hash', 'value': None, 'valueSrc': 'hashlib.md5', 'isInput': False, 'args': []}"
python-devicecloud-mastercookbook_streams.py,"{'type': 'variable', 'line': 31, 'name': 'deviation', 'value': None, 'valueSrc': 'random.randint', 'isInput': False, 'args': [0, 86400]}"
appengine-flask-skeleton-master__init__.py,"{'type': 'variable', 'line': 85, 'name': 'h', 'value': None, 'valueSrc': 'hashlib.md5', 'isInput': False, 'args': []}"
