algorithm implementation,8
application,333
boilerplate,55
book,15
browser extension,120
chatbot,5
compiler,841
console application,23
desktop application,8
django application,48
e-commerce,4519
framework,674
game,58
image-analysis,16
irc bot,36
library,503
module,93
package,73
pdf crawler,3
script,1
sdk,1244
service,70
software,20
template,1
tool,218
tutorial,264
web application,111
web crawler,935
web interface,20
web server,35
web service,2343
website,2223
website backend,992
website generator,153
