15-minute-apps-master,0
2019_Python_Web_Dev-master,4
AmazonDjangoShop-master,1
AndroidGCMTutorial-master,0
Amazon-Flipkart-Price-Comparison-Engine-master,0
API-EZTV.it-master,0
AsyncAWS-master,0
Automatic_tagging_of_clothing_in_E-Commerce-master,0
ArchiveBot-master,0
BizzMe-master,2
Building-Serverless-Python-Web-Services-with-Zappa-master,2
Bus-Reservation-System-master,4
Building-RESTful-Python-Web-Services-master,0
Big-Basket-Delivery-Slots-master,0
BillCipher-master,0
Comparative-Analysis-Review-System-master,0
Catsup-master,0
CCXTSharp-master,0
COVID-19-Greece-master,0
Cactus_Refactored-master,0
Django-E-Commerce-master,7
Django-Ecommerce-master,2
DataSciencePython-master,0
Dynatrace-hybris-eCommerce-Fastpack-master,0
Deeplack-master,0
Django-eCommerce-tutorial-manascode-master,0
E-Commerce-API-Python-master,23
E-Commerce-Condiments-shop-master,2
E-Commerce-Website-master,7
E-Commercial-Sites-Scrappers-master,4
E-commerce-Site-Created-Using-Django-1.11.1-master,3
Emotion-Analysis-master,1
EcommDB-master,0
Ecommerce-Product-price-monitoring-tool-using-Data-Analytics-Web-scraping-master,0
E-commerce-Website-CS50--master,0
Eel-master,0
EWSWrapper_py-master,0
Flask-Building-Python-Web-Services-master,57
Flask-MonitoringDashboard-master,4
Flask-Scaffold-master,3
Frobshop-master,1
FreeDiscovery-master,0
FlaskApiEcommerce-master,0
GeoHealthCheck-master,0
GithubSpeedUp-master,0
GarminPlotter-master,0
Hands-On-RESTful-Python-Web-Services-Second-Edition-master,9
HawkScan-master,0
HanTTS-master,0
ImitationTmall_Django-master,3
Instagram-Crawler-master,5
Insecure-Firebase-Exploit-master,0
InAppPy-master,0
J-Kart-master,1
Juxtaposition-Generator-master,0
Kart-master,4
KindleEar-master,2
KeenClient-Python-master,0
Lexos-master,1
Look4Face-master,1
LinkedRW-master,0
MicroSite-master,1
Mini-E-commerce-webapp-dummy--master,1
MyAwesomeCart-master,1
MyFlaskTutorial-master,0
MachineLearning-DeepLearning-NLP-LeetCode-StatisticalLearningMethod-TensorFlow-master,0
MechanicalSoup-master,0
Nuitka-develop,15
OWSLib-master,0
PyFlask_2k18-master,1
Python-Django-Complete-Real-Estate-Website-master,9
PyFlooder-master,0
Phishing-Email-Address-Generator-master,0
PyExPool-master,0
Python-CleanArchitecture-Example-master,0
Product-Info-tool-master,0
PyDSWS-master,0
Rest-Shop-master,2
Redfin-master,0
RoboBull-master,0
Rakathon-master,0
SFECommerce-master,2
Spider-master,0
Scraping-Jumia-Ecommerce-master,0
Security-Headers-master,0
SUPERKART-master,0
ShopCrawler-master,0
Try-Django-1.11-master,3
Tor_Spider-master,0
TankGame-master,0
The-Python-Graph-Gallery-master,0
TCIA-Python3-Downloader-Menu-3.1,0
Tor2web-master,0
UdemyCourseGrabber-master,0
Variable-Delivery-Cost-Finder-master,0
Wooey-master,2
Web-Scraping-master,0
Web-Scraping-using-Beautiful-Soup-master,0
Web2Executable-master,0
Webshell-Sniper-master,0
Web-Scrapping-E-commerce-websites-master,0
ZeroNet-py3,0
addons-server-master,6
app-service-web-python-get-started-master,1
appengine-flask-skeleton-master,2
appier-master,3
archweb-master,1
asyncmicroservices-master,1
alexandra-master,0
ansible-django-stack-master,0
augur-master,0
app-service-web-python-manage-master,0
amazon-reviews-analysis-master,0
aws_py-master,0
adyen-python-online-payments-master,0
apodo-master,0
appdaemon-dev,0
aws-serverless-shopping-cart-master,0
appdailysales-master,0
atheme-web-master,0
awis-master,0
beg-django-e-commerce-master,5
boto-develop,7
buyandsell-master,1
beamer-snippets-master,0
bitcurator-access-webtools-master,0
brother_ql_web-master,0
baidu-maps-services-python-master,0
bb-slotter-master,0
bballfast-master,0
bioservices-master,0
book_scraper_python-master,0
blogofile-plugins,0
braspag-master,0
ccxt-master,15
chapullmarket-master,1
cp-barebone-movie-app-final-master,1
cfn-pyplates-master,0
cookiecutter-aws-sam-python-master,0
city-scrapers-main,0
cartoonify-master,0
cassiopeia-master,0
comcast-bw-master,0
certsrv-master,0
create-aio-app-master,0
chipy.org-master,0
calllog211-master,0
cookiecutter-django-shop-master,0
crypto-whale-watching-app-master,0
certidude-master,0
chinese-ecommerce-monitoring-master,0
cntk-python-web-service-on-azure-master,0
dev-dash-dev-dash,1
django-calaccess-raw-data-master,1
django-chartit-master,1
django-crispy-forms-master,1
django-cron-master,2
django-ecommerce-wagtail-master,1
django-jquery-file-upload-master,1
django-machina-master,2
django-oscar-demo-master,4
django-oscar-master,2
django-rest-auth-master,1
django-salesman-master,1
django-schedule-master,2
django-tables2-master,2
django-tastypie-master,1
django-tutorial-master,1
django-tutorial-v2-master,1
djangocon_2015_talk-master,1
djangogirls-master,1
djangopackages-master,1
doorstep-master,4
django-simple-shop-master,0
django-avatar-master,0
django-auditlog-master,0
django-timezones-master,0
dpt-rp1-py-master,0
django-form-designer-master,0
django-basic-apps-master,0
django-friendship-master,0
django-oscar-pagseguro-master,0
django-stockroom-master,0
django-changuito-master,0
django-admin-bootstrapped-master,0
django-dtg-store-manager-master,0
dark-fantasy-hack-tool-master,0
django-notifications-master,0
django-rq-master,0
django-hvad-master,0
datastore-ndb-python-master,0
django-react-ecommerce-master,0
django-post_office-master,0
django_quiz-master,0
django-cors-headers-master,0
django-registration-master,0
django-recaptcha-develop-master,0
django-scheduler-develop,0
d6tflow-master,0
django-carrots-master,0
e-commerce-2_django-master,3
ecommerce-master,5
ecommerce_api-master,4
ecommerce_website_development-master,1
enlighten-master,1
eventbrite-master,22
exchangelib-master,1
export-archive-reddit-saved-master,2
email_extractor-master,0
evohome-client-master,0
excesizepy-master,0
eCommerce-Canada-API-Python-master,0
ebook-viewer-master,0
eyeD3-master,0
ella-master,0
ezpadova-master,0
e-commerce-web-scraper-master,0
eCommerce-Database-main,0
elimage-master,0
esky-master,0
face_merge_master-master,3
fapws2-master,2
flask-website-master,1
fosswebsite-master,3
face_recognition-master,0
flask-app-blueprint-master,0
featureserver-master,0
funda-scraper-master,0
flexx-master,0
flask-file-uploader-master,0
fedoralovespython.org-master,0
falcon-master,0
gae-secure-scaffold-python3-master,1
grabfeed-master,0
google-maps-services-python-master,0
genderize-master,0
hydroshare-develop,3
hyde-master,0
hendrix-master,0
howtopython.org-master,0
httplib2-master,0
ipython-master,0
ibptws-master,0
inscriptis-master,0
ivy-master,0
idempierewsc-python-master,0
is_wordpress-master,0
jquery.pyproxy-master,0
joeahand-master,0
k8s-tutorial-python-master,1
key-presser-via-python-server-master,0
lbry-sdk-master,4
lead_manager_react_django-master,1
learn_python3_spider-master,4
loggers-master,0
librato-python-web-master,0
ldapcherry-master,0
mep-django-master,3
merchant-master,4
minimal-django-file-upload-example-master,4
mollyproject-master,1
movie-center-master,3
moviegeek-master,1
major-scrapy-spiders-master,0
mindboggle-master,0
microblog-master,0
morvanzhou.github.io-master,0
m.css-master,0
mtmonkey-master,0
moodle_api.py-master,0
myvariant.py-master,0
monkeylearn-python-master,0
nikola-master,0
nsepy-master,0
news-fetch-master,0
nycpython.com-master,0
netdnarws-master,0
onlineShop-master,1
opensale-master,3
oscar-wagtail-demo-master,1
openscoring-python-master,0
panel-master,5
pdf-miner-master,2
pepy-master,2
personfinder-master,2
pseudo-channel-master,3
pulumi-aws-master,44
pySphere-master,4
pyanalytics-master,1
python-for-entrepreneurs-course-demos-master,9
python-sitemap-master,2
python_webservices_library-master,6
python3-connect-rest-sample-master,0
pyspider-master,0
python-verisure-master,0
python-itunes-master,0
pyredminews-master,0
project-dream-team-three-master,0
python-tbk-master,0
project-dream-team-two-master,0
pythonnepal.github.io-source,0
pywebcopy-master,0
python-helpspot-master,0
python-rdio-master,0
python-awis-master,0
pywebsitechanges-master,0
price-of-chair-new-master,0
python-zhmcclient-master,0
pyacoustid-master,0
pets-master,0
python-cfdiclient-master,0
pywps-master,0
pycsw-master,0
python-master,0
prices-master,0
python-allrecipes-master,0
phish-ai-api-master,0
py-gsxws-master,0
pytrth-master,0
pinax-stripe-master,0
python-ftr-master,0
pyaiot-master,0
practNLPTools-lite-master,0
python-vuforia-master,0
python-selenium-scrap-bs4-master,0
pyFCC-master,0
pastey-master,0
prosopopee-master,0
python-web-scraping-tutorial-master,0
python-media-crawler-master,0
pythoncommerce-master,0
python-bulk-email-verifier-master,0
pyspread-master,0
pacu-master,0
python-atws-master,0
pyews-master,0
python-plantuml-master,0
pycv-master,0
python-amazon-mws-develop,0
py-parsehub-master,0
pbtk-master,0
python-devicecloud-master,0
picoweb-master,0
pywebdriver-master,0
prestapyt-master,0
rasa-site-bot-master,2
reconspider-master,0
renrenPhotosBackup-master,0
restfull-web-service-python-tornado-master,0
redis-hashring-master,0
rdio-python-master,0
requests-racer-master,0
requests-aws4auth-master,0
robostrippy-master,0
rest_gae-master,0
robotcar-dataset-sdk-master,0
saleor-custom-master,3
saleor-master,22
shuup-master,4
simple_ecommerce-master,1
site-master,3
social-commerce-project-master,1
soul-manga-master,1
swish-python-master,0
sci-wms-master,0
serverless-automated-ui-testing-master,0
scraping-microservice-java-python-rabbitmq-master,0
security-growler-master,0
suds-master,0
simpleauth-master,0
skill-sample-python-petmatch-master,0
smoketest-master,0
simpleeditions-master,0
slickr-master,0
speed-camera-master,0
scrapenhl2-master,0
santricity-webapi-pythonsdk-master,0
scrapy-spiders-master,0
shoppingcart-master,0
simplenote.py-master,0
scrapy-flask-imdb-python-master,0
shadowreader-master,0
shopify_django_app-master,0
satchless-master,0
sephora_scrapy-master,0
twitter-for-bigquery-master,2
terminal-leetcode-master,0
tcp-streaming-multicast-server.client-webcam-master,0
tornado-aws-master,0
thefuck-master,0
toopher-python-master,0
us-sales-tax-rates-master,0
vision-web-service-master,0
vidscraper-develop,0
video-service-flask-master,0
wagtail-snipcart-master,1
wagtail-torchbox-master,1
websauna-master,1
webservice-py-master,4
weshop-master,2
white-master,5
wtfpython-web-master,1
wsgiservice-master,0
watson-framework-master,0
websockify-master,0
warp-master,0
webkiller-master,0
wigle-master,0
weatherlink-python-master,0
wtss.py-master,0
weiquncrawler-master,0
webshotter-master,0
wishlists-master,0
whitenoise-master,0
websitecreator-master,0
weighted-raster-overlay-service-toolbox-master,0
waterbutler-develop,0
wappalyzer-python-master,0
zinc-python-master,0
zester-master,0
