15-minute-apps-master,2
2019_Python_Web_Dev-master,2
Amazon-Flipkart-Price-Comparison-Engine-master,2
AmazonDjangoShop-master,1
AndroidGCMTutorial-master,5
ArchiveBot-master,6
AsyncAWS-master,1
Automatic_tagging_of_clothing_in_E-Commerce-master,1
API-EZTV.it-master,0
Big-Basket-Delivery-Slots-master,1
BillCipher-master,4
BizzMe-master,2
Building-RESTful-Python-Web-Services-master,2
Building-Serverless-Python-Web-Services-with-Zappa-master,3
Bus-Reservation-System-master,12
CCXTSharp-master,1
Cactus_Refactored-master,2
Catsup-master,5
Comparative-Analysis-Review-System-master,1
COVID-19-Greece-master,0
Django-E-Commerce-master,12
Django-Ecommerce-master,2
Django-eCommerce-tutorial-manascode-master,1
Dynatrace-hybris-eCommerce-Fastpack-master,2
DataSciencePython-master,0
Deeplack-master,0
E-Commerce-API-Python-master,12
E-Commerce-Condiments-shop-master,3
E-Commerce-Website-master,12
E-Commercial-Sites-Scrappers-master,1
E-commerce-Site-Created-Using-Django-1.11.1-master,3
E-commerce-Website-CS50--master,1
EWSWrapper_py-master,1
Ecommerce-Product-price-monitoring-tool-using-Data-Analytics-Web-scraping-master,1
Eel-master,4
Emotion-Analysis-master,3
EcommDB-master,0
Flask-Building-Python-Web-Services-master,2
Flask-MonitoringDashboard-master,2
Flask-Scaffold-master,6
FlaskApiEcommerce-master,4
FreeDiscovery-master,4
Frobshop-master,1
GarminPlotter-master,1
GeoHealthCheck-master,4
GithubSpeedUp-master,1
HanTTS-master,1
Hands-On-RESTful-Python-Web-Services-Second-Edition-master,2
HawkScan-master,4
ImitationTmall_Django-master,5
Instagram-Crawler-master,2
Insecure-Firebase-Exploit-master,0
InAppPy-master,0
J-Kart-master,4
Juxtaposition-Generator-master,1
Kart-master,6
KeenClient-Python-master,3
KindleEar-master,10
Lexos-master,6
LinkedRW-master,4
Look4Face-master,5
MachineLearning-DeepLearning-NLP-LeetCode-StatisticalLearningMethod-TensorFlow-master,1
MechanicalSoup-master,3
MicroSite-master,4
Mini-E-commerce-webapp-dummy--master,1
MyAwesomeCart-master,1
MyFlaskTutorial-master,0
Nuitka-develop,9
OWSLib-master,5
Product-Info-Crawler-master,1
PyDSWS-master,2
PyExPool-master,3
PyFlask_2k18-master,2
Python-Django-Complete-Real-Estate-Website-master,12
PyFlooder-master,0
Phishing-Email-Address-Generator-master,0
Python-CleanArchitecture-Example-master,0
Rakathon-master,2
Redfin-master,1
Rest-Shop-master,3
RoboBull-master,3
SFECommerce-master,2
ShopCrawler-master,3
Spider-master,0
Scraping-Jumia-Ecommerce-master,0
Security-Headers-master,0
SUPERKART-master,0
TankGame-master,4
Tor2web-master,4
Tor_Spider-master,1
Try-Django-1.11-master,3
The-Python-Graph-Gallery-master,0
TCIA-Python3-Downloader-Menu-3.1,0
UdemyCourseGrabber-master,2
Variable-Delivery-Cost-Finder-master,1
Web-Scraping-master,2
Web-Scrapping-E-commerce-websites-master,1
Web2Executable-master,6
Webshell-Sniper-master,2
Wooey-master,5
Web-Scraping-using-Beautiful-Soup-master,0
ZeroNet-py3,6
addons-server-master,12
amazon-reviews-analysis-master,1
app-service-web-python-get-started-master,2
appdaemon-dev,8
appengine-flask-skeleton-master,6
appier-master,5
archweb-master,5
asyncmicroservices-master,1
atheme-web-master,2
augur-master,6
awis-master,1
aws-serverless-shopping-cart-master,1
aws_py-master,2
alexandra-master,0
ansible-django-stack-master,0
app-service-web-python-manage-master,0
adyen-python-online-payments-master,0
apodo-master,0
appdailysales-master,0
bballfast-master,1
beg-django-e-commerce-master,5
bioservices-master,5
bitcurator-access-webtools-master,3
blogofile-plugins,4
boto-develop,8
braspag-master,1
brother_ql_web-master,3
buyandsell-master,1
beamer-snippets-master,0
baidu-maps-services-python-master,0
bb-slotter-master,0
book_scraper_python-master,0
calllog211-master,7
cartoonify-master,4
cassiopeia-master,5
ccxt-master,5
certidude-master,6
certsrv-master,1
chapullmarket-master,2
chipy.org-master,3
city-scrapers-main,2
cntk-python-web-service-on-azure-master,2
cookiecutter-django-shop-master,2
cp-barebone-movie-app-final-master,1
create-aio-app-master,1
crypto-whale-watching-app-master,3
cfn-pyplates-master,0
cookiecutter-aws-sam-python-master,0
comcast-bw-master,0
chinese-ecommerce-monitoring-master,0
d6tflow-master,2
dark-fantasy-hack-tool-master,1
datastore-ndb-python-master,5
dev-dash-dev-dash,2
django-admin-bootstrapped-master,2
django-auditlog-master,3
django-avatar-master,2
django-basic-apps-master,2
django-calaccess-raw-data-master,3
django-changuito-master,1
django-chartit-master,4
django-cors-headers-master,1
django-crispy-forms-master,4
django-cron-master,2
django-dtg-store-manager-master,3
django-ecommerce-wagtail-master,2
django-form-designer-master,1
django-friendship-master,1
django-hvad-master,3
django-jquery-file-upload-master,2
django-machina-master,5
django-notifications-master,1
django-oscar-demo-master,1
django-oscar-master,3
django-post_office-master,2
django-react-ecommerce-master,1
django-recaptcha-develop-master,1
django-rest-auth-master,4
django-rq-master,2
django-salesman-master,4
django-schedule-master,3
django-scheduler-develop,2
django-simple-shop-master,3
django-stockroom-master,2
django-tables2-master,5
django-tastypie-master,3
django-tutorial-v2-master,2
djangocon_2015_talk-master,2
djangogirls-master,8
djangopackages-master,5
doorstep-master,5
dpt-rp1-py-master,2
django-timezones-master,0
django-oscar-pagseguro-master,0
django-tutorial-master,0
django_quiz-master,0
django-registration-master,0
django-carrots-master,0
e-commerce-2_django-master,6
e-commerce-web-scraper-master,2
eCommerce-Database-main,10
ebook-viewer-master,3
ecommerce-master,8
ecommerce_api-master,4
ecommerce_website_development-master,2
elimage-master,2
ella-master,4
enlighten-master,5
esky-master,4
eventbrite-master,13
evohome-client-master,2
exchangelib-master,4
eyeD3-master,4
ezpadova-master,4
email_extractor-master,0
excesizepy-master,0
eCommerce-Canada-API-Python-master,0
export-archive-reddit-saved-master,0
face_merge_master-master,3
face_recognition-master,2
falcon-master,6
fapws2-master,2
featureserver-master,5
flask-app-blueprint-master,2
flask-website-master,2
flexx-master,6
fosswebsite-master,4
funda-scraper-master,0
flask-file-uploader-master,0
fedoralovespython.org-master,0
gae-secure-scaffold-python3-master,1
google-maps-services-python-master,1
grabfeed-master,1
genderize-master,0
hendrix-master,7
hyde-master,4
hydroshare-develop,8
howtopython.org-master,0
httplib2-master,0
ibptws-master,1
idempierewsc-python-master,1
inscriptis-master,2
ipython-master,8
is_wordpress-master,1
ivy-master,5
joeahand-master,3
jquery.pyproxy-master,1
k8s-tutorial-python-master,1
key-presser-via-python-server-master,1
lbry-sdk-master,6
ldapcherry-master,1
lead_manager_react_django-master,2
learn_python3_spider-master,13
librato-python-web-master,5
loggers-master,2
m.css-master,5
major-scrapy-spiders-master,1
mep-django-master,6
merchant-master,6
microblog-master,2
mindboggle-master,6
minimal-django-file-upload-example-master,1
mollyproject-master,6
moodle_api.py-master,1
morvanzhou.github.io-master,1
movie-center-master,2
moviegeek-master,4
mtmonkey-master,1
myvariant.py-master,0
monkeylearn-python-master,0
news-fetch-master,1
nikola-master,7
nsepy-master,1
nycpython.com-master,1
netdnarws-master,0
onlineShop-master,1
opensale-master,5
openscoring-python-master,2
oscar-wagtail-demo-master,2
pacu-master,5
panel-master,3
pbtk-master,4
pdf-miner-master,2
personfinder-master,7
pets-master,1
picoweb-master,2
pinax-stripe-master,2
practNLPTools-lite-master,3
prestapyt-master,1
price-of-chair-new-master,3
project-dream-team-three-master,1
project-dream-team-two-master,1
prosopopee-master,1
pulumi-aws-master,2
py-gsxws-master,2
pySphere-master,6
pyacoustid-master,2
pyaiot-master,4
pyanalytics-master,2
pycsw-master,4
pycv-master,2
pyredminews-master,2
pyspider-master,6
pyspread-master,4
python-allrecipes-master,1
python-amazon-mws-develop,1
python-atws-master,3
python-bulk-email-verifier-master,1
python-devicecloud-master,2
python-for-entrepreneurs-course-demos-master,1
python-ftr-master,2
python-master,2
python-media-crawler-master,3
python-plantuml-master,2
python-selenium-scrap-bs4-master,1
python-tbk-master,2
python-verisure-master,1
python-zhmcclient-master,6
python_webservices_library-master,1
pythoncommerce-master,1
pytrth-master,1
pywebcopy-master,4
pywebdriver-master,1
pywebsitechanges-master,1
pywps-master,4
python3-connect-rest-sample-master,0
python-itunes-master,0
python-sitemap-master,0
pythonnepal.github.io-source,0
python-helpspot-master,0
python-rdio-master,0
python-awis-master,0
python-cfdiclient-master,0
prices-master,0
phish-ai-api-master,0
python-vuforia-master,0
pyFCC-master,0
pastey-master,0
python-web-scraping-tutorial-master,0
pseudo-channel-master,0
pepy-master,0
pyews-master,0
py-parsehub-master,0
rasa-site-bot-master,3
rdio-python-master,2
reconspider-master,4
redis-hashring-master,1
renrenPhotosBackup-master,2
requests-racer-master,3
rest_gae-master,1
restfull-web-service-python-tornado-master,1
robostrippy-master,1
requests-aws4auth-master,0
robotcar-dataset-sdk-master,0
saleor-custom-master,6
saleor-master,5
santricity-webapi-pythonsdk-master,3
sci-wms-master,2
scrapenhl2-master,4
security-growler-master,2
shadowreader-master,3
shopify_django_app-master,1
shuup-master,8
simple_ecommerce-master,1
simpleauth-master,1
simplenote.py-master,4
site-master,2
slickr-master,1
social-commerce-project-master,2
soul-manga-master,3
speed-camera-master,4
suds-master,2
swish-python-master,1
serverless-automated-ui-testing-master,0
scraping-microservice-java-python-rabbitmq-master,0
skill-sample-python-petmatch-master,0
smoketest-master,0
simpleeditions-master,0
scrapy-spiders-master,0
shoppingcart-master,0
scrapy-flask-imdb-python-master,0
satchless-master,0
sephora_scrapy-master,0
terminal-leetcode-master,4
thefuck-master,4
toopher-python-master,2
tornado-aws-master,1
twitter-for-bigquery-master,6
tcp-streaming-multicast-server.client-webcam-master,0
us-sales-tax-rates-master,1
video-service-flask-master,3
vidscraper-develop,3
vision-web-service-master,1
wagtail-snipcart-master,2
wagtail-torchbox-master,3
wappalyzer-python-master,1
waterbutler-develop,5
watson-framework-master,1
weatherlink-python-master,2
webkiller-master,3
websauna-master,7
webservice-py-master,2
websockify-master,4
weiquncrawler-master,4
weshop-master,2
white-master,3
whitenoise-master,2
wishlists-master,3
wtfpython-web-master,1
wsgiservice-master,0
warp-master,0
wigle-master,0
wtss.py-master,0
webshotter-master,0
websitecreator-master,0
weighted-raster-overlay-service-toolbox-master,0
zester-master,1
zinc-python-master,1
